obs,panel_month,actual_quote_date,exact_calendar_first_of_month,M3,M6,M9,M12,M15,M18,M21,M24,M30,M36,M48,M60,M72,M84,M96,M108,M120
1972M01,1972-01,1972-01-03,False,3.74417094447176,4.023316902262389,4.2061167993347075,4.256194352351723,4.476206678819185,4.555447355042864,4.716867734358519,4.840568055464894,5.029357803405933,5.255967490070742,5.2395038055934275,5.526723534688915,5.8157459779681595,5.902850189742051,5.9022332181317285,5.901616246521405,5.926689541719586
1972M02,1972-02,1972-02-01,True,3.418180209503248,3.83639460975147,4.0765776170471355,4.219707248341291,4.507696813206173,4.635899160608736,4.734206455917275,4.82809985433,5.157254728770858,5.555749406532977,5.5022720527634315,5.7597167888100245,5.975460460243356,6.010969498541286,6.026001905434524,6.041034312327762,6.07667799403248
1972M03,1972-03,1972-03-01,True,3.4037910847934656,3.8157642797010705,3.964440807891846,4.265378501334326,4.329073639095148,4.371633528697528,4.554831654320944,4.734543846042145,5.013694678663703,5.2296415423059575,5.464006410717456,5.637085995569041,5.87250763801919,5.9394075267829205,6.003684016006802,6.0679605052306815,6.260719517324863
1972M04,1972-04,1972-04-03,False,3.864641564433892,4.395541723825842,4.702781713054193,4.945893859275729,5.152162827472765,5.315772538335964,5.450285244415304,5.542461941204601,5.6673296025553155,5.798694025325444,6.037793402604795,6.037683165302255,6.161852564533401,6.141760385787036,6.1159480819194885,6.090135778051941,6.293791990303174
1972M05,1972-05,1972-05-01,True,3.6142477126650077,3.908968004930038,4.3453542677735175,4.471168527529324,4.532323628079663,4.707384980260003,4.902216746454074,5.084030117895543,5.301846015349341,5.493052237428793,5.804420151826074,5.7461174978166705,5.904093303064503,5.938100779106524,6.027947992837255,6.117795206567987,6.25094985624343
1972M06,1972-06,1972-06-01,True,3.863872810374998,4.283843406299062,4.508465607498083,4.704444559497055,4.715276495832727,4.8423002702990585,4.9534994632439,5.00974756365307,5.22756275479907,5.321021500183706,5.604377044455207,5.7359788386260995,5.924472643918551,5.944870252431936,5.993056342887922,6.041242433343907,6.275333594142994
1972M07,1972-07,1972-07-03,False,4.120979573041403,4.554429131938161,4.976875024391576,5.195812819736294,5.144069804955553,5.271202421931378,5.364907846816556,5.435827509454515,5.5507201566675795,5.636313373205483,5.8542814658065,5.90598840229469,6.053270403002455,6.017603922363692,5.996426336157144,5.975248749950596,6.002111580842729
1972M08,1972-08,1972-08-01,True,3.755365740444847,4.332248100954104,4.694911315619227,4.929123547399097,4.997506425529454,5.0658893036598105,5.16695075786497,5.278445384425522,5.440184141053061,5.654172451910597,5.869876255863553,5.888495479720878,6.030209020022931,6.0311114090324445,6.04442880103909,6.057746193045737,6.32455231604432
1972M09,1972-09,1972-09-01,True,4.574552222744715,5.053404259536928,5.224004630525329,5.472412323251813,5.483483600275652,5.499707698532734,5.547610087094926,5.616813808086503,5.709486389454999,5.865226642216273,6.104240532583468,6.085629314269546,6.21601060195019,6.391649743568781,6.405174469399241,6.418699195229702,6.465724450008474
1972M10,1972-10,1972-10-02,False,4.587425866474113,5.228981598029361,5.444938062067636,5.652149716966283,5.644112719636025,5.68854063308298,5.750817552677936,5.7675234483114854,5.737113358650533,5.9242872111145735,6.011641325376855,6.053943971942788,6.170006577310442,6.270880898134893,6.322414306453869,6.410623520398024,6.580411168337726
1972M11,1972-11,1972-11-01,True,4.7455398827562965,5.1878228048016775,5.38305225285402,5.5028314174258455,5.564658792938376,5.692191339535771,5.739227814780938,5.775379755511914,5.719908940952005,5.908088315159111,6.099877132770167,6.097915223671239,6.170964576272863,6.230002288405488,6.266250005686203,6.313467995921555,6.383654844720402
1972M12,1972-12,1972-12-01,True,4.965374513298427,5.285288370017985,5.393618305983395,5.41432900232422,5.366515747345237,5.530181295226195,5.670955203500895,5.642859111462345,5.763660652301935,5.809528686533553,6.005437057541905,6.006105771173367,6.039811681459998,6.105635311694129,6.158566764043291,6.246514273488961,6.327495204381285
1973M01,1973-01,1973-01-02,False,5.248761790204686,5.538791944138307,5.53870703295776,5.6649215049597075,5.761439463098817,5.85202367767199,6.06052017430369,5.9269158198137175,6.050608212170853,6.011872066836964,6.093925807766761,6.197094581647928,6.204619272152185,6.23902035699778,6.228507130056413,6.322115946501763,6.4080584943481265
1973M02,1973-02,1973-02-01,True,5.8241879841776365,6.065605867062378,5.931360184327474,6.255617145092527,6.285329063440276,6.284632762218706,6.255223319675365,6.281078021377915,6.302579273664914,6.387659345589524,6.471220752661254,6.419842762098204,6.410019422533907,6.382842338754389,6.3707057342371085,6.392792649125617,6.494423556111572
1973M03,1973-03,1973-03-01,True,5.875894555224253,6.274306558098851,5.988008277938231,6.4316700916242615,6.45452242503959,6.474141355993124,6.476527327561935,6.4835755018044585,6.530513956829348,6.585162302428843,6.614549530767993,6.578122463006579,6.5371255322879644,6.445602020726708,6.375973301206253,6.425458299783379,6.543909829794285
1973M04,1973-04,1973-04-02,False,6.572783854046649,6.91781915016129,6.795384904297537,6.993093996945706,6.914198979565596,6.902348444125154,6.875455735901144,6.820010344827598,6.829601307116008,6.701050468697193,6.6370577016444985,6.64428672280635,6.594314554168884,6.562887430219727,6.617509080729154,6.5452498704217295,6.59031783516265
1973M05,1973-05,1973-05-01,True,6.332677190920006,6.76491331691738,6.7309771773546565,6.734693692982094,6.710620383678266,6.670351107479844,6.674392871922316,6.66292071098715,6.639394785915298,6.674892433266742,6.555104206645021,6.601801705017802,6.569365032860509,6.606558460882848,6.666415238694009,6.521418921517225,6.560091993969805
1973M06,1973-06,1973-06-01,True,7.100042214394003,7.253280051532316,7.197203493203746,7.208943509744355,6.933637453256248,6.838548633220652,6.821069189141175,6.750749231806907,6.722377797910912,6.649390447223727,6.55355081075451,6.598400474017163,6.542214389264214,6.705239396963597,6.715104631637987,6.850626863086726,6.85222557084159
1973M07,1973-07,1973-07-02,False,8.00896513454597,8.165767319019045,8.037144685836905,8.072389276139754,7.674675574865781,7.496640621928319,7.1562784972552045,7.099701255538019,7.010098437750875,6.992870713517404,6.8403894473611935,6.811808179071087,6.703767506874132,7.019378972603669,6.9062313671628575,6.841503407815205,6.8572102703928
1973M08,1973-08,1973-08-01,True,8.539194909679617,8.741039997081506,8.675139786787916,8.67577822839093,8.539338135050617,8.291243183790572,8.071633414585923,8.038953549803477,7.962468336715458,7.88327388569805,7.915792193480518,7.705123048549568,7.371894154545003,7.436941637978485,7.361644419721644,7.319599230563051,7.316919672265162
1973M09,1973-09,1973-09-04,False,8.821562642994708,9.008647873179617,8.482307937443682,8.563184579223304,8.029778210936666,7.687272925886707,7.59940721409936,7.601581240961884,7.398320307633531,7.2352587857471535,7.127462012039709,6.988047599094349,6.848674445397575,7.09597017007322,7.094270237864691,7.060077979208103,6.999407501731728
1973M10,1973-10,1973-10-01,True,7.167448240156079,7.782897752670667,7.781353101931727,7.749366393223103,7.260234439054431,7.016793303528582,6.921620293949553,6.71189434326473,6.6553371099422565,6.640963151686366,6.663235536309596,6.5705083959004025,6.579928225996377,6.694620400176508,6.727533698983258,6.775068120817954,6.7363109966196895
1973M11,1973-11,1973-11-01,True,7.608444092195595,7.732853766140985,7.698159098732312,7.2574001053170925,6.876991097945952,6.80498157921895,6.737616209605932,6.823075021722103,6.745819917408806,6.718159064586134,6.697107377386834,6.662129677822066,6.692560672300439,6.662688652195589,6.502802104886913,6.497284689136825,6.562706965130294
1973M12,1973-12,1973-12-03,False,7.541217731365305,7.844408519277689,7.899782746014907,7.4429077425025465,6.8419165234872255,6.841333810873576,6.831572965495497,6.728895822107385,6.693675794578824,6.653864955457102,6.679537558059434,6.662707929005161,6.765194326376633,6.615309030408834,6.421708304841134,6.482030574735155,6.558742613220433
1974M01,1974-01,1974-01-02,False,7.664228039162269,7.7463038873831325,7.468057165715769,7.21803112202034,7.063316004396865,7.032357916330377,6.550641386781443,6.336361565916353,6.733004151806217,6.678469754950522,6.682899848807315,6.717701854134884,6.699596324733567,6.6777860304924515,6.631188285419731,6.689149499325111,6.761431629012702
1974M02,1974-02,1974-02-01,True,7.434539909391313,7.245738084977929,7.202701539110956,6.71033522611626,6.601502020730518,6.621257038368709,6.1093190870396015,6.399144896182321,6.606785326994793,6.6528511252842994,6.676617771395856,6.7060193146902485,6.761711873394866,6.661996938918952,6.866946171253173,6.893962928941168,6.898507785156519
1974M03,1974-03,1974-03-01,True,7.671817372176417,7.718285243534663,7.300996682597241,7.151291381793608,6.940525772332487,6.771049983676472,6.421000221536407,6.708476595502115,6.891695267023916,6.806377576235041,6.88202333786452,6.89710760195013,6.969296626891114,6.976343061236104,6.7290315483882726,6.752335988254663,6.775640428121054
1974M04,1974-04,1974-04-01,True,8.506677978096516,8.46752141543493,8.358099971608498,8.103455404985963,7.926477208947231,7.770898344447824,7.692284353699669,7.710188555477639,7.6326074147488185,7.610919577636769,7.506091337477337,7.443673696083643,7.533222473904963,7.428582948782489,7.122486069963683,7.068669306972669,7.0148525439816565
1974M05,1974-05,1974-05-01,True,8.9707910757038,8.979460794366148,8.907737781332706,8.648638835028592,8.599936110473214,8.528003529875978,8.296637502359408,8.158520802201096,8.116916850962765,7.965824335679911,7.959619738186112,7.912300393120347,7.853532388642965,7.746650664973205,7.442315514735311,7.346379632401846,7.250443750068382
1974M06,1974-06,1974-06-03,False,8.3221758240927,8.501540354688741,8.587739906709949,8.784605238334537,8.43230371783738,8.174959695132983,8.271163074524987,8.06629640246803,8.023181484476837,8.023401662175825,7.93026851279604,7.816814657264598,7.90741328067161,7.712789795545478,7.416634247825306,7.316597475904732,7.216560703984158
1974M07,1974-07,1974-07-01,True,7.803021492975164,8.162185451358797,8.468844938304205,8.67346053887774,8.342253528396009,8.205444405371678,8.382351066755637,8.21568857040575,8.322216451719902,8.205808778134847,8.205955663627494,8.115147978719712,8.109383347935653,7.62431521276095,7.421293787242517,7.376674976116758,7.332056164990999
1974M08,1974-08,1974-08-01,True,8.095213593882285,8.464030581300184,8.573528616544902,8.591947545943196,8.50312856991614,8.50950030923932,8.550391869200727,8.478877489866145,8.357193795332108,8.388329902503816,8.365495170823579,8.277698498197717,8.353308085170612,7.7537134559602965,7.620483659591281,7.534276408081045,7.448069156570808
1974M09,1974-09,1974-09-03,False,9.313235490249012,9.888994055189611,9.808342395788765,9.722558754521659,9.237035228817298,9.092826778214251,8.900665331592112,8.69746787683873,8.640514265067589,8.421724697721574,8.352606894639129,8.43475697243507,8.44124394057835,8.347468233800543,8.317119455495806,8.318650426170107,8.32018139684441
1974M10,1974-10,1974-10-01,True,6.69771566147423,7.88804675806946,8.38648959022294,8.397414669282476,8.104810768442611,8.054406723657085,8.001672308510816,8.165254913866207,7.806385067227276,7.903065695118859,7.947105281407363,7.888050559691393,8.009856843419184,7.806540008793701,7.9479474673827335,7.985070306921668,8.022193146460605
1974M11,1974-11,1974-11-01,True,7.942642622194114,8.030978621768742,7.944431931051302,7.7093637317989,7.610074022139308,7.635942762713858,7.612933119891591,7.7261795661090575,7.817951248913111,7.738709182886734,7.779777515353405,7.781915610507564,7.85280172491701,7.331875647352875,7.2767505425877355,7.221625437822597,7.196441639887374
1974M12,1974-12,1974-12-02,False,7.514973759224944,7.756331027668002,7.690003235039013,7.525486250863793,7.245853740302782,7.270759135081793,7.234280835694279,7.24235305447625,7.33123238306175,7.326285327532271,7.34008470648637,7.4031080400669245,7.574772003447519,7.612405764478742,7.348045730633588,7.083685696788435,6.951815056539175
1975M01,1975-01,1975-01-02,False,7.020660309933044,7.16687432933973,7.090973001332371,6.999127355843997,7.0503920124211,7.069876564044321,7.171230092861028,7.150709799501239,7.13641698491444,7.132992257994491,7.125811001183348,7.097100547637907,7.1627020247577295,7.184351901083192,7.140290477829287,7.114978368099453,7.08966625836962
1975M02,1975-02,1975-02-03,False,5.778504294255341,5.932952400579607,5.960047699155902,5.875691784117284,6.05520869361826,6.278397725842055,6.322567071279618,6.512932019766667,6.610360585262069,6.71371304277214,6.910464996416776,7.060215241785491,7.65983158080968,7.1711456280189685,7.033557854336318,6.915253881708862,6.854611802328231
1975M03,1975-03,1975-03-03,False,5.61769194226953,5.869512937522859,5.885800625466655,5.94317166186179,5.917622551343447,6.066527013766624,6.169140824464446,6.24529627159911,6.406291564566363,6.537366176620142,6.6484310642181494,6.967694544850701,7.223110639013627,6.998200164616765,6.9176722480238535,6.837144331430943,6.818076481082663
1975M04,1975-04,1975-04-01,True,5.6876725033870965,5.989695876266237,6.127058785716683,6.283964833091186,6.528998106431358,6.892693319274308,6.862535659498582,6.990251343212446,7.02470396449827,7.0725440567002655,7.2887369653449605,7.36411011632772,7.4994613790717635,7.226575790376731,7.295952381823698,7.365328973270663,7.434705564717628
1975M05,1975-05,1975-05-01,True,5.592309418154653,6.078833252680548,6.482481189769423,6.669642448816012,6.987852991177985,7.158425784404727,7.313656183998416,7.420779733376112,7.522125455190637,7.718071177246746,7.826585893114276,7.879859892050043,8.056142547175604,7.607716500523567,7.644297743899315,7.680878987275065,7.717460230650815
1975M06,1975-06,1975-06-02,False,5.314880686004068,5.57596287157847,5.853950267110668,5.989953508260016,6.279899536870241,6.481394310708987,6.751956282065338,6.775534695650311,6.933620553254176,7.086232907183669,7.280003910302446,7.407852510822985,7.648515211224789,7.809374822124793,7.803455422490274,7.7975360228557555,7.791616623221237
1975M07,1975-07,1975-07-01,True,6.078960718673353,6.404439983659371,6.547876488429213,6.781820273046163,6.892382417410882,6.9776763514155,7.113291808758006,7.151537456954443,7.163373068423276,7.359630740493274,7.667107994808241,7.612045370381375,7.720918989013843,7.344253998535779,7.309016339969651,7.273778681403523,7.238541022837396
1975M08,1975-08,1975-08-01,True,6.455742250665408,6.952025592638392,7.1412987834224975,7.235463317635471,7.329325674877482,7.365866172562995,7.555180885999574,7.658792761891561,7.627671962309231,7.857947802637777,7.817413085367593,7.879207219579591,7.978022725650727,8.054604894738356,8.056427961340011,8.058251027941667,8.060074094543321
1975M09,1975-09,1975-09-02,False,6.5218118913349,7.102994659412368,7.256093044140252,7.38746116814444,7.37811246175189,7.545502618672931,7.61601311087264,7.690838339249745,7.554998815326351,7.509488436194328,7.899391696993837,8.001257799092192,7.980895107318606,8.18013719084908,8.139744250021959,8.099351309194837,8.058958368367716
1975M10,1975-10,1975-10-01,True,6.617468713071739,7.168143258917642,7.440609858028717,7.534568184046078,7.505486963013092,7.711762281506504,7.879317017781089,7.957450572643704,8.032982329458624,7.990647463972253,8.041727005700338,8.112755479173742,8.195763106606812,8.322130053808003,8.297093545075207,8.272057036342414,8.247020527609617
1975M11,1975-11,1975-11-03,False,5.7342332963816345,5.900513420725054,6.092665119377778,6.218906513215295,6.464231809308993,6.736290095521541,6.847501370905462,6.977374718949128,7.201201259530486,7.136883614122959,7.290347936380077,7.586690672222636,7.672695795961946,7.791643049585496,7.81322656270443,7.8348100758233645,7.856393588942299
1975M12,1975-12,1975-12-01,True,5.6361294840871325,6.170819925466288,6.353091114894332,6.420868013880934,6.723866731693231,6.850696656290543,7.025785704537648,7.116664664378323,6.871501019372568,7.253435457363462,7.357699532123142,7.688450125281385,7.815279308797626,8.02453849447085,8.014499014116325,8.0044595337618,7.994420053407275
1976M01,1976-01,1976-01-02,False,5.282792551141884,5.6504088526512755,5.884205377023337,6.0551820810476045,6.304502632747863,6.443094315541935,6.585752512766094,6.66462502037123,6.462598322979618,6.913947711477128,7.289182543169274,7.376242136404178,7.4569883203052925,7.654871584605101,7.683710712896814,7.712549841188529,7.741388969480243
1976M02,1976-02,1976-02-02,False,4.833644355426695,5.16475958782427,5.39981659833801,5.562193607024208,5.830388405067865,6.032492055248587,6.210639452257833,6.338429632137876,6.240921331375553,6.831497966862077,7.19931455661873,7.390244951421927,7.478390403678416,7.760748085196339,7.751745015311079,7.74274194542582,7.733738875540559
1976M03,1976-03,1976-03-01,True,5.316978669615246,5.850850420232604,6.108829271934453,6.287593265910063,6.5166599010683095,6.696151579215622,6.74709685741883,6.860443706100765,7.002613955510525,7.217012193525389,7.346847699496209,7.457936054869767,7.475433228104378,7.733096098065653,7.72921897182623,7.725341845586807,7.721464719347384
1976M04,1976-04,1976-04-01,True,5.096001782877089,5.514157581284644,5.7985827486330885,6.077774095176998,6.229936725876524,6.402984262775371,6.537186975651308,6.654306345047307,6.806091893591998,7.007243593185532,7.128489043403169,7.310100894326032,7.366332456216962,7.569745651034183,7.567488051254745,7.565230451475307,7.562972851695868
1976M05,1976-05,1976-05-03,False,4.9868442920075475,5.424996888031391,5.721416326306262,5.937567804602483,6.165498282126077,6.3488643315643145,6.471122165177924,6.571871124240684,6.616726049169784,6.903141253019232,7.007210275529936,7.27085629586907,7.407587416230754,7.491514767154891,7.503665377550258,7.515815987945626,7.527966598340992
1976M06,1976-06,1976-06-01,True,5.637974974987643,6.054141048107183,6.347017538224617,6.551727981749182,6.7812901035207815,6.920677066690567,7.074293107826509,7.142304094807327,7.17637213456719,7.331932220606093,7.494616627140778,7.580236328266611,7.687886347449852,7.715522762831465,7.7659394000230435,7.816356037214621,7.862982696514617
1976M07,1976-07,1976-07-01,True,5.467485117630962,5.889826500407394,6.160939526474789,6.346562051849233,6.525030327131037,6.606091910094344,6.7978371439639345,6.921897621180964,7.000196775813642,7.109036275989402,7.241060564649092,7.483946958607072,7.5960410866496835,7.663027596236461,7.722516459522409,7.782005322808359,7.832249538146269
1976M08,1976-08,1976-08-02,False,5.242203253099542,5.602594467411829,5.837905737286421,5.997289153169356,6.234986670350526,6.390463624122239,6.693236978900307,6.62083192988985,6.79544600617348,6.87565664054208,7.1008055356819355,7.175690802353309,7.558716106350537,7.622458386629816,7.70175067491925,7.781042963208684,7.842794255194155
1976M09,1976-09,1976-09-01,True,5.174945532272059,5.475574391277931,5.6503525834654855,5.786669771577359,6.025814348327727,6.215517264806325,6.31185183693371,6.414387138000268,6.549603405783072,6.601262320507713,6.908041829063059,6.9112768433086975,7.285764618418964,7.378794063400687,7.479610787906764,7.5804275124128395,7.666513731754181
1976M10,1976-10,1976-10-01,True,5.139412746144428,5.394879796546656,5.523440394472813,5.640465130235354,5.842297104210999,5.990821042073248,6.079912341114702,6.1277790581497085,6.341921992718129,6.486362456042703,6.564060847497401,6.939472093457347,7.135645847674603,7.124162365129146,7.0656951144790066,7.364713183672109,7.54277301972134
1976M11,1976-11,1976-11-01,True,4.956026071418789,5.178445115949954,5.293262989023915,5.4278405796668485,5.635137579198579,5.818101442899991,5.893054841481494,5.919586232636419,6.166607434929997,6.212872131018581,6.543171447264033,6.707548914300905,6.969045780107557,7.116998142817882,7.234235554408615,7.3514729659993465,7.423540876879141
1976M12,1976-12,1976-12-01,True,4.477997552893055,4.6477486186187,4.764606024932739,4.8558607711267445,5.043339024425505,5.149280125834584,5.291870007522008,5.303026162713278,5.476385325209378,5.5562269792965555,6.396193818405867,5.9690618806450475,6.415845465367269,6.3247506896399175,6.424617067308977,6.890524808968657,7.12508743374126
1977M01,1977-01,1977-01-03,False,4.477594418476953,4.653402654763334,4.766459146243704,4.850741655070873,5.04217274803652,5.170615761512644,5.286857634356346,5.335520541632208,5.588496838327582,5.7272462122666035,5.724076564256035,6.265958837071531,6.4806208015753555,6.429666044148481,6.425445050840012,6.777612794646351,6.907224287806428
1977M02,1977-02,1977-02-01,True,4.817730374027069,5.13631906707253,5.346454307119491,5.54797673425191,5.814566413449728,5.9931347536196675,6.040844892261419,6.1323569968334715,6.333798464814304,6.53075356182269,6.7371180643736235,7.072873845556835,7.084676518473655,7.129572949976409,7.254224370107974,7.378875790239539,7.381547238730087
1977M03,1977-03,1977-03-01,True,4.776657394779496,5.08427696800013,5.3260637958633525,5.520203953515086,5.71537376883965,5.8134641483511995,5.980234527639256,6.044428188775093,6.216482759143801,6.453815335846323,6.783822888816338,6.771455019356545,7.14925810072965,7.242520098814728,7.353796823683405,7.46507354855208,7.451770575771668
1977M04,1977-04,1977-04-01,True,4.634227494139444,4.922549369847383,5.169571009569613,5.343062832232808,5.583093944400624,5.720064262861852,5.841347351881803,5.939650794959322,6.188770207486831,6.353347614089133,6.565529931956802,6.8162802055697735,7.058488200304352,7.101631958067118,6.816470385977462,6.735098695553443,6.713392068796946
1977M05,1977-05,1977-05-02,False,4.853315815421394,5.098765353259857,5.390905172914349,5.474921024517822,5.708966390157765,5.8573972029686185,6.01448404582682,6.05414631374461,6.232814427688378,6.335140331539185,6.673417713167182,6.869857494536065,7.031090047562159,7.23493292033584,7.339310779411619,7.443688638487396,7.400216194098955
1977M06,1977-06,1977-06-01,True,5.132155596505385,5.366208903944905,5.569528552140277,5.651352968065421,5.850147693226111,5.936967522836253,6.050611393574585,6.100963177756453,6.2355878415318,6.3510639168260274,6.649537665298445,6.730433272800868,6.949765204240231,7.143656471498449,7.256182528278182,7.363182645098839,6.946846985863431
1977M07,1977-07,1977-07-01,True,5.109216362513106,5.354262884335754,5.507575751286894,5.635410299414911,5.720350798729683,5.825095009379299,5.908744803520266,5.992979656914796,6.108047437582831,6.2087025845144534,6.336053863864261,6.590157537208818,6.804274889913001,6.991046203468594,7.103940134670986,7.201667554654254,7.1567654066014255
1977M08,1977-08,1977-08-01,True,5.4865987263282605,5.8363082808444835,5.954697390177831,6.109409320993155,6.116369644431446,6.236258259985745,6.334930541372681,6.408793623139088,6.498486637826975,6.511468015467386,6.7135184505556085,6.8995046690366255,7.012634605053851,7.241459464260054,7.317493168072629,7.354004121795407,7.381107603010803
1977M09,1977-09,1977-09-01,True,5.671407747068689,6.036929111353051,6.12570023464634,6.251350867607185,6.285239610219191,6.354857828043457,6.339257300923588,6.483217086792753,6.52151564988305,6.632690007496294,6.768753730010188,6.860993295869376,6.8728112200773825,6.989154466471625,7.13824847089448,7.226671484854719,7.2625400437175065
1977M10,1977-10,1977-10-03,False,6.148687654984601,6.443847940568894,6.523509446701885,6.584089846407195,6.570638537090026,6.642439847031039,6.633230164969421,6.729254126076993,6.783869210136411,6.801709140046763,6.79741530711789,7.038500338614121,7.016384509881969,7.148391024283702,7.259602692783443,7.313632971699219,7.343871785810426
1977M11,1977-11,1977-11-01,True,6.335438511123252,6.649587257898086,6.822940067063104,6.856004135311963,6.91387692952122,6.954597745435498,7.056343722710694,7.090917090298235,7.120965112747552,7.160196370330539,7.232407246170494,7.365261040686365,7.29044736311412,7.37252139448329,7.488769617859141,7.532024923423103,7.539978916835927
1977M12,1977-12,1977-12-01,True,6.148467293407161,6.559393919983923,6.703255758447549,6.743577040343901,6.7801708784765475,6.783704690686496,6.9289444662099315,7.004409402788844,7.006458303223613,7.096532371237194,7.1700215481469805,7.184269082608649,7.198248924974816,7.312829042748313,7.404053456103586,7.435883346782409,7.495023477158291
1978M01,1978-01,1978-01-03,False,6.316565860212512,6.638914468451442,6.779868567276784,6.868294559083048,6.91978283386834,6.941222754728978,7.0556408812996425,7.125487238557425,7.172063849910437,7.214895441078041,7.239304570162215,7.480578562415867,7.5036100917695014,7.570262681443461,7.694791016435655,7.711518093678197,7.758927614156002
1978M02,1978-02,1978-02-01,True,6.543390592302637,6.893788640855554,7.02292328182919,7.044016289260768,7.139021241146809,7.203939724573176,7.267083991063483,7.329147933439868,7.379189659250239,7.412494707051476,7.505230764741004,7.605474662171736,7.681364104893869,7.708116800738391,7.80064985343009,7.81959417664443,7.864350844629538
1978M03,1978-03,1978-03-01,True,6.553384032637865,6.925296071561249,7.065709058349706,7.147442897046181,7.17025397678241,7.268356566114317,7.343696992295174,7.444486611708092,7.484911351774539,7.567804178082524,7.666567521466086,7.74496963918529,7.7944734998722645,7.860619832827435,7.890077646399504,7.892861954571393,7.943737711741172
1978M04,1978-04,1978-04-03,False,6.513412830217927,6.892106727967542,7.1295249561324034,7.257570747918761,7.355884519623842,7.425496979777946,7.4859414528554895,7.536066342126153,7.5644217315255595,7.661056465115045,7.595234225944739,7.774912633320515,7.865789073619032,7.920418103362281,7.952275419484265,7.865560727635545,8.029706960181407
1978M05,1978-05,1978-05-01,True,6.526127079436796,7.0807361925240215,7.367806146831512,7.519147421888245,7.589724969179144,7.68170139539133,7.739288323307791,7.751438635683354,7.756583101562853,7.797065780500782,7.794820443413716,7.8608687201341105,7.956709296706868,8.014765687717142,8.079794139204777,8.083332869104352,8.118700471782466
1978M06,1978-06,1978-06-01,True,6.7533945988711706,7.356973008306316,7.593993844907463,7.767169442403987,7.883468850716531,7.901199241161623,7.941221441553728,7.949993511098629,7.942248856994865,7.978377164301811,8.023901662303263,7.8996822801962105,8.121379410494226,8.177066690376558,8.245013679750656,8.25971360230146,8.30053478714363
1978M07,1978-07,1978-07-03,False,7.182729208863233,7.585164471073233,7.9750223012916965,8.131499347077943,8.203491493969764,8.215322239929506,8.24363793249669,8.263557417627029,8.270730794460432,8.314190135772822,8.134467399309122,8.104981164177936,8.287678069843013,8.325229356078282,8.405817372635536,8.412493204350996,8.446012596257217
1978M08,1978-08,1978-08-01,True,6.998929747706001,7.540879978261181,7.9657778763292955,8.117790914221793,8.252968894158935,8.228240415222592,8.197871720795693,8.26138507027025,8.21014280416137,8.25361967718274,8.156805312603671,8.097917331099168,8.266389685254081,8.299730621027985,8.3115894911278,8.315183973389226,8.404845408443316
1978M09,1978-09,1978-09-01,True,7.867588173033393,7.993774138012622,8.178284748048455,8.277491869022011,8.23590807378612,8.284677753593234,8.169571676009365,8.302252377468914,8.202922303182238,8.152887126785345,8.178308696813417,8.17412849735942,8.153965051194046,8.246052050369542,8.142795163681518,8.168389593547577,8.199464776807067
1978M10,1978-10,1978-10-02,False,8.273653834752327,8.665439367411413,8.647307459762994,8.628539078271976,8.562270331293478,8.51681852996399,8.446194503152725,8.472077692521976,8.299707985576319,8.294651387553765,8.125882117935156,8.315326661751683,8.27999467654968,8.405001242761662,8.293036163422386,8.326389162259689,8.407929853211376
1978M11,1978-11,1978-11-01,True,9.031927694546347,9.632868033388252,9.687939430952069,9.555989495348147,9.391630828734215,9.22601243019214,9.049460126495019,9.181271206186898,9.006941129150723,8.898351849358917,8.688569495205055,8.39680757148973,8.459386940768338,8.44564122159519,8.411101927241017,8.360081463945923,8.4292745388565
1978M12,1978-12,1978-12-01,True,9.09387904188194,9.463924980794452,9.687943302166557,9.742013682010251,9.611247723577765,9.231551803885143,9.359113171631877,9.241436344098965,8.989755531207104,8.874699012040306,8.655818409388374,8.501320938839493,8.543347559171414,8.611190628141959,8.543410344482764,8.52367100759142,8.562955249695753
1979M01,1979-01,1979-01-02,False,9.67015681014334,9.887317225374058,10.289384668013522,10.29723559276413,10.23106072770175,10.035726571275443,9.967587185649158,9.717050567238513,9.658515350672696,9.411554111754711,9.15921783868978,9.053353286018684,8.900975053744387,8.974352006549193,8.773863931793601,8.857175113092733,8.903390014838083
1979M02,1979-02,1979-02-01,True,9.486819733664117,9.66651937135082,9.818935145883286,9.872107165796832,9.66325345068489,9.505613469152262,9.472611477475795,9.340075943849055,9.16548035576161,8.897270497918102,8.691754441646772,8.669563980799,8.624772705135504,8.73799025265717,8.696393838624013,8.668079207724038,8.69597617291873
1979M03,1979-03,1979-03-01,True,9.632761788691587,9.835907085832746,9.989491702255917,9.932073092305172,9.603542306279396,9.681097409332695,9.674708169272197,9.601870801443901,9.277323046901511,9.02384967771836,9.026374601772247,9.032919216276564,8.89183445691405,9.006998082648725,8.955443350528162,8.90901738510584,8.866166938528622
1979M04,1979-04,1979-04-02,False,9.758135471870343,9.860322234300586,9.900876999006545,9.725443997549476,9.544068820869912,9.512150965480004,9.531630238815131,9.447648061553826,9.289293887823003,9.07038018410445,8.751949020781197,8.922156756137316,8.801244160996498,8.885009175663601,8.87385989872015,8.865387625449122,8.818658773054775
1979M05,1979-05,1979-05-01,True,9.740783550877092,9.914910020286223,9.925827347026257,9.741136359763436,9.727555546478932,9.64834361586924,9.643827081857891,9.637776576629777,9.462918612010592,9.178395204451943,9.09355779250359,9.054644308000318,8.958631117101733,9.095475381430973,9.078787454128637,9.142966361357457,9.03555016427326
1979M06,1979-06,1979-06-01,True,9.75657015543279,9.771588133057536,9.660878227915092,9.29641682622669,9.365141479532149,9.366858122939869,9.365180932919447,9.299369635528324,9.050077396066147,8.811901428431595,8.795112180432124,8.748379093717803,8.674888871022787,8.806915393737858,8.798135410253378,8.845310654503459,8.849970554049568
1979M07,1979-07,1979-07-02,False,9.169255097579562,9.156855770665457,9.252168826638195,9.081609589704263,8.7497194671173,8.669993295632189,8.728290305964583,8.67150592533408,8.592987007946087,8.485018152260151,8.486592958409577,8.361392519037986,8.280256683218298,8.53582519716049,8.499687472761714,8.563590061596758,8.576776785283172
1979M08,1979-08,1979-08-01,True,9.379420558226188,9.579724482574896,9.600655146007007,9.390677168095657,9.221006911690592,9.048742447304255,9.050539481916733,8.984402048807564,8.74939738798,8.771983997181756,8.684188665430987,8.560686517030387,8.703031587715678,8.769368208446888,8.745466618535811,8.757215397031617,8.754057933499466
1979M09,1979-09,1979-09-04,False,10.284630550035722,10.371495273133187,10.428801149035117,10.320808800147004,10.08703827629587,9.873015229766661,9.70000293203886,9.695190255808317,9.47401589880726,9.369807207566245,9.153760013591988,8.945447860366992,9.089312934770586,9.10308483066517,9.034127886643853,9.012470036414141,8.99717120592785
1979M10,1979-10,1979-10-01,True,10.480283921697804,10.568325670127047,10.640550586341687,10.545543131860802,10.22917631741023,10.135886886445453,9.941279386812287,9.808477652190007,9.616247868578323,9.493159484135358,9.27638225061369,9.187192439884052,9.274852245826777,9.25882536214203,9.195407108707897,9.265648467770214,9.188931465275985
1979M11,1979-11,1979-11-01,True,12.40273856978273,12.619332551244089,12.744186391234615,12.303957074320879,11.954297232409198,11.756293526577757,11.695632060339033,11.668513993996408,11.253938833374857,11.238512581809715,10.860455691595023,10.614226852761801,10.642752457776544,10.564958213398208,10.413003316550741,10.449488002390666,10.399609744692563
1979M12,1979-12,1979-12-03,False,12.084571484061444,12.132623621432478,11.854854291019839,11.530519062228906,10.943040436268959,10.89998682060978,11.00338273646039,11.015856659925838,10.311109633955692,10.195932105317485,9.988786449930815,10.017466435074013,10.101796297079645,10.155940907271589,10.020554133536505,10.10396942497082,10.122586962017222
1980M01,1980-01,1980-01-02,False,12.460318119473895,12.495374069198148,11.820008384646478,11.461934048308613,11.061292355865868,11.0341643843587,11.043175695014089,10.94833675492571,10.52001221539091,10.268894060981006,10.291871692016812,10.111666982300594,10.205876234251097,10.183589312854798,9.95011774446556,10.092559935642159,10.188152644432229
1980M02,1980-02,1980-02-01,True,12.519169045445993,12.532311398946563,12.16743777693235,11.715022973442673,11.553840203788347,11.473986401225217,11.717680863300304,11.650931065015133,11.075385454320216,10.959400218206298,10.881960621765648,10.755669783993312,10.97943271949175,11.01351548559258,10.971744681798699,10.93250093010444,10.913533701813845
1980M03,1980-03,1980-03-03,False,15.542743950960327,15.320488395016286,14.986233432991483,14.94151377107818,14.471575897400593,14.301113831551335,14.323086018075317,14.219899130722688,13.759013986185959,13.186577755249623,12.791533936560725,12.45635107711241,12.651990661724872,12.376454901449389,12.077540309939803,12.255049089443416,12.127960337337948
1980M04,1980-04,1980-04-01,True,15.49148939540096,15.631824265908728,15.297828844825792,15.143133607064897,14.594289877586814,14.393444810675343,14.288819896023755,13.907581503193367,13.699524787946594,12.967520771539668,12.647892893181368,12.328115494361969,12.325068981943947,11.970652269742276,11.93836671079455,12.16329738620333,12.097306216389216
1980M05,1980-05,1980-05-01,True,10.567375276067622,10.737128785174095,10.76292826131396,10.599586733671279,10.226169509139535,10.390042406516464,10.45776802075531,10.360290954598607,10.05035959668735,10.088322935976944,10.00746821694971,9.948825631122526,10.133420492233931,10.274826051243155,10.332265190822977,10.40181994389363,10.313573177382878
1980M06,1980-06,1980-06-02,False,8.161289425632365,8.4193021088771,8.61405260533158,8.699087009960792,8.768316780940614,9.00910861836579,9.220276634887256,8.861504942065082,9.00518003105862,9.269370509607375,9.318229716881559,9.357606130216956,9.807397523929337,9.869581752938045,10.069693095619497,10.123418030433772,10.275221928598828
1980M07,1980-07,1980-07-01,True,8.16064606712913,8.172381291176036,8.333340251470647,8.391482313641026,8.543773680145796,8.597509726134863,8.84569611714003,8.748315213723314,8.972412557179723,9.061886888622038,9.245954061602873,9.247241482390175,9.46561932669938,9.595816840921572,9.773525941590682,9.86759010017669,9.874175885104753
1980M08,1980-08,1980-08-01,True,8.902394111466888,9.056339954340288,9.121792038745866,9.20425438159496,9.436653800190493,9.480903079139907,9.660549091780254,9.520725224342444,9.621324490312743,9.865157667780474,9.71251581873838,9.853925227387133,10.042867921018589,10.096621818233388,10.469859246450234,10.590023244924543,10.526312454595205
1980M09,1980-09,1980-09-02,False,10.063443245970536,10.382263036350336,10.547587029064593,10.677189794994181,10.794493502055468,11.047204361498501,10.87994605961503,10.789860235699807,10.858619345755454,10.915725928387188,10.852397303469633,11.075724297022907,11.086819359849951,10.879383667925541,10.930608497263918,11.003171453176051,11.041137770105609
1980M10,1980-10,1980-10-01,True,11.657138603003903,11.952651331969765,12.004644942501573,11.850267155432656,11.649781032080291,11.763564526079229,11.630732702336854,11.585555292609264,11.52980145830192,11.481034268669351,11.20167714508504,11.340376044875205,11.255230010700396,11.251197887161881,11.27489544378589,11.502738140601302,11.462892317690317
1980M11,1980-11,1980-11-03,False,13.614670585130623,13.805388189039283,13.624611994834728,13.553696704942924,12.963943395466575,12.850893993559664,12.890622140277582,12.726968405087879,12.398208676909455,12.262483422452377,12.1062290634604,12.20139002049536,12.038353323521095,11.902160357916884,12.007300938671522,12.103020779178037,11.984138990914852
1980M12,1980-12,1980-12-01,True,15.093986212431576,15.333183933729646,14.80128392104698,14.785513451206395,13.81535625255308,13.6846284029854,13.64372413627913,13.271986222024443,12.929492074544369,12.593008579889265,12.690296804940207,12.448406034914127,12.301643868479214,12.207778534850878,12.17239085603851,12.117083419531301,11.976461977817191
1981M01,1981-01,1981-01-02,False,15.07698405407068,14.59970606669532,14.09420073632698,13.542268858848255,12.717350615807568,12.68074884680309,12.560604487128426,12.416035462805377,12.136576774237815,12.045633668306968,12.000748788563346,11.819664938812538,12.006576590500053,11.890385624736822,11.929230079190187,11.694045438322796,11.622252178438925
1981M02,1981-02,1981-02-02,False,15.199185733170065,14.519366119705257,14.124558778797681,13.56713217076559,13.192953382499944,13.209659320067473,12.835871411782573,12.68914202739381,12.02192157487168,12.440776645009464,12.427640343187782,12.196907359529073,12.30692980906775,12.381366707324524,12.168654013329151,12.205878762011817,12.132464413605653
1981M03,1981-03,1981-03-02,False,14.948270215133846,14.887139577428263,14.414029994941604,14.260003358962866,13.525907347598448,13.462846287416031,13.392117170083312,13.398092276012402,13.196975486435521,13.311048483338062,13.209401087020783,12.617842852799422,13.143962820809909,13.088252539219262,12.838768194497261,12.919522201917491,12.850104409116147
1981M04,1981-04,1981-04-01,True,12.710637120746796,12.464131078118783,12.56642860539625,12.537356992771025,12.451014817179066,12.509437551133601,12.900832235133281,12.723902100389358,12.51720591344004,12.807894451234446,12.981001530301889,12.295504633610784,12.68189847184382,12.701899507970973,12.49358688122319,12.481581915261732,12.462928666529141
1981M05,1981-05,1981-05-01,True,15.131007821253927,14.745753451701168,14.705853504527758,14.489565703273625,14.428438706323071,14.00351358445322,14.285279664853007,14.159512575347701,13.722538168502169,13.806829720152452,13.804793427861892,13.521228008853123,13.454921915523425,13.549869442531861,13.381172104057516,13.346584613337601,13.241919575756695
1981M06,1981-06,1981-06-01,True,15.972777834027294,15.199390044938694,14.774697733198416,14.431793905721305,13.974112739402422,13.943964158519764,13.784566711684043,13.916459167017315,13.306208882438872,13.236170075996121,13.240703662663556,12.758810027019246,12.676003049840615,12.702054491746598,12.82404443999751,12.6166213476138,13.03239739544712
1981M07,1981-07,1981-07-01,True,15.10801242368816,15.022046396261334,14.76973030280776,14.491684702029916,14.128427093653778,14.374276078338621,14.572658211263564,14.257279683614692,13.525976334409718,13.80436577559984,13.62725846882836,13.245991447327924,13.320021758367218,13.223353091309036,13.25232320381729,13.23120926688903,13.605187512827893
1981M08,1981-08,1981-08-03,False,16.020837854283144,16.33481017074863,16.251351400734094,15.719791104727754,15.291858137710355,15.243904153666518,15.163007612140806,15.350890470647355,14.715449080543747,14.852019500051492,15.162887415821114,14.37532736564969,14.328268831186582,14.460258906407692,14.201255086996683,14.248267733697665,14.20352885311869
1981M09,1981-09,1981-09-01,True,16.072625696218378,16.492791875158776,16.531638520225577,16.174846402708663,16.120584335696364,16.256683206598257,16.268299741930708,15.661547839278173,15.335489089149018,15.62214331649477,15.066643749476219,14.720891621970948,14.827300396784818,14.751836295966298,14.54832592128964,14.535634091375648,14.654009941730889
1981M10,1981-10,1981-10-01,True,15.027477006306267,15.587666107021725,15.873800850839789,15.797303965486892,15.683288735033305,15.834905662330575,15.692303302442978,15.73675059168855,15.186803466733082,15.54087195474167,15.633751912225453,14.871957409771811,14.925171412984781,14.795878148888939,14.907684243701697,14.982790263586585,15.157727677951845
1981M11,1981-11,1981-11-02,False,13.025512402952677,13.450473579896274,13.671186826532638,13.712056257339558,13.850808427674,13.865139796775223,14.02144702480733,13.966100201957914,13.871641982366741,14.059666014211814,14.151120488769212,13.63410425996004,14.10233591259341,13.868145975795093,14.02664041434957,14.161520438553099,14.176143830979212
1981M12,1981-12,1981-12-01,True,10.768411322285324,11.421542420843105,11.615836396679407,11.756309609461917,12.064731436391469,11.83093616241507,11.873288565448824,11.859090280640535,12.127177176870378,12.174779156385407,12.476836773207182,13.109662023373275,13.086538271759252,12.58398393269343,12.814529282826706,12.921717184601883,12.835765630225024
1982M01,1982-01,1982-01-04,False,11.80451573705023,12.748689537937327,12.992942278504636,13.104889585418084,13.23924915841784,13.410258280349776,13.715372418185423,13.268297142402009,13.265058903041055,13.5047989619324,13.726972668513012,13.737021071556669,13.68176304962021,13.580995075067854,13.603724791489222,13.659535704516292,13.77117920399153
1982M02,1982-02,1982-02-01,True,14.20471012720084,14.52298280228295,14.689504677052364,14.544631785782755,14.268765011734072,14.42860322488194,14.371913291117092,14.514914022639324,14.226795767846598,14.15788906692974,14.275952062153285,13.756023684495014,13.97456057246305,13.748156338655784,13.87185768646337,14.02600204050529,14.12796142593485
1982M03,1982-03,1982-03-01,True,12.66702603445621,13.369736359222253,13.456621334812585,13.452172961095238,13.454902523429027,13.711231763231451,13.468830522389261,13.772238517399533,13.572890776827876,13.652075135533154,13.49618975063665,12.812782628545344,13.36289244135784,13.190316301218335,13.313250650002212,13.359273784356862,13.418073088188226
1982M04,1982-04,1982-04-01,True,13.618545183198517,13.674290622566579,13.68061647245118,13.731689316982862,13.821095631939931,13.848350137238674,13.845521118004218,13.786790473464405,13.670611311469507,13.81706566135282,13.768689992428742,13.19172142332054,13.783414394254104,13.418325936057895,13.492111091915351,13.71211953173635,13.41123730643905
1982M05,1982-05,1982-05-03,False,13.084388636076957,13.438522809086612,13.355130664662795,13.473507267012744,13.59547762845402,13.52363730555447,13.670994231399664,13.61571273248675,13.586676695205849,13.54179325422438,13.365422793238757,12.955195545024752,13.252498425321942,13.184032011501333,13.277104090739078,13.63164865256618,13.43437766357622
1982M06,1982-06,1982-06-01,True,12.30002150000486,12.555481232085846,12.767277330938526,12.94571150692734,13.11284487722599,13.058019984117161,13.545525977149845,13.463558196893475,13.417262824649503,13.39484556440821,13.293109321860566,12.851674145688625,13.644918071432476,12.868010334679871,13.057801874309028,13.793065605122045,13.600276917245338
1982M07,1982-07,1982-07-01,True,12.917565322632395,13.513588777031881,13.743865484417315,13.826257479466125,13.962388483695811,13.955669875414179,14.081751501532866,13.969077819599432,14.109948470586891,14.136322985176431,13.776412368330362,13.502010483114631,14.10394020213067,13.817616352819769,13.639300618008033,13.991129268520758,13.747320645268818
1982M08,1982-08,1982-08-02,False,9.672005837643123,10.919681205074497,11.427814173204759,11.861278655268116,12.317601774954248,12.539311811962333,12.555664015532795,12.459832778871514,12.767935580373296,12.702177784725016,13.150208966689084,12.230211722733868,13.158430320522028,13.070086386711615,12.737720232707773,13.367049638019518,13.00235005337416
1982M09,1982-09,1982-09-01,True,8.587630198377052,10.072617478767363,10.569162735197029,10.984825033296694,11.357246907100501,11.894990587947548,11.915832718041635,11.632850494305922,12.090239031113628,11.869799543304858,12.508646391517406,12.092736416758793,12.55303725470038,12.510494412131163,12.619139044247337,12.70208593682767,12.191473991016746
1982M10,1982-10,1982-10-01,True,7.519853307144789,8.90203143884908,9.619349115198386,10.108113107907732,10.356246333244497,10.930573666684316,10.948414622150871,10.873907501828086,11.14201853709876,11.044355697417561,11.162343726313924,10.681409626998061,11.383417081917512,11.111092602309505,11.362598575724478,12.128910847623686,11.366069633542065
1982M11,1982-11,1982-11-01,True,7.9979052319501,8.569260311778782,8.817936676428607,8.853659654239504,9.553184962843142,9.669846354855096,9.730380135648907,9.479637256628545,10.057869544368838,10.348575327534162,10.59630963735545,10.28392584262723,10.225840857588102,10.120101449052363,10.709335557187776,11.125866520227904,9.66206906239753
1982M12,1982-12,1982-12-01,True,8.442672554118941,8.82658479560763,8.9399051780856,9.119633904659835,9.613684964760873,9.693759342047159,9.745399154205328,9.694257985797318,9.878288848402786,10.171230236244542,10.546687359390331,9.952836341050082,10.667699676936019,10.55022359864112,11.212437000549984,11.39711984544715,10.351574428586357
1983M01,1983-01,1983-01-03,False,8.07348659381075,8.247174796571521,8.417454420195341,8.509779452442112,8.958472783759666,9.075460602736001,9.252604628475545,9.253266145463652,9.530358221537663,9.760512384822013,10.075674069901856,10.217016747119503,10.716691911942627,10.014101907135402,10.714634295661279,10.900462847522896,9.808597828885565
1983M02,1983-02,1983-02-01,True,8.343047942124445,8.539926085931501,8.697504859803711,8.75486975311778,9.158896995469743,9.355633401440306,9.486689736268502,9.418821928795314,9.747864854786972,10.021356820141909,10.311868235630833,10.51131023616558,10.865331028427795,10.41474629122913,11.268334435313518,11.434919447836108,10.399882906369342
1983M03,1983-03,1983-03-01,True,8.138400581378145,8.220450936333155,8.298219199119258,8.397880939148214,8.613049146518163,8.961066813945518,9.072300929735114,9.077702364000945,9.201712904062376,9.462649167706257,9.816887625928041,9.825339601404494,10.431622198134628,9.842433851108684,10.642602170992573,10.739969463261367,9.831119436220035
1983M04,1983-04,1983-04-04,False,8.851547725655628,8.999345428018765,9.038049259807353,9.121713354557894,9.274424888733108,9.456799131729781,9.5276708899105,9.679196139453524,9.803200813449928,9.991277584199713,9.977224584226809,10.234810830223475,10.7214110394532,10.249714999131973,10.95794776264447,10.954923562445618,10.213312968455373
1983M05,1983-05,1983-05-02,False,8.224834694777932,8.314285687316378,8.401599943549503,8.493200784414348,8.759229589219837,8.919302791972248,8.995695093097869,9.13906848654255,9.275923591388972,9.438639999366078,9.71877756007217,10.079942623259086,10.38426387253377,9.848428496867857,10.696930891774162,10.635228686380815,9.81737485931477
1983M06,1983-06,1983-06-01,True,8.761998261910438,8.942691190686215,9.045758498591372,9.257201586672661,9.431011282554644,9.551837168854345,9.782539893452633,9.74607615362447,9.931120189926967,10.043092805250984,10.314622850279516,10.546602327323074,10.838478145015669,10.459960519133386,11.049373881123396,10.994470517650592,10.454326277235685
1983M07,1983-07,1983-07-01,True,8.94778967756825,9.185011488632549,9.309697247946547,9.386924008475308,9.732406426141784,9.731565421414539,9.94569381684822,10.019095252278195,10.152354065939843,10.386275693494202,10.398724638556626,10.570730683255901,10.960407664224467,10.627698141010201,11.273326916498188,11.078898408603994,10.601203889645785
1983M08,1983-08,1983-08-01,True,9.560807832953374,9.912319064351504,10.101625584213952,10.208869074817208,10.472593528888051,10.520156549713713,10.665286182893452,10.799782580283319,10.90303917935084,10.994710656068571,11.426308378736332,11.60341985248545,11.7413175551674,11.478351767377266,12.021195066220473,11.789366329759215,11.467241234900326
1983M09,1983-09,1983-09-01,True,9.446658346953885,9.845608069200253,10.039875528178547,10.265672457965696,10.449152242546129,10.652896231031443,10.782555602809532,10.880323130039807,11.070293291800196,11.12631007067228,11.517301065158307,11.73430597850426,11.714539271834926,11.658552043337835,11.976368393389059,11.389746210798327,11.52653421387104
1983M10,1983-10,1983-10-03,False,8.940080163406517,9.212826456644475,9.459756261809344,9.618699133531443,9.765368590557353,10.00623808003159,10.17573856297331,10.284615013642028,10.531886859194074,10.663680363936335,10.79964631749296,11.264703938983882,11.197859690492571,11.266523242289788,11.590022940351792,10.908792377516148,11.035593256478048
1983M11,1983-11,1983-11-01,True,8.673929276856803,9.033835003578757,9.392091258665678,9.545043933996764,9.681429289641885,9.926990967386086,10.166032846642173,10.347586184898262,10.533861814478684,10.755520201737228,11.045680269937543,11.31102482229274,11.291006740334259,11.389413961899473,11.748025972323838,11.376217159564407,11.333381167026783
1983M12,1983-12,1983-12-01,True,9.081376383528763,9.356426481545906,9.54382245515855,9.659218769148168,9.852282537616107,10.012001859735955,10.24776590541053,10.391253270054838,10.557655700378344,10.676382929537027,10.959527051184418,11.095148742237111,11.198548996714623,11.496995077544709,11.57824270349342,11.2767538998924,11.315360258079268
1984M01,1984-01,1984-01-03,False,9.239974534917511,9.507882943762064,9.66567520669025,9.853206750713221,10.06403297004353,10.311755585677965,10.491470652269296,10.602215069958662,10.790804814736282,10.774772390368287,11.209404715944354,11.322495303603525,11.469592528222124,11.72274228270523,11.860015119796838,11.499878614765676,11.52535204243958
1984M02,1984-02,1984-02-01,True,9.113532289080185,9.291984265366843,9.458927470316956,9.54359787550652,9.763209892440756,9.954007644008112,10.163417086970378,10.327159777028317,10.470247793715547,10.602060326124734,10.940102449275658,11.221809683600608,11.242294579430657,11.50795480035054,11.61984290576756,11.29609999739106,11.336892590446169
1984M03,1984-03,1984-03-01,True,9.424953111046774,9.710916775071954,9.894627830184277,10.011791039972987,10.204870470807965,10.447823272461243,10.631397543121036,10.801449529904177,10.835177196775794,11.030791603443722,11.373438134841246,11.500663415954907,11.718087510737195,11.810649956756663,11.959498233738639,11.734916477786314,11.75065203388753
1984M04,1984-04,1984-04-02,False,9.94218509182402,10.237675984419688,10.324010032286948,10.558602263173011,10.819064343587941,10.981413389790864,11.14464858033495,11.308817508183594,11.40241060384141,11.554233591351483,11.9195679345165,11.519152880518266,12.149571113803919,14.113763186847287,12.422734351444161,12.233339987880303,12.191860624924477
1984M05,1984-05,1984-05-01,True,9.936237641848589,10.284013544469104,10.49850825039881,10.808973936865353,11.04183605766146,11.14346889810597,11.273848772693093,11.582565460629564,11.685175637162267,11.786039652367698,12.07357596467192,12.00683792693327,12.447537487794087,12.594135287559594,12.71985420837952,12.545317238370824,12.526830801295652
1984M06,1984-06,1984-06-01,True,10.050362975148621,10.904495724580102,11.323213317354984,11.716911577947696,12.149216281808156,12.187217002073368,12.292223408892532,12.351740667514074,12.473134731456806,12.680849601764427,12.827671165886592,13.228561691850208,13.209551920866392,13.276027006947794,13.37949547049784,13.238552329072922,13.297261644719708
1984M07,1984-07,1984-07-02,False,10.158578907883726,10.838398840023952,11.494155840980309,11.94145955230975,12.257032127843926,12.452984059313039,12.71773028238434,12.82039404817601,12.843086319382108,13.069957594354834,13.325165816208607,13.280942954488829,13.489079750796806,13.555495237097118,13.570029350429849,13.540349347593855,13.490661098947559
1984M08,1984-08,1984-08-01,True,10.707028470885337,11.073692498908018,11.30153931981543,11.515780023178092,11.661284163329949,11.769001553451123,12.113311995381737,12.137100326273956,12.122467603859434,12.21919798210581,12.31350439842345,12.445202484610366,12.427926441198446,12.496985872071626,12.548333526382105,12.459616848028242,12.358677431399192
1984M09,1984-09,1984-09-04,False,10.916865051423793,11.18060578348671,11.413599730478841,11.662939702011817,11.811953647323415,11.949213369261507,12.178742496332458,12.244686508370204,12.22342081633416,12.277937858134997,12.432354344971188,12.319685160659715,12.459231574768152,12.628243411546624,12.564868480104233,12.520230050998213,12.456047268766724
1984M10,1984-10,1984-10-01,True,10.480123740591809,10.779572984900344,10.945442797187324,11.125775802493363,11.322605177811953,11.580742086709437,11.82493915471979,11.765629346492462,11.869386546465172,11.919866656076692,12.130516150519762,12.142836443817844,12.185275154715875,12.353877762476644,12.23776630833735,12.173936936293153,12.120469234545036
1984M11,1984-11,1984-11-01,True,9.226706188011441,9.548366538842593,9.763497923786128,9.935372568963357,10.323373166436598,10.592900842605408,10.706540908521935,10.675884804284443,10.853728365665576,11.031322253591554,11.100413878653951,11.160238911213263,11.37160272472876,11.485635289756706,11.416218406919807,11.418698156271946,11.22543145053745
1984M12,1984-12,1984-12-03,False,8.636192056337363,8.91789766125632,9.218787495894421,9.444639911433734,9.862189389937818,10.085768393120087,10.288099119064341,10.248795259824577,10.587325437671877,10.657172304122922,10.960929282035144,10.997564955350796,11.313739621312905,11.522798828142806,11.297772685364512,11.316620234254698,11.238508205949458
1985M01,1985-01,1985-01-02,False,8.00464882733073,8.410468557011228,8.76355152659543,9.002364756463946,9.340039392962932,9.62935521338718,9.898957189058482,9.828671872758415,10.212373461541794,10.422891437496217,10.816251537887904,11.11417501923443,11.445646705193258,11.722327706697845,11.416223230137804,11.475693348102531,11.42074815400602
1985M02,1985-02,1985-02-01,True,8.392436244435963,8.587208235063168,8.833861173640114,9.039406310822926,9.25805763683495,9.603775013549845,9.768222141959665,9.824909545071808,10.218091473055685,10.23159812695351,10.693408515900055,10.729748622857931,11.029390306423775,11.228629613579468,10.86397682498304,11.091621842080682,10.945089597601372
1985M03,1985-03,1985-03-01,True,8.871907172642999,9.27186663892477,9.502555008540375,9.671913527508618,10.039408118425182,10.28406423108681,10.349805374248007,10.467770981004675,10.772490650242982,10.85210320900791,11.251257841836454,10.773914662032102,11.654710032404633,11.85813924973808,11.560421203669518,11.672246310404818,11.613239775470545
1985M04,1985-04,1985-04-01,True,8.35715871637917,8.86124988159477,9.084111132488976,9.368658117454043,9.697214378964512,9.97913835935159,10.014100953428365,10.189893439487523,10.409379937426937,10.607172785680424,10.96125230475598,10.921847245628,11.392131379639684,11.723551074763636,11.421221809551076,11.45639003900192,11.434845846981698
1985M05,1985-05,1985-05-01,True,7.926924224924357,8.287661062673045,8.585024938339988,8.805536375350009,9.165538760640544,9.387586321088062,9.560970236886455,9.624749207140876,9.957275767611636,10.108024177212895,10.523728154385564,10.651178633346568,11.128810043249754,11.314812305703821,11.13725076426622,11.453315245622694,11.113865444840489
1985M06,1985-06,1985-06-03,False,7.159523436758864,7.353270772633416,7.535720146399305,7.75398337292243,8.115348578134512,8.329226207977932,8.528185334583085,8.55975631220318,8.920907260521,9.023986646688883,9.46518393291402,9.015039008287946,10.05032374166452,9.750461616663506,9.900806923360598,10.265459221505735,9.9811112410687
1985M07,1985-07,1985-07-01,True,7.097694042901375,7.250510420983872,7.43454125158444,7.654957800618055,8.019139677137996,8.188099545205361,8.440618288565481,8.541893758646076,8.859636454295641,9.193917827288576,9.299158377047533,9.485868967876728,10.251713178843119,10.248716168288174,10.077940965643336,10.197263345998515,10.130875062700735
1985M08,1985-08,1985-08-01,True,7.424665649512101,7.683466219469773,7.8374309412841,8.004756497649659,8.373596375743446,8.577926090720894,8.808800645023757,8.876078803028669,9.231949223610773,9.447157400114278,9.979139217555186,9.956546867641102,10.569728094167427,10.14123246598411,10.441638270324754,10.531732967593053,10.455770454141646
1985M09,1985-09,1985-09-03,False,7.261767088038251,7.51831485814176,7.721440907754156,7.859869990916272,8.237302336588318,8.47701526666684,8.620436904349711,8.82205398298165,9.010710869634826,9.18605467331957,9.749399576301427,9.522654508309127,10.258018460546669,9.93503590856503,10.175303158614692,10.260894339932024,10.13214162665627
1985M10,1985-10,1985-10-01,True,7.171624604993585,7.38764842228703,7.6799495530387425,7.782487224279608,8.193257922532226,8.461937651014697,8.534422732163662,8.670415146038433,8.998678002331387,9.15869866833869,9.658339236983661,9.72883827768246,10.146137618860262,9.895437542107928,10.179274053827255,10.344751343437913,10.25879234566956
1985M11,1985-11,1985-11-01,True,7.362193508562857,7.527237348256515,7.696431227713932,7.790304293555781,8.150233271827082,8.339993333764953,8.486082850610934,8.533683008779704,8.769551933114839,8.884732832091437,9.308600500868103,9.583864848303381,9.880821525942492,9.760865487849166,9.898230537639533,10.029155373729578,10.001422473002332
1985M12,1985-12,1985-12-02,False,7.398721254817091,7.5366982644823795,7.65392907386743,7.752934774733751,8.044655784767404,8.135913251140272,8.283837710246846,8.397965482777037,8.549879053733353,8.653271363247706,9.052461346641243,9.037358418068193,9.568983637394604,9.427829481267748,9.556610831949488,9.78649071309503,9.699399515887679
1986M01,1986-01,1986-01-02,False,7.2579396092713715,7.357522185373765,7.459078503890966,7.526716285023681,7.707088108188725,7.759589883485714,7.831864965733483,7.879673912522342,8.066106845256936,8.196330723351343,8.275016765309338,8.594933719190605,8.84674825161929,8.726291402831743,8.66491841414482,9.001022959102361,9.047976119954702
1986M02,1986-02,1986-02-03,False,7.149194503846763,7.283854264491642,7.396561443209554,7.520974043765204,7.6689076221282,7.778988525858012,7.820889499576396,7.828449286167932,8.029092548236136,8.15694617608848,8.50913987750944,8.625374292642848,8.894103573909803,8.685417772866879,8.714516029505539,9.052166877376585,9.0599224932059
1986M03,1986-03,1986-03-03,False,7.092746320423093,7.133391635087634,7.19577074795977,7.2534498968884265,7.409609561605507,7.401270810537218,7.494173922229605,7.405695764270023,7.608589008759879,7.598795647669462,7.900194268322689,7.396753454504655,8.053588068265153,7.850563579493499,7.815891319976751,7.97559087570376,7.834128541243465
1986M04,1986-04,1986-04-01,True,6.4566682533607755,6.496444138276966,6.522119171780909,6.64512239787989,6.780415894164935,6.828634915329215,6.827814893692838,6.802310632610285,7.04743387534577,7.124599889006984,7.28895718028222,7.353219537640693,7.3859667408626555,7.213821648267342,7.305493050265197,7.411751965504082,7.4732311997305265
1986M05,1986-05,1986-05-01,True,6.2373371397172885,6.318605554355827,6.4101519229354285,6.464393943327808,6.656442164828904,6.795994985482383,6.873748188154716,6.720773861124425,7.050426611773453,7.155967588038238,7.32449020933242,7.438463549672941,7.495544659524909,7.442403771804851,7.563285000271644,7.502562658881246,7.315129343452885
1986M06,1986-06,1986-06-02,False,6.495052835778406,6.658558536411786,6.768049657965775,6.905643793052219,7.114589376055784,7.263253414966951,7.314583749426713,7.389827479056918,7.698302493086401,7.782635461336797,8.246774871597989,8.065263660684222,8.417868720448697,8.401532816055326,8.326325273212964,8.442466317977292,8.127285864436793
1986M07,1986-07,1986-07-01,True,6.10873075744928,6.088250021932446,6.245635844308599,6.350350697228007,6.574298562624746,6.645974742366765,6.71781120213993,6.763131687133134,7.061142950206166,7.148545796000649,7.4404248966932265,7.474308529114426,7.555876877055757,7.52089180981325,7.629885394120654,7.6033070205008215,7.57032310356875
1986M08,1986-08,1986-08-01,True,5.885178912648696,5.942345950126428,6.041126852012783,6.16044221011673,6.304800887500115,6.396699556987169,6.508507932910781,6.445052861685431,6.800409850326786,7.024096650779193,7.164300872612419,7.429528030627276,7.392772521086672,7.264746485829389,7.55353567528895,7.566902525120837,7.219057208552049
1986M09,1986-09,1986-09-02,False,5.246029403996222,5.320236488307052,5.367995607064026,5.505541736534916,5.621515029726327,5.815644655500418,5.976298891065893,5.919037796857882,6.193634707125257,6.258920815443093,6.628813340034237,6.60452046118457,6.922265619785938,7.037556042109415,7.114477713618019,7.146847628105291,6.98341103928654
1986M10,1986-10,1986-10-01,True,5.297803149177654,5.52334059833201,5.679059664558276,5.73262098409879,5.990406895763169,6.1316307084482355,6.279269806316689,6.294710997770797,6.59337743791701,6.687782512692811,7.075724033325097,7.28636228531099,7.3473790496781,7.435917378395245,7.507039388619928,7.525643296939631,7.358249559356987
1986M11,1986-11,1986-11-03,False,5.31093578877658,5.429974878115626,5.592168389743886,5.6628487621560915,5.8878765515927824,5.99665069732285,6.0630528832920545,6.111116177850864,6.319926148025338,6.477751319089994,6.721648451836461,7.056984803304564,7.162425439144046,7.173389865189357,7.348583787185498,7.357961804686278,7.293031754206529
1986M12,1986-12,1986-12-01,True,5.507884801404913,5.597002300476714,5.658772182284196,5.740322054983007,5.929850635722054,6.003342858292514,6.102477295687094,6.158305783039505,6.2892623899130875,6.402596211274221,6.647131238207889,6.668618954546414,7.009893330974934,7.146557022740872,7.259336147749584,7.240398649695458,7.110688558993095
1987M01,1987-01,1987-01-02,False,5.654864258175583,5.704450390815068,5.768086931237689,5.830745935542493,6.111717402725381,6.163321279429603,6.252816614225259,6.257559316216889,6.403309855379899,6.456037689692451,6.605162745536947,6.86121850782578,6.996890890323533,7.1444257592006775,7.233762890773382,7.234343077204308,7.1224290785472615
1987M02,1987-02,1987-02-02,False,5.716061883252751,5.753490081384342,5.839888531287373,5.926627936389024,6.104369234721059,6.171957715410923,6.191212983226084,6.272467704255344,6.397605799772685,6.497057066015463,6.691516935440889,6.938621147918936,6.966696801048573,7.002413906267482,7.20804671412596,7.2664767338246605,7.197476833370067
1987M03,1987-03,1987-03-02,False,5.5886311464562315,5.64520515194429,5.795682020488953,5.86689834060335,6.0744957960282235,6.10628718394462,6.179162117702164,6.248922126743453,6.346923098382444,6.441762418647998,6.641256111264052,6.605292891807822,6.8867118481985194,6.990154720452119,7.112387814558957,7.183264709815818,7.149151230502785
1987M04,1987-04,1987-04-01,True,5.63623437119206,5.909451233565913,6.007785730028082,6.240974760300523,6.389551980582329,6.456583729163419,6.545508829354127,6.5458957780837075,6.686354938369315,6.823486687238907,6.958731916180125,7.086712182227778,7.282673109187184,7.437288165412732,7.506649803416838,7.575954374433877,7.559849788389745
1987M05,1987-05,1987-05-01,True,5.723702583832853,6.161878116152913,6.445413485843915,6.899884127186878,7.09342657488455,7.1272533987547115,7.254018234975308,7.334421548897341,7.548964479938126,7.677000187279686,7.892171380276128,8.129328764135925,8.113779745258427,8.17029696143578,8.31542034984,8.282680374819137,8.305207773974942
1987M06,1987-06,1987-06-01,True,5.897541003030708,6.3300398241013935,6.487725369162707,7.063377605345228,7.21062949315477,7.372803549248136,7.513055854293474,7.547702876624461,7.691653635344344,7.824338104535819,7.977114054689351,7.939654403638739,8.161380604163867,8.302590775393941,8.411591393421034,8.408131683727586,8.362707633292118
1987M07,1987-07,1987-07-01,True,5.744193997072729,5.973450160773512,6.24139378441547,6.759091836402452,6.982625805088026,7.085724679715449,7.217700464025166,7.313644936776796,7.46082289401004,7.586157213428164,7.794002493815706,7.943493029717249,8.065204026779874,8.245365869382738,8.359641987726626,8.343310116492,8.291855093464783
1987M08,1987-08,1987-08-03,False,6.09931433290984,6.35882672161348,6.739393428477259,6.959575611995682,7.133550723888686,7.199534856307229,7.440051456819119,7.565653889303048,7.755438874928262,7.940217787176115,8.117457095014961,8.294736377223739,8.464982493985595,8.541111407260477,8.739045592515817,8.783656085216728,8.765336508593762
1987M09,1987-09,1987-09-01,True,6.270815400044507,6.481652089515487,6.908362490806725,7.213862837632336,7.385423687338511,7.581394231688201,7.724411630466397,7.831560785717915,7.994804857928711,8.158917535858745,8.335599216620839,8.12868427499122,8.678810099965876,8.799198509991772,8.986280144539876,9.021366736453784,8.993266505960326
1987M10,1987-10,1987-10-01,True,6.772416662734929,7.273850427659776,7.599303692803094,7.884429472136905,8.076003539107763,8.210324833273674,8.324448374076649,8.447316014236025,8.682341675680178,8.778491249146773,9.025682945275028,9.006020099427673,9.303819345306326,9.436823492337126,9.566250312292347,9.637323437049238,9.569189194720366
1987M11,1987-11,1987-11-02,False,5.709718824058623,6.415810710646307,6.80304577221364,6.931132019621714,7.340163358441626,7.523146995583499,7.620625358546141,7.632266116038069,7.970544262990526,8.098483206798223,8.412842652821375,8.47845888094931,8.705393104007769,8.811746743828886,8.975590400694964,8.99104677495443,8.902417294377715
1987M12,1987-12,1987-12-01,True,5.606141280497473,6.368460114681305,6.823499846338851,7.143534808456635,7.3391184451686975,7.4778613992591145,7.597835692683312,7.625922243275028,7.90011274333761,8.005697549234926,8.281041336486004,8.293974780811647,8.705566013247596,8.881828101026791,8.979204018954844,9.011885785025985,8.938486071034967
1988M01,1988-01,1988-01-04,False,6.044825479281035,6.554883713880283,6.853354687441499,7.039693399494902,7.395305883552866,7.530510755741644,7.633200897588996,7.64510958772082,7.800996573331152,7.90444526454529,8.140385926309559,8.262532559183585,8.506789714420076,8.69860098077902,8.740588853030468,8.83232899290744,8.760434624188148
1988M02,1988-02,1988-02-01,True,5.805591411949881,6.258703287606626,6.486528058952157,6.698133959764172,6.913540265987512,7.013201236444291,7.114402325581591,7.102766524170695,7.285979393142572,7.387156793455042,7.579305900495262,7.790646441045402,7.922398654839351,8.05861431424303,8.20030572483677,8.231580624100355,8.237949261196006
1988M03,1988-03,1988-03-01,True,5.722781245936989,6.0192081978022625,6.345894812692284,6.518460189311442,6.749264210502538,6.833917088686582,6.923271669646651,6.995400957437649,7.121475952133635,7.220048344175628,7.4070882554931865,7.445386175222296,7.7452682305325204,7.985448840840065,8.08315247050367,8.158014499894664,8.128331273474334
1988M04,1988-04,1988-04-04,False,6.026622983315253,6.414113172131547,6.70167394428364,6.927925879567126,7.105662655339871,7.206289608305676,7.3723180364308405,7.453627520880046,7.588820809399882,7.71649727643274,7.947419382438237,8.09936679952954,8.3052672246495,8.510681570451723,8.606567810597854,8.66511631370307,8.64028365171692
1988M05,1988-05,1988-05-02,False,6.2254774866462075,6.6531220143627126,6.903797980120144,7.11311887104645,7.340277549686651,7.424426879248479,7.53825971698881,7.672493901418194,7.825432637238443,7.920921500983047,8.181175379018946,8.337752385694106,8.523753133331045,8.643691991054094,8.798957367098325,8.881538789876583,8.908419465153337
1988M06,1988-06,1988-06-01,True,6.596358527971717,6.988138172311153,7.271451011780671,7.506568387974917,7.706567403627694,7.817485756729227,7.913225573409408,7.944579646592007,8.083649254179255,8.162913383483374,8.371248745222523,8.343281443457913,8.657208403770872,8.763252797388477,8.875600429277831,8.974164901869022,8.973593816437962
1988M07,1988-07,1988-07-01,True,6.689090683561346,7.0056737099098765,7.212541830421465,7.3504573523093715,7.631676401537107,7.707484073129479,7.767583467208068,7.848627610668619,7.9148096446776215,8.017294817503196,8.145153286370626,8.242902724364509,8.449832921072778,8.596115528174469,8.659006271556636,8.738404222752367,8.701811625674521
1988M08,1988-08,1988-08-01,True,7.056246108050497,7.365615348176231,7.566788712116845,7.793762641540603,8.00170923640092,8.045287790527587,8.155265915361518,8.213913452414433,8.30583316065035,8.345024981229626,8.461905538036579,8.54591531665692,8.676147180467689,8.87031600574403,8.926044542381199,9.027834558310193,8.987761048971807
1988M09,1988-09,1988-09-01,True,7.44210365590377,7.740124927817087,7.975945287592164,8.07845936461225,8.384659838981834,8.46723891676717,8.491789741340398,8.505579669364735,8.596765922533873,8.619625524182831,8.743440952905777,8.674755281402815,8.851614872254821,9.077043432109377,9.083186973444397,9.162510568589472,9.138101107714432
1988M10,1988-10,1988-10-03,False,7.397162542427839,7.687590227068529,7.895782151546666,8.011230705414322,8.166538579207666,8.198568376474835,8.252988228917994,8.26943024374746,8.313936030348252,8.35986680481495,8.386904780644668,8.438945598861245,8.568097907572348,8.650832393490202,8.683823206490757,8.744446162499456,8.723305418055826
1988M11,1988-11,1988-11-01,True,7.501921301430721,7.715728112350133,7.845905493185396,7.903047507479635,8.003824420785403,8.074713264976277,8.115932143717103,8.085711979828718,8.073735087108874,8.124872841356094,8.22466425964079,8.388996250817012,8.374769746452595,8.439642767620231,8.512505823261328,8.57208134218589,8.579498937876975
1988M12,1988-12,1988-12-01,True,8.036338645837613,8.277280664991196,8.417814280847438,8.498351750091324,8.652026100463052,8.689642181283357,8.64618375121803,8.664978719392698,8.59647903875818,8.698439026469336,8.719742150549232,8.575121997799112,8.803072956262843,8.858214293364062,8.851142066832079,8.881248681789256,8.839593801828439
1989M01,1989-01,1989-01-03,False,8.413461780466895,8.658921368354093,8.852764237255066,8.925491312507038,9.036832824667979,9.03856887496723,9.073538335914808,9.011269094364065,9.04669555237903,9.04418396910171,9.082644620251886,9.032871955740257,9.120226992001925,9.119550190478595,9.112092044480507,9.053780494155452,8.993467161669011
1989M02,1989-02,1989-02-01,True,8.570088361292356,8.697681455836758,8.79364915875724,8.882930556593061,8.956859969799106,8.984730574321397,8.945918450612155,8.895485169691552,8.866415335569737,8.862428897375061,8.879726686810288,8.804601222103708,8.889969388842324,8.836591425787113,8.856334858468912,8.823850041395078,8.759698149443441
1989M03,1989-03,1989-03-01,True,8.876906163614093,8.975090690305983,9.133904605267166,9.255663637859508,9.397059215217965,9.401563076170333,9.360723884355668,9.325045796765046,9.299566180906663,9.252531353808195,9.24775756219784,8.960195102947077,9.266057812347364,9.207369326125841,9.184115533728807,9.172356361171232,9.111612357939181
1989M04,1989-04,1989-04-03,False,9.059059022797364,9.197509681635648,9.197868603902915,9.456692171933808,9.563079299892609,9.498594027746488,9.39060544667816,9.364141263595924,9.36504006429959,9.322883432012231,9.238778857846226,9.114615836626673,9.141306340864809,9.077089717340456,9.043090077137581,8.971759514421068,8.927273771990839
1989M05,1989-05,1989-05-01,True,8.857942636339331,8.981750099481076,8.961988106804673,9.141364505519684,9.22608505221362,9.2099602949308,9.14945436840974,9.136047078935121,9.169672990665969,9.138848523800842,9.08598756045979,9.051929675447797,9.037182295492997,8.980520340140613,9.009625734008988,8.923441366074181,8.893515699517163
1989M06,1989-06,1989-06-01,True,8.817352812030038,8.676356577892022,8.655445484724357,8.753695391084618,8.758674669347194,8.725888447783253,8.693109605372182,8.613745908105873,8.628634973991002,8.612857078233564,8.599785264398077,8.35179482677844,8.528221084613312,8.525654933975602,8.508029459670185,8.45473935971931,8.369286786121018
1989M07,1989-07,1989-07-03,False,8.152344968212958,7.925758156007815,7.895913126704854,7.882898685994631,8.065766560450335,7.973788626967136,7.9732040433954,7.8909485866129625,7.888734475250622,7.875737434974077,7.823654960423908,7.854160172659134,7.9903671240931065,8.004715907218795,8.021105648837526,8.02419315097216,7.919467983155466
1989M08,1989-08,1989-08-01,True,7.821764218616431,7.593166069062808,7.548036760595103,7.467279278300618,7.544247720760421,7.469389573862971,7.477948234278825,7.307139928754684,7.392557197810537,7.390234312456806,7.378328642015545,7.399886454227709,7.519429230046651,7.471009983110374,7.613856106348325,7.6796984205068375,7.6533715627029135
1989M09,1989-09,1989-09-01,True,8.039009696865438,8.03847459248376,8.081781337796086,8.082143411592623,8.259142952469919,8.29327248415327,8.206867522969196,8.191960697112002,8.201059017603527,8.146854209908362,8.127447930852128,7.969709685780249,8.14383885139875,8.066197007558157,8.11483399526772,8.101932822804509,7.979849564158585
1989M10,1989-10,1989-10-02,False,8.043990217916548,8.21888794683699,8.329444889158596,8.339640810326285,8.336502785115997,8.355399857245253,8.34627428702393,8.310306629731269,8.288399041771891,8.28589865226556,8.226924509629544,8.181956921769379,8.237254320910257,8.18772922509699,8.203466927307659,8.173375313211343,8.069051038570482
1989M11,1989-11,1989-11-01,True,7.96203232266834,7.788426838791218,7.759891425979397,7.753832809817681,7.825785253286635,7.8626966788665165,7.831526156762044,7.703502950350995,7.7743869907764065,7.776504707881182,7.787596775531874,7.778805824004424,7.840947242773629,7.782894701306131,7.837713046253389,7.827818877033008,7.75197096543071
1989M12,1989-12,1989-12-01,True,7.697546206369972,7.572833777265776,7.518994106289606,7.542230221119139,7.6506925466371865,7.652223884328392,7.659562269778067,7.540571998440597,7.62232123214236,7.5941909805250845,7.64876686325343,7.53956750972878,7.729956025808842,7.70591476262597,7.7490601858537,7.758368202651952,7.652402776407433
1990M01,1990-01,1990-01-02,False,7.808824599732287,7.781278659951246,7.654653438948669,7.740309254560372,7.839993715505393,7.862128534659176,7.830290698092809,7.766451395013199,7.7764765974339305,7.780453211129565,7.722215646091842,7.769850073075318,7.896327957216559,7.874863278822547,7.893110772184079,7.906085088424803,7.783271467416229
1990M02,1990-02,1990-02-01,True,7.941332948455152,7.968492935275141,7.985887687497698,7.997280247155565,8.145128639325113,8.18284585760503,8.150179211680985,8.110995644522864,8.196575118813957,8.166570476544956,8.214745855043546,8.26605857636007,8.291922544052738,8.212566344747216,8.292273059937171,8.320555021741963,8.270965958175672
1990M03,1990-03,1990-03-01,True,7.994008230475136,8.020579649405459,8.06374312158745,8.098337290036701,8.22881726330639,8.340590241570615,8.378603523095965,8.345471247318867,8.362053489989314,8.366008207201913,8.440356141628365,8.348909974701627,8.510449975333406,8.456715359804747,8.489803626107904,8.497426291313406,8.389241200930794
1990M04,1990-04,1990-04-02,False,8.000316297317704,8.06578053983981,8.084430666347533,8.271909688248275,8.40879564653565,8.421865820106328,8.472513107634615,8.469691186578308,8.48522976561702,8.53550263789868,8.491849347178047,8.49492513082157,8.555622213726803,8.51385471942247,8.535086685586473,8.542733221569993,8.4588105510515
1990M05,1990-05,1990-05-01,True,8.072060827008718,8.302966612395457,8.306319296791093,8.42554288539022,8.679918252308635,8.701360123980608,8.794566358292897,8.812835495183746,8.838668759100731,8.888336244541941,8.93947620505391,8.95430368920062,8.946874687712128,8.912903159507726,8.919467857101944,8.922006434641046,8.881211436638463
1990M06,1990-06,1990-06-01,True,7.856605510225342,7.848762269403303,7.854377567187626,7.908134060412005,8.120899430615683,8.132920423535674,8.16471144303268,8.13639082647323,8.177761621474072,8.223705215853638,8.31772349240879,8.25902002620007,8.359842873978636,8.335701326202201,8.355126276706592,8.320830894737668,8.277690631409504
1990M07,1990-07,1990-07-02,False,7.914256896463182,7.850653208106626,7.870915932948375,7.894586457407522,8.053314075766343,8.05947808370102,8.087677752032342,8.08471982560454,8.103110951277712,8.134633398702062,8.191450326104183,8.244814402665083,8.32252169643947,8.326316248737344,8.354073443008232,8.328987655121463,8.263777925195992
1990M08,1990-08,1990-08-01,True,7.591640970661698,7.505504250869925,7.528877063774315,7.488308546385687,7.643056487719744,7.651678934164406,7.691005373214168,7.680448428363337,7.74541781238523,7.794152157540808,7.888125791242602,7.99704721261507,8.046626356748533,8.096569651857298,8.187895293671302,8.166748702305078,8.226021282573369
1990M09,1990-09,1990-09-04,False,7.550744156214652,7.580622426063013,7.61059402734803,7.653999502395452,7.902908673963138,7.976472128658858,7.978792882629879,7.923529338133194,8.065580392321433,8.138421266135087,8.348695602306258,8.501791345799738,8.602948281461167,8.686966156833801,8.765779397494358,8.791834393104141,8.815115915038676
1990M10,1990-10,1990-10-01,True,7.302598588428612,7.3891068415424614,7.526322325041422,7.534777179513452,7.707208883797874,7.767207523739886,7.822399629154372,7.797868157141104,7.912757162217536,7.979012310751518,8.156971785855388,8.310241356016306,8.422776232973652,8.523175651710835,8.607008051179227,8.60909602133959,8.631994051666018
1990M11,1990-11,1990-11-01,True,7.205361406899666,7.240828934482122,7.232865106143639,7.238045349494149,7.435309956711363,7.5004332028036265,7.528699278584117,7.527085271179948,7.670321775550764,7.718812455100496,7.945252234806109,8.102650882487083,8.216530015668788,8.34799731060838,8.45379177480714,8.50146899784695,8.54493681313074
1990M12,1990-12,1990-12-03,False,7.207209360324983,7.200052720084119,7.216882426350479,7.199852410721723,7.379644778741072,7.420995334134445,7.400213740353455,7.361914806756379,7.485044329675267,7.523823222263933,7.725951115294016,7.7249982233285746,7.9618461974085815,8.055384357131853,8.145156173338146,8.17895356007889,8.13496301505719
1991M01,1991-01,1991-01-02,False,6.5941375572536804,6.604367365190384,6.603367657086036,6.739022489343557,6.893456855778811,6.979244315230012,7.023964586867086,6.981131486255092,7.1309478693447055,7.209533717491541,7.382529201312303,7.537669772184661,7.712515261012001,7.836311625810484,7.945887144325643,7.959747511825209,7.949240063778657
1991M02,1991-02,1991-02-01,True,6.120128421091605,6.138997812958959,6.19556325575307,6.331700537079738,6.5857276323859555,6.690011925264164,6.759996158756473,6.708202574603549,6.865460101366064,6.966102470722621,7.263302578840765,7.377416842674307,7.601085328055398,7.694857966137746,7.856448850253696,7.906422411354852,7.983373371855692
1991M03,1991-03,1991-03-01,True,6.222529755246622,6.2738306939536175,6.359330016299841,6.605716846906327,6.838252367229128,6.919464966721773,7.002375195538575,7.048915628670938,7.224219930618923,7.315258062007016,7.590627588384059,7.685192709424975,7.872499132137893,7.9701079078950645,8.096717795240533,8.14101687429621,8.11856980299876
1991M04,1991-04,1991-04-01,True,5.8990307316120445,5.939753408626842,6.079025848262067,6.324724565421053,6.607494991036676,6.747321142956291,6.836156681852748,6.910246993772661,7.0828811769695355,7.218420948106854,7.530675463859832,7.658105901889167,7.8683642692402245,7.955352357900564,8.061694820186158,8.090814804126579,8.080680261211755
1991M05,1991-05,1991-05-01,True,5.644309628945292,5.732606873422818,5.859217062616144,6.182958537073292,6.398971483128568,6.566364402542046,6.655949986844142,6.685733054920433,6.8960349771372496,7.038555065603471,7.406854964405893,7.55651221229656,7.80281736077333,7.865513912667913,7.996034201410122,8.03560232311089,8.070613326210168
1991M06,1991-06,1991-06-03,False,5.705770157803459,5.885486245735954,5.989985698015607,6.151784944291707,6.46383064519734,6.601889186812965,6.751071471468541,6.683090222921656,7.011788466317322,7.157693507466739,7.5537857113728695,7.732263427255994,7.9279759665696306,8.04983195804343,8.124381333354417,8.196149402788194,8.150795063373454
1991M07,1991-07,1991-07-01,True,5.685187501462615,5.87530999495506,6.100603732853343,6.325045829529707,6.595914113934794,6.696014673738981,6.83871869987302,6.872428912314761,7.117680074385264,7.342977410446336,7.7185380969693504,7.864757665606087,8.055750268546026,8.180677061163614,8.23012089409584,8.298478481790536,8.27682272592385
1991M08,1991-08,1991-08-01,True,5.660657286508383,5.827531655960978,6.024418425542667,6.191142027795305,6.408352350811103,6.503877938146799,6.5699609448983285,6.73014687504761,6.93855088884953,7.122476618022727,7.526369251681582,7.724783994796157,7.931985030199437,8.054636776084546,8.110225693319869,8.212555779211074,8.250339239017578
1991M09,1991-09,1991-09-03,False,5.444616719230979,5.51766686721746,5.543601866452753,5.644717604716348,5.924301789423507,6.084075476943855,6.141892408700953,6.263393939595072,6.467982359629426,6.64401203617377,7.079215000185135,7.289604888462413,7.529470406645671,7.7083841424588,7.74134594876634,7.880695173821262,7.883975775762463
1991M10,1991-10,1991-10-01,True,5.1978557996367885,5.261275384335912,5.307529052658327,5.45060254248682,5.602656657114829,5.754013698640719,5.8799695338440685,5.91947653307775,6.166737463419242,6.310450283865674,6.721952779329602,6.845254924901706,7.175712511393064,7.33652278171891,7.3787154449874315,7.531802576994343,7.5972132223650926
1991M11,1991-11,1991-11-01,True,4.8382686435492515,4.899078231989072,4.920513738958197,5.106240623857975,5.234339525795539,5.391923671938033,5.539616481230708,5.568795341945506,5.839130533040811,6.0401877659864365,6.508799670231183,6.68157895752087,7.077613353902447,7.245838931197309,7.43764100511672,7.574798864100147,7.75532466585492
1991M12,1991-12,1991-12-02,False,4.464807757825713,4.494168790330204,4.566538937496012,4.64515476711052,4.9172389542024915,5.053393647407615,5.206725059302491,5.278509309085446,5.5544052078158535,5.7379804767938625,6.285377878601565,6.411741617191552,6.859237859386819,7.098469876490557,7.268069744153512,7.505381920994942,7.5930576325120445
1992M01,1992-01,1992-01-02,False,3.9248856872260975,3.955374993929862,3.982330105432292,4.136541273983976,4.318056929358724,4.456074613371975,4.606035016494861,4.725964768879035,5.0203564638621145,5.20166922133419,5.826145977783634,5.982138571193755,6.426427787826983,6.649548670235607,6.793278088861149,6.951727877789163,7.144437218952347
1992M02,1992-02,1992-02-03,False,3.91116608949756,4.008608128654333,4.10339980141799,4.284080563768155,4.615822090631042,4.834579796595358,5.013904919713006,5.093632167522067,5.495116281723793,5.809368439303747,6.332698371519154,6.509078727270615,6.982282048573311,7.127516043979858,7.401902438776904,7.527597196237784,7.685558189471328
1992M03,1992-03,1992-03-02,False,4.099561619738382,4.217521962059748,4.299395178599134,4.49583538567608,4.818767870344221,5.047546644791649,5.276458330710835,5.404094481698519,5.705807871336878,5.993216336159531,6.509121702057357,6.738089220368505,7.1059770113641685,7.3244683171048655,7.450975945268396,7.465962061107604,7.621849049641831
1992M04,1992-04,1992-04-01,True,4.074031781676729,4.201442377044776,4.320296967828419,4.509460935976682,4.871160602537762,5.085394136935921,5.291078492362773,5.503856938929533,5.896872672933361,6.170871948799746,6.649050875672311,6.819610009289033,7.186649806434607,7.37485668518196,7.504699998882081,7.549160416612569,7.618474269894761
1992M05,1992-05,1992-05-01,True,3.689757441504424,3.845353100634461,4.0375912938301175,4.2292527880791395,4.551831785801876,4.792458307195679,4.996127213104895,5.282089460509924,5.713609968300437,6.011473378645997,6.548214434126634,6.842577057391671,7.195602395756409,7.344851909005416,7.589807236525122,7.725034857466269,7.809563040876877
1992M06,1992-06,1992-06-01,True,3.8063425352419267,3.9720837295095355,4.118329271228903,4.267325023294247,4.579539128202241,4.824874080468297,5.0598399373853065,5.250449292159675,5.548874723472313,5.882970019912681,6.374883455798177,6.71106169311292,6.987171152152342,7.221360571048111,7.406679262140886,7.571764840669866,7.474964183281273
1992M07,1992-07,1992-07-01,True,3.6058372600942814,3.7074871641306073,3.87559366737548,3.9959615317637596,4.228010133401259,4.395113634416972,4.616231198911789,4.794902485426997,5.084912531784761,5.438010761929938,5.97660282725825,6.2899791168756005,6.658469722978387,6.919856625939194,7.123742647124957,7.312161742234584,7.257836241122363
1992M08,1992-08,1992-08-03,False,3.225303859610377,3.335114239126278,3.472633222987922,3.6026828857294744,3.8427163721526587,4.01689040633872,4.2409314109338565,4.36970080913622,4.72565023746977,5.021627689583441,5.579791084187143,5.864503908387597,6.296262333255272,6.431365695999499,6.708703740481936,6.891695342125463,6.925759858490756
1992M09,1992-09,1992-09-01,True,3.19854607848715,3.2836210710669187,3.3384603563534085,3.4265185757934997,3.6339153709909353,3.806165359593562,3.9530413692440787,4.081173736943095,4.403241032585669,4.683900897208463,5.2769882361452725,5.5481887939780465,6.074925013361299,6.309209897684178,6.596364550357252,6.802622593639557,6.717324199662398
1992M10,1992-10,1992-10-01,True,2.6493905949985828,2.80037882060682,2.8929650063499452,2.9665989505085215,3.1985719392744985,3.3857770745027835,3.5311078547260197,3.6483275751043207,3.9649417829739013,4.261501669774384,4.843583828918538,5.222080472184215,5.655906623479471,6.006269514616419,6.3155163753514945,6.555860067718523,6.5464646075984625
1992M11,1992-11,1992-11-02,False,3.074290153101318,3.3145648475000593,3.4796860853697162,3.6468061000038756,3.9119313696796776,4.198171642479115,4.347796990231449,4.446662121474524,4.808834837862529,5.1454837550988435,5.741956683080132,6.000687201936863,6.424851482516544,6.595747831641898,6.943573297040381,7.030608470996072,7.185064723840102
1992M12,1992-12,1992-12-01,True,3.3752836661376975,3.5519593970322916,3.7138943773316413,3.8551243233239982,4.237569067442324,4.494682684344479,4.644111103143444,4.764766336047244,5.1848388569495025,5.457175936945366,5.967475198724661,6.244563103912367,6.6250031979018145,6.7973899171329535,6.996122568544461,6.974217575145284,7.202673822171674
1993M01,1993-01,1993-01-04,False,3.1521670943400264,3.3282968605433574,3.414622875474946,3.60504906552133,3.8624036998920834,4.113658240351666,4.264656253193768,4.468387900129138,4.828992726144554,5.134744665403537,5.589000584929015,5.9504220707585365,6.27438475714394,6.493608340954521,6.65024630793154,6.771053954764307,6.885320400522488
1993M02,1993-02,1993-02-01,True,2.9744380577315193,3.1512935827319364,3.24374210177809,3.4436875181064175,3.709736324252922,3.8557425244717267,3.999548670206956,4.15653711670878,4.471897732679953,4.771241191933071,5.208345720832091,5.5839483362716456,5.952526879855527,6.104880875030094,6.427514716114399,6.62493406876762,6.697314458559846
1993M03,1993-03,1993-03-01,True,3.0066507674465495,3.104953424679057,3.1561662578090464,3.293093111273035,3.453726663615849,3.5693627285203067,3.7074949576036818,3.8429642374492494,4.087701232045553,4.363341256942294,4.859489435108146,5.136618663077621,5.515556284748251,5.745988749562808,6.027480472362453,6.270085911470582,6.16702435157888
1993M04,1993-04,1993-04-01,True,2.943402041993799,3.057767961992474,3.1739281429381943,3.3230557954745534,3.5233376758495494,3.6572893649618057,3.798721940945613,3.905552607360009,4.184798053179803,4.486555991703912,4.973892636548718,5.259471966359447,5.62763671000819,5.91389155055978,6.1254594994266025,6.276845026513383,6.350036469052385
1993M05,1993-05,1993-05-03,False,2.912284473151631,3.012157864858168,3.0967616250540364,3.183298775942568,3.358682803720166,3.466692520139608,3.5994724240395217,3.707693265363309,3.9690525919932504,4.283757680387309,4.754762886723976,5.092579125711729,5.477225185536238,5.692542093436977,6.0012025973774525,6.099338295902997,6.2871547856519925
1993M06,1993-06,1993-06-01,True,3.1093447688925906,3.255070720209658,3.392315743841133,3.5096443315769243,3.7240181744955745,3.8605863918056773,4.007454579961385,4.12404595751253,4.294195255551504,4.593914304552898,5.005439969919862,5.286847909847891,5.5694266692372745,5.836798188389432,6.0694826237268344,6.1637411650197,6.362485592008126
1993M07,1993-07,1993-07-01,True,3.035856193578567,3.150508182360693,3.275616225941251,3.38650249111435,3.6163536681956696,3.7236443650625985,3.852498249482024,3.9568409242451583,4.198174173141682,4.3714922109647025,4.738368396616808,5.049530719881566,5.312526456929678,5.5438479500425295,5.735359258419853,5.840998824056314,6.041124522781793
1993M08,1993-08,1993-08-02,False,3.1293383027762007,3.2938526127779957,3.388586104558967,3.5631146305402948,3.7274632595920636,3.8893575014303656,4.042700881135918,4.156321339829793,4.39776434026101,4.5886171320721525,4.894792396914062,5.2129002790756385,5.44106292747581,5.620636698538084,5.759879882087717,5.851864468400982,6.028542929188034
1993M09,1993-09,1993-09-01,True,3.0553896280328012,3.159893896908419,3.245235614245405,3.3390955062569136,3.5124676232710392,3.647426321762991,3.736580627119483,3.8372865119097717,4.031926538168851,4.230132709060584,4.502250789549914,4.807923036224239,5.018308811156247,5.252047358575136,5.431668155993422,5.545248094355839,5.642716631988796
1993M10,1993-10,1993-10-01,True,2.969139940273401,3.0894177638546383,3.216959322905556,3.372407140044489,3.4648626177552844,3.6054763072149822,3.716704683507556,3.804403944928315,4.040883958655047,4.151798921975279,4.484210578969633,4.712238231372747,4.926347028017649,5.114421430484839,5.28717823091021,5.441489446037332,5.5501870841659295
1993M11,1993-11,1993-11-01,True,3.1380168548417853,3.3075684383614488,3.3982386376457177,3.519517657570862,3.673918120828326,3.865060268661043,3.980219200368048,4.066951307774524,4.27317581003779,4.434937720551272,4.733750488449943,4.9610333790853405,5.197149037132581,5.391036146153259,5.475815968759093,5.637610291620722,5.744121479544143
1993M12,1993-12,1993-12-01,True,3.167865364813706,3.3351965927231784,3.4663364731240347,3.5915903858701483,3.777000427340217,3.9298593411515017,4.02957105093797,4.160696126464725,4.365098650867501,4.53613513616655,4.894919947568786,5.135225969654562,5.3923475258021805,5.602816258817926,5.775706782780163,5.925013810758129,6.032278371424512
1994M01,1994-01,1994-01-03,False,3.107340734251842,3.3127890270362124,3.453229260801036,3.7073087176654314,3.8714117171270526,4.020101919349244,4.123759598210807,4.267313622745492,4.472924408332227,4.561247997250443,5.0331525156852575,5.2981406557038015,5.499617679272218,5.733753613250677,5.862474824413536,5.998867993372797,6.1322507681045115
1994M02,1994-02,1994-02-01,True,3.065983344333852,3.2589453942325513,3.4101466027715204,3.581865726404174,3.7449154943175333,3.893314064343588,4.01762442698678,4.146095305694709,4.34514227155213,4.512991033211387,4.822408962273326,5.098366733320607,5.296301551238521,5.496718840827647,5.673982565539565,5.7900118577771575,5.929713292293926
1994M03,1994-03,1994-03-01,True,3.5467962134754214,3.77726674421912,3.851531553568016,4.147841033475441,4.37413045754045,4.500948143796162,4.641307476354112,4.7726795898225,4.98955142476715,5.16632570627345,5.481123889501982,5.724781968611697,5.920393815602273,6.122760487366395,6.270925548388348,6.365551916567632,6.327920870229428
1994M04,1994-04,1994-04-04,False,3.7544155606937615,4.114861396871007,4.492851762067239,4.7635627721385125,5.012725750187111,5.219124124949965,5.389987284297379,5.527732851824204,5.835869806197977,6.053679559451086,6.365945137108106,6.624291547024243,6.782075705368432,7.003954730558201,7.108867761434233,7.253934873745605,7.263246365499859
1994M05,1994-05,1994-05-02,False,4.037349203337786,4.478893799412308,4.794125582222981,5.053272464284199,5.2270893675349015,5.39165665351251,5.582835137747801,5.74315561446145,5.966276411369626,6.171606282937598,6.475483904328941,6.658366053960106,6.711982915918497,6.89644259079103,6.98601193094667,7.140689127686799,7.1702840072809355
1994M06,1994-06,1994-06-01,True,4.248314764452128,4.763308212023168,5.0848256841537705,5.281302397460881,5.455360076780873,5.616035598108883,5.808129351311418,5.903511837784428,6.134622173510933,6.298884174933379,6.514808282702431,6.685937045412213,6.773781898976228,6.931517746538239,7.027321387513457,7.151445409313993,7.196977108074496
1994M07,1994-07,1994-07-01,True,4.287325257830067,4.776040992252096,5.191335540014705,5.429203169428736,5.591559212541303,5.779622844181526,5.964964534015432,6.087895516089232,6.211255519677037,6.3970225026558065,6.724693409605227,6.904922298938729,7.025904111096599,7.1527411689527725,7.251931055558431,7.365805273606529,7.458410182836822
1994M08,1994-08,1994-08-01,True,4.38750982960226,4.850380542506101,5.1559796727805915,5.3383363599195475,5.506023090009074,5.671325248986627,5.838660064392918,5.953163192978894,6.105601112135596,6.25893956928743,6.525868384831342,6.703491725365087,6.8101549505026435,6.913528600699927,7.019436978545427,7.131778402877586,7.264267369233685
1994M09,1994-09,1994-09-01,True,4.634311087494539,4.933990395223921,5.279229260375595,5.474843239588302,5.624007570243285,5.785136925846185,5.920511867352198,6.05708069117828,6.229052218293864,6.359022816119182,6.5866511179445695,6.7564771124630605,6.862430714145648,6.980504098619865,7.0768395842341905,7.18403345542951,7.261770750704422
1994M10,1994-10,1994-10-03,False,4.925340286075521,5.485186787869122,5.72781263892941,5.97688581819019,6.082617929243846,6.300471913427834,6.439481170224878,6.56479292782778,6.761692174818876,6.891834247563683,7.11354615971358,7.281697918298054,7.355254293295759,7.459498277071217,7.566144435313459,7.678741301186076,7.721487757614168
1994M11,1994-11,1994-11-01,True,5.169871951442808,5.661778940990713,5.931935384893258,6.15138952449341,6.337994199435985,6.5457458192445666,6.691573023230478,6.817064319132432,7.00872837463348,7.1312354844667585,7.356262357236886,7.507303331977264,7.596472055777569,7.6729697869759,7.7918660638217,7.911120042143441,7.9460569514675905
1994M12,1994-12,1994-12-01,True,5.663876718790372,6.162080203476116,6.477072010261593,6.832294783572081,7.02993751890305,7.15578955920553,7.239346638030334,7.288422482394768,7.448795625807151,7.532683996654632,7.6395278835486105,7.679226206552463,7.699610463896886,7.685253195996122,7.764215472004106,7.858793225792336,7.871086894381427
1995M01,1995-01,1995-01-03,False,5.82760870394755,6.492399288464975,6.909881331301645,7.163174714017878,7.373583599622909,7.44730728138662,7.506746895566767,7.582630084734782,7.6851332982081955,7.705748240261166,7.748523018145237,7.754785614737799,7.728174153955723,7.713465221839592,7.779287509189599,7.788265059637843,7.790995438512037
1995M02,1995-02,1995-02-01,True,6.016942994190995,6.389783188112295,6.688770102658141,6.848089959374261,6.952867720198294,7.075692592652905,7.1473535740987355,7.186172756535002,7.303451884424664,7.388627325029712,7.408394483778749,7.442646193544611,7.5195359903592465,7.536388225089421,7.574999299560988,7.562426768489293,7.603783028744468
1995M03,1995-03,1995-03-01,True,5.873784495651056,6.0867919260598065,6.236163730842477,6.330351078801025,6.464276282248564,6.5476876949616845,6.616331211142038,6.6768705257738326,6.7565946067070906,6.840596603748226,6.911332913175867,6.959794974547649,7.03109529023251,7.05591099664322,7.176931356026219,7.163548185736148,7.152427122333263
1995M04,1995-04,1995-04-03,False,5.846770295734078,6.0145870234040375,6.1852538822253225,6.32053424771221,6.441538127120881,6.499369771249161,6.560806923768977,6.62576394504692,6.713350632586436,6.770156357705891,6.84627660347997,6.88969954494349,6.962469589554587,6.987169916636171,7.1129169661524925,7.107843089157092,7.131984145286063
1995M05,1995-05,1995-05-01,True,5.838028934913885,5.992584083140666,6.099916431054084,6.222984837161525,6.34167118678194,6.3773228101242845,6.430677134424205,6.499350869853339,6.5788907092936,6.651254090581562,6.752128218419891,6.803441177706137,6.832520783021822,6.871975697674052,7.03433420638261,7.03901920122896,7.128355297495811
1995M06,1995-06,1995-06-01,True,5.609208421233934,5.606422612713772,5.563598614639207,5.597005618219138,5.6300335654804865,5.636450358203316,5.595918109404317,5.615151300365885,5.657756573043744,5.723260253675057,5.827704207013891,5.8632035235762565,5.92143924667842,5.98803486126612,6.167198443443525,6.241018182959918,6.243594087270807
1995M07,1995-07,1995-07-03,False,5.599760561730034,5.52029500518887,5.569457397478419,5.573790127495811,5.675250456808564,5.672686214566664,5.7184171410627345,5.70835130154829,5.761244967655028,5.810799436611436,5.894035816438725,5.884857184315416,5.973643014043332,6.072823590302696,6.194480133328016,6.24355224372663,6.282504231059159
1995M08,1995-08,1995-08-01,True,5.545000828399662,5.561528623588932,5.5839155099014315,5.681485050145378,5.714950715667469,5.755730299377164,5.836924490596852,5.847372178438789,5.957532500334254,6.014568402482872,6.132216027438166,6.133634351458415,6.259108723773338,6.334945492945312,6.463051869022357,6.5348164015727646,6.60314482687968
1995M09,1995-09,1995-09-01,True,5.397055336462248,5.4348957755814595,5.4956331964880105,5.5995876147350385,5.605149435142573,5.620615402828312,5.673969784535795,5.6824745539018195,5.765355081123611,5.802827899049447,5.9192784431938215,5.9203722990654555,6.014784541067657,6.076866748250639,6.204120713283174,6.278152571364129,6.261740232059661
1995M10,1995-10,1995-10-02,False,5.419390010780455,5.51329125155796,5.532902552811802,5.608081233253022,5.616308138403538,5.700262959230148,5.71653875777196,5.7230328724805215,5.787454683668558,5.8228923962749475,5.906874370534812,5.900708373259149,5.993341173529197,6.025557126822878,6.137144503344472,6.200075887132494,6.18561560746784
1995M11,1995-11,1995-11-01,True,5.42505650023692,5.39989410814378,5.380430515810765,5.451318658083949,5.434982864197559,5.465302186033128,5.466312204376523,5.443294080367029,5.507600588045057,5.54907659953604,5.656807222975281,5.65724481106685,5.746254012493784,5.832995532929338,5.9452374808726995,5.983661639315943,5.997687207946996
1995M12,1995-12,1995-12-01,True,5.391265862316537,5.343027287661679,5.28843616271862,5.324048527840026,5.296917850769208,5.307183517638602,5.283679012860443,5.243832393477073,5.305132544077775,5.329228034694307,5.433273050339097,5.418310152372307,5.5165407730186145,5.617539414168417,5.709552842621049,5.742770608623061,5.669820825551807
1996M01,1996-01,1996-01-02,False,5.11886147300087,5.109236648638539,5.129765782784241,5.130186651962332,5.131452592629569,5.1336064403994115,5.143371860891482,5.115852586500191,5.181116975966385,5.197410482058863,5.310440944058824,5.3318243323567405,5.412526423874204,5.475349487444295,5.551516083528448,5.598860979437692,5.589262017007602
1996M02,1996-02,1996-02-01,True,4.982064527709791,4.898457776766575,4.871329863015352,4.855126470648078,4.844329136996251,4.847056291439139,4.853533645551897,4.860798395432844,4.944756341438431,4.989385368455786,5.132830623461323,5.1766768748949685,5.338520080423079,5.482251574620445,5.5548619392109995,5.647375997857516,5.639899497822197
1996M03,1996-03,1996-03-01,True,4.949319397101472,4.881511867346292,4.953691059120866,5.003250257558552,5.137602906503609,5.13729463225061,5.200051406247277,5.183566248668243,5.279134577623386,5.34355599303066,5.4896284055345195,5.544579881030573,5.806725592195849,5.852569537522733,5.92773767680272,6.033654282002905,5.978430226720716
1996M04,1996-04,1996-04-01,True,5.136998369626203,5.152154961595793,5.2566863658896485,5.40206819449041,5.526590163472292,5.5881065507121175,5.654993540160504,5.696725084701988,5.797282404339103,5.859305665306778,5.996215574663429,6.029900115125102,6.100038589067405,6.266057795431003,6.312752060271438,6.362147710088947,6.28323546639766
1996M05,1996-05,1996-05-01,True,5.072515669161075,5.210129776591809,5.346057520394261,5.5191634089776676,5.74611985264757,5.811817898747702,5.910721971115716,5.9460297560493665,6.049797324986576,6.147611511412409,6.2794156052078085,6.315807931334996,6.419233841695955,6.583874139053574,6.657696517582891,6.708289871316884,6.652548058228419
1996M06,1996-06,1996-06-03,False,5.177299345799296,5.319538533849143,5.506776109331237,5.707245665508327,5.923611077735164,6.031722211687048,6.134796480689525,6.1722267837947715,6.296294461808662,6.4006702242326945,6.53699646285433,6.560007637037185,6.634388792513867,6.774144729810616,6.821754435249755,6.857712198870796,6.801153698475088
1996M07,1996-07,1996-07-01,True,5.208973516985615,5.350039263891116,5.509103035857786,5.6731375984725565,5.818959911455705,5.888714400496313,6.046126419927512,6.052238143667147,6.149854786842269,6.262688021630393,6.36690375112728,6.417911927616005,6.473890742737293,6.57420983410717,6.6492661438931595,6.693875230221933,6.683232134486603
1996M08,1996-08,1996-08-01,True,5.208593545965455,5.330484289168124,5.532093925054519,5.6963963247050176,5.809227145065935,5.895691177339505,5.944504376128235,5.988710101882352,6.0915198656151315,6.190321125752202,6.292095451370264,6.333463565619701,6.390675440716105,6.4883618477678375,6.58127173401485,6.600952316646082,6.6012822441383
1996M09,1996-09,1996-09-03,False,5.277202902712354,5.496900305927654,5.664757867941087,5.867637313122111,6.050189518769935,6.180477994838475,6.202218323795707,6.258597031432357,6.36748241664559,6.460235282145421,6.569550350183764,6.639130426820166,6.69032311992987,6.78147359731396,6.837946317622034,6.85673615998189,6.852963778968818
1996M10,1996-10,1996-10-01,True,5.041982765696365,5.249209817782339,5.432742109230286,5.636121743086533,5.736569321011838,5.839055847998763,5.913407879489823,5.942225967860674,6.0557578791586835,6.138710508946127,6.270408410230933,6.314058754870853,6.402027217866063,6.524174068676265,6.577868530004448,6.590951865776227,6.606433766197277
1996M11,1996-11,1996-11-01,True,5.1329793179390135,5.231468161256574,5.313355222599124,5.459913362837562,5.555241279788079,5.615517301745482,5.660473792145837,5.706681863521452,5.799251214355679,5.885934236619445,6.002255558889943,6.043434143437207,6.128777838063309,6.300211076325601,6.314415320122707,6.303396843280544,6.333627333187645
1996M12,1996-12,1996-12-02,False,5.041736378391151,5.169594359082042,5.220568528707694,5.335993722035286,5.450865018558012,5.469512305026196,5.509049636141357,5.537861980581642,5.602149586757646,5.659491173834019,5.720107540961104,5.786004605460687,5.84001243040495,5.946999077688671,6.007125600914766,6.006908970917404,6.020680555180223
1997M01,1997-01,1997-01-02,False,5.145432922373046,5.263552316169174,5.384387611746707,5.51636736416838,5.671418757326036,5.764917672260203,5.818577511806177,5.864638005769276,5.970123879395143,6.036151722011703,6.150591880539724,6.212627535990347,6.3091363562841565,6.3987782408821285,6.444644889456713,6.439922331933498,6.477544962519858
1997M02,1997-02,1997-02-03,False,5.095114743449166,5.2024181475694276,5.325304507605084,5.464647542404043,5.620881477863296,5.6967709374291955,5.752643373136772,5.794893061248508,5.8963156919911714,5.964304309465247,6.040906815563672,6.126379224951918,6.222413027004055,6.283369732846175,6.365180204869729,6.377050128085321,6.414732338112716
1997M03,1997-03,1997-03-03,False,5.166184236063954,5.313642253792979,5.451992609188812,5.603536470615247,5.793265595250397,5.8557741942918895,5.945681110478467,6.0206276795009455,6.108385900480111,6.173648634298529,6.266151857234149,6.328657314743706,6.403627162587452,6.467937100983893,6.513475778220851,6.506337965274154,6.5014898401405565
1997M04,1997-04,1997-04-01,True,5.26157645943202,5.439965147918722,5.701038662258235,5.893467581786309,6.078926395992461,6.148680896145926,6.223948551640481,6.308718733211995,6.406529667184974,6.495229364986517,6.606254705084706,6.640993295826066,6.738767787060001,6.784435062622839,6.841328782956587,6.839040227010439,6.794337250517485
1997M05,1997-05,1997-05-01,True,5.198616188687404,5.45961027843814,5.65680342575477,5.798657104516944,5.978706310858718,6.049810288745848,6.105211349892167,6.179373435776095,6.2732133297064205,6.321539683259103,6.401077264698911,6.459018316537104,6.551324933626668,6.578912370112032,6.640962045152228,6.651064526629533,6.600505736515773
1997M06,1997-06,1997-06-02,False,5.073040432360292,5.3645665512500935,5.544176994349129,5.726792267424033,5.8851798729094975,5.9695684200051335,6.0616905302248885,6.14636753404253,6.230457147937543,6.275208121662688,6.389203484002757,6.438752254722818,6.4877927154169175,6.552564469850555,6.606618623266884,6.623927585526697,6.587643349079587
1997M07,1997-07,1997-07-01,True,5.139377487942323,5.199903983512019,5.43528197437433,5.603892450900348,5.783657350965758,5.815670409437224,5.902641784940886,5.937117584989901,6.0368832563071875,6.090926234593899,6.2202321576860164,6.249759971868371,6.311537895158567,6.375800063251055,6.423851394390474,6.433110014176285,6.3711159002655116
1997M08,1997-08,1997-08-01,True,5.2335086844842476,5.315829565961097,5.352281619775214,5.527744834498988,5.7005557087779986,5.7174209895634265,5.77421111081827,5.806261254827998,5.851441873344311,5.879826197611681,5.95523275529598,5.993814580846588,6.06252503954381,6.111568566238246,6.158755484729771,6.170889346826356,6.115569277359915
1997M09,1997-09,1997-09-02,False,5.168465748019411,5.300900191689369,5.383224086869492,5.5294018370808935,5.712947003030768,5.780558062205977,5.834180586533358,5.854884273658765,5.930854326296227,5.968603829676003,6.069404542936331,6.10807096974658,6.179493778380147,6.241732600924463,6.281163673061471,6.302535562705973,6.206218636711344
1997M10,1997-10,1997-10-01,True,5.053025587397969,5.18085121739811,5.2787257408280075,5.453250292977283,5.56847519545147,5.629193020056639,5.652080702497333,5.662471417888993,5.730842974219434,5.763120560500953,5.8602864024289865,5.85295097258024,5.97026023209475,5.994414127900348,6.027513778887775,6.049816941520756,5.964484484972235
1997M11,1997-11,1997-11-03,False,5.2223885522942215,5.27912441738775,5.3370186082995605,5.36139125935982,5.611253368589694,5.638150640257568,5.662727241293779,5.642064274113548,5.692708049419328,5.707377216538167,5.740765502699713,5.7338003507773285,5.872116981720094,5.888621964625021,5.910068446511604,5.9412700603712745,5.832460383650026
1997M12,1997-12,1997-12-01,True,5.222000451575625,5.360757406554843,5.458177110237551,5.456071983710391,5.679685616764465,5.701705656944088,5.715966432682238,5.7059317134962555,5.725435707931189,5.756724632375593,5.7935583842301535,5.74504683456185,5.806201009826634,5.812134439725646,5.82247404728082,5.829616620129276,5.7778997156979255
1998M01,1998-01,1998-01-02,False,5.25969039396785,5.314014027118723,5.330665401540471,5.360800315776346,5.4908983009404135,5.505333417173641,5.502802877752501,5.501433043214581,5.518004063667546,5.528658477079356,5.551337896662116,5.533944995299079,5.559160120960354,5.597988566476389,5.6114986681116275,5.635109715009007,5.581872095560413
1998M02,1998-02,1998-02-02,False,5.178464081498094,5.205770840727411,5.246816441268602,5.202601234141676,5.346550723007679,5.350474294068558,5.322313781587141,5.305001202008157,5.318422239598926,5.318824800183839,5.410783756843562,5.3765225379488735,5.392348071440963,5.515500280898758,5.5513430107720705,5.549258486961713,5.534046103498428
1998M03,1998-03,1998-03-02,False,5.248025834885272,5.25625671891242,5.3449853534537155,5.347321927909582,5.493034149539836,5.495200663906319,5.523372885765815,5.510642354005365,5.521251566923108,5.553137812158535,5.598917305384797,5.586395064211816,5.578659595701989,5.6832365769159106,5.7065600674457935,5.7089274590759205,5.612158181781436
1998M04,1998-04,1998-04-01,True,5.08677648210255,5.1589998914044335,5.212182586401725,5.283993667929645,5.475730163121999,5.48235971119769,5.475825585728452,5.464660664745029,5.491105819054618,5.5123006996992014,5.546008586637404,5.4910118400305965,5.550320319193428,5.5914635604041845,5.609501282293581,5.605679716405411,5.503167922112777
1998M05,1998-05,1998-05-01,True,4.999898086853745,5.200884332405396,5.2873726620828565,5.36075423268054,5.5331634185531255,5.511262429637497,5.517082027848877,5.513642527323416,5.524010857405229,5.552499595682837,5.5839478532900975,5.55207167559013,5.633399262302731,5.665757462858786,5.6785206904555725,5.666279219316744,5.580233972592445
1998M06,1998-06,1998-06-01,True,4.994015473027327,5.211358901567701,5.292708946079032,5.346077081032491,5.459144418452458,5.465141682488859,5.463331647536558,5.441690504361662,5.449322023703935,5.4827847239093215,5.532970870376695,5.449583362040817,5.525748612816124,5.551083815884474,5.580427453705006,5.5868441227110415,5.434755884009054
1998M07,1998-07,1998-07-01,True,5.057093698075103,5.15853045893764,5.266845962868035,5.343514714217631,5.419579769687125,5.413432033702763,5.409103426342293,5.374595027352742,5.408006091543064,5.440340724620701,5.4486511926739984,5.388173681155712,5.448300383601204,5.458414493356852,5.487788522867209,5.483259228168649,5.349364460859003
1998M08,1998-08,1998-08-03,False,5.080865278747309,5.158033642399006,5.241615324284897,5.3432980340313225,5.405813507196862,5.390067850247145,5.39706026679585,5.387293658026648,5.381831033865344,5.424055556537899,5.446114095269697,5.426795895471259,5.439798021299939,5.463749629312084,5.47628308917107,5.462925327774401,5.36141289788169
1998M09,1998-09,1998-09-01,True,4.869244358787527,4.901823264393774,4.886872328627326,4.874838508624253,5.028387499269956,5.015585734851817,4.91379431964093,4.847424767072654,4.9215966353730085,4.981997148221975,5.020756271071367,4.973424872400258,5.081646416036756,5.025016309665854,5.114258736180286,5.104591748487787,5.007670640935576
1998M10,1998-10,1998-10-01,True,4.2197921791273725,4.312992043146488,4.316960195871039,4.33822769463964,4.405400250456521,4.284453847167321,4.215776896719303,4.130495444147543,4.18750761196907,4.188729035696745,4.1924957408596395,4.205252796878288,4.24357622041639,4.2454193614113445,4.31028252259263,4.28964868598623,4.295524835901409
1998M11,1998-11,1998-11-02,False,4.434090736719726,4.486341611932372,4.41359457502333,4.431089326958233,4.481150886032576,4.436915532273146,4.403773077157394,4.325197735206277,4.45182403603652,4.476510230602687,4.532800077110462,4.634857917011304,4.683604704826058,4.61163702550547,4.8008910331355645,4.758314681690614,4.78348462076036
1998M12,1998-12,1998-12-01,True,4.461516471568008,4.467953748144727,4.469731270851908,4.471217354794053,4.538076787129496,4.497915665319031,4.452045168186507,4.409769145981649,4.475406220808878,4.467466025226321,4.550922017444928,4.478654830487878,4.659451806745732,4.572975942097746,4.704414935713146,4.668434571580304,4.598342928583966
1999M01,1999-01,1999-01-04,False,4.449001103093849,4.50779485268653,4.507185990783979,4.480287822269377,4.615552178524801,4.6135866167486554,4.5823333160842195,4.54130331437649,4.598049864183637,4.593092165346198,4.6390164402265945,4.613861400793837,4.719105658743805,4.699575662213875,4.7689235943716675,4.673287918397102,4.6241540667847545
1999M02,1999-02,1999-02-01,True,4.47423314684992,4.484926968377658,4.535936385515124,4.524244178431235,4.660343323791026,4.659960450146788,4.641649101757663,4.5991251941380495,4.6510695661096575,4.678125493483686,4.6978212769794965,4.652872292257641,4.763379468840393,4.790701190287797,4.8369905436608285,4.750237941888626,4.7032408959602625
1999M03,1999-03,1999-03-01,True,4.663519833267838,4.704087397817442,4.785805589287064,5.0109006965863925,5.109541431486881,5.127372103201367,5.164820478956758,5.149183875648629,5.206574217349542,5.260501517124441,5.327051687227593,5.291690859869978,5.447270828005997,5.463333535795218,5.491746194747767,5.390616992457705,5.329403740743027
1999M04,1999-04,1999-04-01,True,4.391574063404558,4.447764061435882,4.490194556016656,4.829448516954854,4.880101486270493,4.947447223362906,4.949797717385162,4.96074705260061,5.035874715272606,5.110004035710635,5.189761979391863,5.210314013402888,5.347762087820422,5.3939988788048705,5.418433195896059,5.330105000134983,5.243787089127762
1999M05,1999-05,1999-05-03,False,4.566433691075717,4.6072370805989,4.6021418007618555,4.766279169668921,4.941279601772107,4.968395154591876,4.999363559660097,5.0217261044601145,5.0760107816655795,5.135037140807603,5.212944380745997,5.259879417827574,5.345418205570569,5.36196868358024,5.384818819307728,5.35992204833819,5.336367258735981
1999M06,1999-06,1999-06-01,True,4.6991691499471,4.876935144160103,4.8754036086894414,5.215907559207523,5.319680472873569,5.34220264296855,5.442543864030171,5.468525657458905,5.56013733688175,5.669888560522788,5.741783492266478,5.7914054935605375,5.904601239285315,5.923587207363982,5.899511645071328,5.81285918129479,5.647734452196919
1999M07,1999-07,1999-07-01,True,4.617610633263173,4.926413898766738,4.851151353690559,5.258019236693924,5.404943536607567,5.428033911335138,5.483336359403652,5.514051666716212,5.55386919885518,5.5957492090040875,5.69162226929172,5.807831239494235,5.87911110656257,5.915935054155643,5.917236799901936,5.870006672869856,5.758366263898218
1999M08,1999-08,1999-08-02,False,4.768599704696096,4.866917867754545,4.89460007325222,5.195520700689525,5.410626053763141,5.452453854846104,5.5413796339675265,5.593969482308614,5.659678524052525,5.711585108522261,5.849553734506299,5.936983548818683,6.028456142743275,6.063058312693939,6.0360745974901935,5.95651164209898,5.832627639464291
1999M09,1999-09,1999-09-01,True,4.893421352762287,5.114758223497729,5.07760454199059,5.463525871197205,5.545041777964259,5.620972820937112,5.674264760364529,5.666786345719197,5.735633384564494,5.775642045955079,5.920523238818637,5.965183191172906,6.111056221799487,6.13959143012274,6.114024120715665,6.036537626689116,5.8651884084741335
1999M10,1999-10,1999-10-01,True,4.822541950360887,4.94519121430607,5.065889350565574,5.469554535458476,5.547429307436445,5.629114184278201,5.677267617795439,5.645759471601501,5.730319428738192,5.759122268615017,5.913646503339056,5.984769964898007,6.0564906146370845,6.168825369608715,6.118303707975137,6.05422475230134,5.877291690099969
1999M11,1999-11,1999-11-01,True,5.0796701730581395,5.232073138677847,5.292145049872142,5.541370618687578,5.596858853268762,5.710476036693946,5.753181109134927,5.754082025323319,5.830115261363757,5.830765286464093,5.9963235700627715,6.07323799051004,6.049032246379723,6.158469842267936,6.123128010410948,6.079260713565984,5.963181810277578
1999M12,1999-12,1999-12-01,True,5.20662141434004,5.471378042175166,5.583911080183342,5.785568813200361,5.853674519655263,5.884915837164459,5.926669075109275,5.940869110129894,5.968214065670251,5.988185524316835,6.1032917288329545,6.156494120143815,6.149424569826117,6.228244689179611,6.208373985080035,6.175934753490713,6.133548724316438
2000M01,2000-01,2000-01-03,False,5.398967317507013,5.693502603864598,5.957894893408655,5.981993132059844,6.218843575979954,6.267687220755825,6.287117227346478,6.289010466077842,6.3178200389807255,6.362606664509922,6.455162545929621,6.532088242737371,6.537395086929888,6.58731986689516,6.574104184665713,6.553000707716021,6.519187550676329
2000M02,2000-02,2000-02-01,True,5.642406215065132,5.8434879767418755,6.114310370452599,6.247067062192478,6.392774960352389,6.465826830849995,6.496559387479644,6.483863349201171,6.526119808301645,6.556598945423871,6.561809900190194,6.649135590946758,6.609669718326845,6.591541049746031,6.548589237833316,6.553562876018279,6.503437304194412
2000M03,2000-03,2000-03-01,True,5.711607981958043,5.925995789173844,6.107289535295483,6.082520681503737,6.31403509265585,6.361126870470805,6.427851018783561,6.421539495460232,6.447895001275154,6.482804037520304,6.466402090268362,6.549556239067034,6.540365146062792,6.5243637007999,6.47686780184231,6.441909349822561,6.216953838168602
2000M04,2000-04,2000-04-03,False,5.823007680422821,6.059903184502318,6.104309552907236,6.205242465145069,6.324292321722405,6.333328746932754,6.323178281212528,6.336880045416686,6.312571198450244,6.29067324071867,6.213868240246717,6.21309538416159,6.1801488155030535,6.114875681668118,6.067409874691892,6.0032482798726825,6.004396234386979
2000M05,2000-05,2000-05-01,True,5.862280642246664,6.133611705066242,6.189235088035415,6.46245075235856,6.589442427053551,6.601023917233009,6.638677883098354,6.622827450104532,6.57396505818736,6.5524231381698135,6.533993615864124,6.502948490751509,6.476507745393804,6.429858897074829,6.337366648322954,6.257090913479761,6.098108736308868
2000M06,2000-06,2000-06-01,True,5.666722323916559,6.159460139057915,6.033053825737482,6.2288562187750225,6.585568509265875,6.560985247116942,6.563281597264472,6.512510006501827,6.519622169516537,6.436002275486165,6.427576484271958,6.361126044753347,6.350778909509685,6.297771659028323,6.214628699967486,6.135601670783933,6.024579170842312
2000M07,2000-07,2000-07-03,False,5.9045964533517585,6.1505002538166,6.055915590715028,6.18354869368748,6.337179996149659,6.301738510381612,6.295907662159895,6.221430897442842,6.227072430137736,6.189263320322456,6.158380994427811,6.104567228191053,6.111038374047528,6.082662181533995,6.028551211131726,5.962961377370985,5.863943379741324
2000M08,2000-08,2000-08-01,True,6.185571449941765,6.276348018624778,6.216737409347372,6.322395885511718,6.322729279767782,6.266558034494054,6.246063670372236,6.163945531326828,6.1689421307931065,6.159144115260521,6.122555247792649,6.077877177445099,6.05372400240637,6.016450441528084,5.968766146843958,5.922623181405803,5.859996768152524
2000M09,2000-09,2000-09-01,True,6.218336617171461,6.23098773498948,6.185009023665698,6.089421506626545,6.143206747012889,6.104130458250786,6.0430532443997516,5.998791450959954,5.962979239465856,5.957478247171688,5.909120498563165,5.869914757568429,5.859001531385199,5.820383497702469,5.7634743958435966,5.745908266997331,5.538165922343152
2000M10,2000-10,2000-10-02,False,6.179918196625049,6.211512498315126,6.111729920978861,6.079492813920862,6.1133602188215255,6.064895653176654,5.9714757964182725,5.891988509536575,5.873368164446279,5.862101163770032,5.81006634442128,5.785910534888498,5.855640198760178,5.855706240463308,5.838193867428783,5.850501923028921,5.720350297999979
2000M11,2000-11,2000-11-01,True,6.313117574575232,6.245704307571914,6.1343439090308225,6.160128617229722,6.093964490289911,5.997281125082201,5.882135917962865,5.788455250063615,5.809943295587124,5.7973166933108375,5.742279605136879,5.679429465122904,5.754068836649459,5.75095569027951,5.733364074977476,5.736619014417387,5.649531160197231
2000M12,2000-12,2000-12-01,True,6.169206593032606,6.078244610103091,5.951179367518038,5.841579839787868,5.889942142140135,5.758889957387823,5.646031096167137,5.5467810788424305,5.530784489423951,5.548507399539234,5.496381989893886,5.400581808395369,5.4874765219828685,5.466915067213219,5.462956110205164,5.4952244875539655,5.446073964674205
2001M01,2001-01,2001-01-02,False,5.8228588771712495,5.515516224310528,5.224578183834672,5.162439853231014,5.13418204512599,5.043683642658826,4.911354465283405,4.8264673914168545,4.847842407365426,4.860427137571826,4.823050012212496,4.773957010443557,4.890322249507662,4.92086183246688,4.92549186020977,4.9478696056547316,4.900579144867101
2001M02,2001-02,2001-02-01,True,4.969840928435731,4.777222112047698,4.588073487183585,4.679726987891832,4.662381780501308,4.622775736649469,4.59562587259769,4.5554895846978365,4.6561069012358764,4.687884115112538,4.791723285575715,4.8196806557477645,4.9205323638879115,4.986772909261232,5.033031826795079,5.101492429964478,5.10656845816269
2001M03,2001-03,2001-03-01,True,4.815436403783253,4.636527666665929,4.518171715631859,4.4113213072592945,4.51308506050568,4.476218934407784,4.4499304363263805,4.411718404383856,4.502296066476547,4.556537750004551,4.649516547454525,4.691366733731715,4.795418591242784,4.885905451133019,4.92611556299657,5.000160988651886,4.831296272632519
2001M04,2001-04,2001-04-02,False,4.2373692560189,4.107751891478506,4.084754349115703,4.10783903775984,4.158937443001019,4.16617140842055,4.207890744319202,4.220227673855597,4.354136584503908,4.423058832065607,4.569875022758774,4.663181206578044,4.803287140504978,4.9097277476831085,4.993452356761656,5.083958321957141,4.970012785407484
2001M05,2001-05,2001-05-01,True,3.869366926361674,3.8615209409842572,3.827319760538203,3.981387166660949,4.0624484795950675,4.1163933741834375,4.180786204639916,4.233116074331758,4.4475076948624945,4.5807962638421085,4.788758095327205,4.893330986215635,5.053209074579891,5.169849684453385,5.284637196071114,5.368812493432563,5.311799457544603
2001M06,2001-06,2001-06-01,True,3.6487960635226835,3.564086501452932,3.583151423169478,3.8260445948661945,3.9930154143439847,4.0812585455738315,4.1946179527139025,4.241698908669965,4.486909842876397,4.657627069597986,4.891068426659357,4.994111981635988,5.148539048634026,5.231782236109411,5.3515585559806755,5.420362350644509,5.401419613096398
2001M07,2001-07,2001-07-02,False,3.6271330407319438,3.5726157644576797,3.6128725028209256,3.782313212462863,3.9239067358471833,4.0214243149245155,4.126291482728529,4.149814123125151,4.365145600197157,4.538165782669756,4.799441936902045,4.9671846764709455,5.073927947591253,5.1973776685804625,5.313369078888355,5.368728424341428,5.373943308989155
2001M08,2001-08,2001-08-01,True,3.500364911666274,3.4283424381535967,3.457040631825272,3.5036663720664425,3.5747979283730165,3.6619348104390457,3.7683051529489733,3.7992297345002957,4.036218971376385,4.2478637608022005,4.52763148498582,4.67749711248628,4.7936473517902645,4.9171136704302105,5.03887395951895,5.095031406467294,5.149772307095872
2001M09,2001-09,2001-09-04,False,3.426353322286752,3.382132496281763,3.4064570022735303,3.4314478849317993,3.506164120298174,3.6355101456401298,3.69546367998006,3.759258697483344,3.978935873691034,4.198098251890496,4.468988937586056,4.619084175087137,4.767702939330203,4.882546708227442,5.0018340197993885,5.061862491686303,4.970127559937548
2001M10,2001-10,2001-10-01,True,2.344292159499232,2.3609200042432117,2.414933554267862,2.4684148689879173,2.5214320938265153,2.630961075680198,2.727955324056546,2.7951782972809847,3.0442698834401027,3.3744588561180877,3.728442484042601,4.000493122405657,4.193276757630816,4.363156505669683,4.549837377150907,4.644437236366988,4.6221281423162575
2001M11,2001-11,2001-11-01,True,2.0605536157124793,1.969441125517018,2.017272866483038,2.0783641289474373,2.1468868197957836,2.294231386782482,2.4229064660567836,2.486320441984836,2.7957539489946646,3.0442557675606534,3.4176312456788356,3.72045882823431,3.9098762953053368,4.061050285691173,4.250671878413916,4.305466078536286,4.3473659780798135
2001M12,2001-12,2001-12-03,False,1.7700544516672856,1.7970683482021281,1.9078580026096321,2.01971520977111,2.192792507788312,2.413982436764841,2.6369507184701124,2.778632024184188,3.123799436612427,3.4317287671213643,3.839889757379832,4.033206345932054,4.354818245817952,4.539819230166303,4.727309590441156,4.763350083628459,4.826794481771706
2002M01,2002-01,2002-01-02,False,1.7293176637566137,1.8331619095815748,2.022696143663812,2.2083654087714133,2.424080423151584,2.70633695914709,2.9658936230668913,3.2040052951755884,3.6605556528623557,3.953173453009144,4.373307581259237,4.577023165584257,4.841919568372887,5.024914829998233,5.227394743038577,5.22572821869383,5.2959123505665655
2002M02,2002-02,2002-02-01,True,1.746831330098041,1.8579092106447825,2.0578310742940125,2.251183290179682,2.42329130713906,2.610207031569741,2.84350132612107,3.0693833476099313,3.454822165520244,3.7232097381038063,4.172073742187702,4.442561087530789,4.652303774203587,4.827169195730174,5.010125904567672,5.023778147052135,5.125397473197076
2002M03,2002-03,2002-03-01,True,1.7845687039173213,1.9008415408887,2.105103808401137,2.305140853301467,2.521036715857618,2.75271584417088,2.9717046052023086,3.176848076788904,3.509073390930854,3.7522590619703595,4.20611994902648,4.471301448417043,4.670153232648359,4.863532599698452,5.053056976201926,5.060672204876392,5.028572468142956
2002M04,2002-04,2002-04-01,True,1.7936094278936694,2.126403900067929,2.4045158346590125,2.6738315757168745,2.9851910363600616,3.225224514799567,3.5071422265515726,3.7043395940687263,4.081067562200728,4.311902479449571,4.737582681072306,5.021392965720498,5.173161646323178,5.312693288414915,5.481600232972535,5.492203387261424,5.475665887601468
2002M05,2002-05,2002-05-01,True,1.7662342157779245,1.8819107051314863,2.0680117859552927,2.253485186627717,2.5001696055039524,2.7282310942046766,2.9905828691051184,3.188424304338626,3.542986924360996,3.806221507635054,4.238352025477001,4.552548893287908,4.7464237890352745,4.907894828289317,5.068329328388983,5.112913542775612,5.152506181370095
2002M06,2002-06,2002-06-03,False,1.7353913686145683,1.8869645530729149,2.06375042814959,2.235773329746253,2.4610811280561133,2.7170430031830057,2.9248003539183594,3.1274768594167544,3.4214985875193933,3.6677892571893924,4.054957812312863,4.360853395619937,4.592595738128287,4.795494926237698,4.964849423238366,5.039821898575759,5.1368670585770655
2002M07,2002-07,2002-07-01,True,1.7042309076552347,1.7578137720222577,1.858697236719338,1.9594974822346778,2.1241382197759604,2.367650475435732,2.6396969366702296,2.8284469250650317,3.1140681807072674,3.4140604204553457,3.8249731631140835,4.107781685712968,4.347868053360704,4.577542004914427,4.742436143046609,4.8335733934846985,4.943856201599385
2002M08,2002-08,2002-08-01,True,1.6639301151758243,1.645310104161048,1.6500181771931237,1.6547262502251998,1.6370833167419292,1.8422913891340358,1.9512388512423688,2.117544455210183,2.409843714348692,2.710814907236283,3.1925824429199237,3.538175926715502,3.824707714369118,4.135129425297271,4.336516970159033,4.464919928167754,4.625553281059552
2002M09,2002-09,2002-09-03,False,1.6028388982815773,1.5890459902578344,1.5977341876766071,1.6065068363368455,1.6353931227376433,1.7539076552147994,1.8502293476364844,1.9732413061067533,2.1456403305756213,2.333487786547039,2.763169611491465,3.089222220913743,3.4019757240907595,3.7627569170081183,3.885694800228414,4.016661962273022,4.075335998079913
2002M10,2002-10,2002-10-01,True,1.5731571949726821,1.5261890318843754,1.5317462894659966,1.5358150021857773,1.5627121937552753,1.6527016109235375,1.7245975120606458,1.7773260416932006,1.967568307021246,2.175656318421977,2.553704944925804,2.8347377465801484,3.153695477059501,3.4694140713424235,3.6346088519776587,3.7770084490778446,3.8537563886871866
2002M11,2002-11,2002-11-01,True,1.421989870784306,1.4158596270849053,1.43949390307082,1.4623648147370332,1.5163130587689753,1.6181014872903643,1.7070483607772686,1.7679787083575988,2.0353565218705616,2.2462747589731045,2.6615195038045205,2.9961209706173495,3.3296489074315976,3.706450696039229,3.908004148320332,4.060453373500025,4.191483038766448
2002M12,2002-12,2002-12-02,False,1.2258075423246935,1.3088284331491924,1.4210101155035462,1.534351628863229,1.6525083480362204,1.80800184654856,1.9556075743907644,2.073317448135522,2.359765389855897,2.6183394314854462,3.059186118136967,3.3518991377132425,3.686530534778037,4.00736973178137,4.170929099085796,4.289347147714608,4.3205874056563855
2003M01,2003-01,2003-01-02,False,1.2091799726109325,1.2425496082387897,1.3056588218812788,1.3633619932357763,1.4236418270248483,1.5245671503273734,1.6360379339361144,1.7756755490022054,2.0195000600973567,2.2404963749395015,2.7074620196697587,3.053374905424537,3.366993557535522,3.7275769532047756,3.9004049144799247,4.071010919218796,4.175493723325539
2003M02,2003-02,2003-02-03,False,1.1919622707173085,1.2245934683533413,1.2594381154623802,1.2933852592088262,1.3829499844762352,1.485553867480549,1.590648461856175,1.7265061630811536,2.000612504084502,2.2558577560229605,2.74484885235394,3.0944161913656343,3.411644051555364,3.737649049978668,3.888413894165583,4.042316186900609,4.1592977218441956
2003M03,2003-03,2003-03-03,False,1.1884416789444647,1.1914648966048444,1.2092903477081118,1.2284331151855439,1.2561027087284422,1.3211880533120457,1.39774542712929,1.4986221411595722,1.710191995652586,1.9184660864808787,2.351702711429387,2.7034405624426663,3.0212036256909984,3.3471225522393553,3.532613813903536,3.721660953525643,3.7935736990235345
2003M04,2003-04,2003-04-01,True,1.1062925756458024,1.0962122663130938,1.1231831281267624,1.1505935104525113,1.2153771122776558,1.2829735570741752,1.3783097956569088,1.4789889698849112,1.7055512098900958,1.9726460916075141,2.4542499690085093,2.833980220549961,3.145076581577862,3.4918040699064123,3.6884307869576207,3.8700695833126755,3.9542592943098613
2003M05,2003-05,2003-05-01,True,1.0943694645596092,1.11361030303681,1.1265909358017796,1.1458649182136231,1.1898852046207358,1.2627060997860766,1.3745821877179367,1.4707864089141365,1.7066246811960322,1.9579812556418705,2.464630883932075,2.876781487694525,3.162861796715745,3.496019324431014,3.7007051260469828,3.879151127147478,4.004904789164705
2003M06,2003-06,2003-06-02,False,1.1019306151483466,1.0986606646346644,1.1145557411219091,1.1308349174643928,1.148363344817306,1.1882944983571184,1.2248071505362506,1.3066658842955599,1.4323814659717824,1.6149974878250786,2.015625588268148,2.380907770175825,2.6998788755097056,3.042233751283576,3.258831376930967,3.4280844141775577,3.528800595464338
2003M07,2003-07,2003-07-01,True,0.8649169046540256,0.9364209711615562,0.9881090434959515,1.0394026794619233,1.0867932344626647,1.1394978507760614,1.2125334718301077,1.2972536467926439,1.4802992332939227,1.7283937586952298,2.1377272161934644,2.5225366312434945,2.838781097573034,3.181425480036278,3.406148031731741,3.5704931054044526,3.6929064908624376
2003M08,2003-08,2003-08-01,True,0.9202068963092854,1.0195332297634074,1.1081398997411442,1.1955387224448173,1.3470273562426582,1.5128875966189643,1.6459275293938975,1.7712149649704614,2.0862760191771192,2.4300381530918553,2.936460580918968,3.364064733998347,3.744280536931213,4.106857005097616,4.3377223611652544,4.49576358222606,4.5537028198306695
2003M09,2003-09,2003-09-02,False,0.9759829061715545,1.0600551025720966,1.1866112344716806,1.3120299112837799,1.5118261965221231,1.6748673107562193,1.8431268368859623,2.0435546202197443,2.3396663161022464,2.6554267522428034,3.2264967454898597,3.6605156529999205,4.015680718857144,4.297545422713694,4.510573885992388,4.642072939499807,4.728607669083273
2003M10,2003-10,2003-10-01,True,0.9353938369413195,0.9911271150933074,1.0184699700099704,1.0454737406603194,1.1202467877774587,1.1881951892785754,1.303655978642904,1.452178024866931,1.6834380746993918,1.9595440070170773,2.43754309632595,2.871679764347462,3.225686857529949,3.5249763354618975,3.775799920291709,3.9387212507956453,4.113077999515742
2003M11,2003-11,2003-11-03,False,0.9497865299498537,1.0443006844395757,1.1744355758646352,1.3044566370885609,1.388045752384955,1.5596391394545444,1.7298977550048864,1.8760167177761238,2.153372960951152,2.4432220245652903,2.9250463358153524,3.3619538638852067,3.7201085246213976,3.982002396508122,4.211091761803316,4.349098084395889,4.533866806454248
2003M12,2003-12,2003-12-01,True,0.9225910057959176,1.0484556198928843,1.264610354738077,1.4791267384549505,1.6180469132477087,1.7716430335052564,1.9142005614319328,2.091653327219658,2.3672043214436935,2.6237342795058645,3.06974170070532,3.462857213684636,3.8048587464053263,4.054831084225498,4.263500884100111,4.374520326727335,4.510553694370981
2004M01,2004-01,2004-01-02,False,0.9122618945044686,1.0168022216263968,1.1451567017710875,1.2648159742428837,1.4298006247147395,1.57547843915053,1.7450260814114409,1.9312506725498457,2.248338873943112,2.489731952936654,2.9577125782874223,3.3781955872019327,3.7252252297547828,4.005551387007634,4.229391529259925,4.350385218070072,4.536582057402563
2004M02,2004-02,2004-02-02,False,0.9223860959365178,1.0085174549216118,1.1238227313658244,1.2332935382047165,1.3573049820493182,1.4992837143162276,1.6373910221112922,1.8077695325889314,2.102301154366887,2.3662113477548847,2.7967663610644826,3.1907871674818193,3.55732580016687,3.7914450524580285,4.0142290022977045,4.136183897191792,4.327617335942889
2004M03,2004-03,2004-03-01,True,0.9440867205554272,0.996591181338323,1.080921729034153,1.15681620476628,1.209608745465079,1.3418843974240038,1.504645724995511,1.6525300053295593,1.902879652318449,2.1487458791080307,2.596381912991424,2.9862290539750718,3.3196776537439687,3.576588918130409,3.818763779047534,3.9359384300650126,4.105778403859441
2004M04,2004-04,2004-04-01,True,0.9317380296537509,1.0053295923780325,1.0957020697992452,1.1827771592249399,1.2549086863805703,1.3716162724961622,1.5163912843630984,1.6280337595001273,1.8571516361006863,2.0687521897433045,2.5044594703455307,2.8705545054840265,3.2218428986764054,3.4804030497800196,3.7090768457068664,3.8388996513382962,4.038498115685468
2004M05,2004-05,2004-05-03,False,0.9842018371384699,1.1716932765149697,1.408019417632282,1.6390578269031402,1.7847356738564906,1.9496891438535984,2.171352236546268,2.319804311618976,2.6376965085990225,2.8914892486224963,3.3218880123339476,3.6518272739766413,3.9785343893189746,4.198961949170088,4.398945638918292,4.45131922077658,4.660231386247495
2004M06,2004-06,2004-06-01,True,1.1325240174580802,1.4145227778409448,1.6278358755011517,1.838429341829064,2.0545954815321683,2.23701655310831,2.45236501035639,2.591080131846016,2.8826488695631447,3.144782660751148,3.5564001055600114,3.882095321366278,4.187557466540019,4.3952599661092435,4.581178775047231,4.664238734100869,4.823960802305351
2004M07,2004-07,2004-07-01,True,1.223945907624795,1.6315114528934238,1.8243289862996799,1.9862852662190364,2.136518694769563,2.341163459929977,2.4983604651543714,2.63957782293177,2.901540584063843,3.1210346953267827,3.4652269966990668,3.7754974879136127,4.048436269859357,4.269829688241825,4.446555795612736,4.557178978654643,4.712441053045114
2004M08,2004-08,2004-08-02,False,1.4707458566286653,1.7534740790639018,1.9060583508826323,2.055484448677682,2.1876990274808503,2.3548186411555947,2.5220787554346495,2.6489236943522028,2.8819032164876264,3.0905548331735595,3.4128512750182067,3.7164568846319175,3.961191385699054,4.160657483528831,4.330525206167229,4.4655481081943575,4.620412420061921
2004M09,2004-09,2004-09-01,True,1.570823531650779,1.7696942206278172,1.8596166535960241,1.948930460135735,2.049083787643358,2.1372929879269176,2.294953691433409,2.3872281045442625,2.5404679178190657,2.7272473359481557,3.05603932016526,3.350908828899867,3.6210015892996954,3.8255148015064426,3.9842173232737865,4.140078457699683,4.226610865301049
2004M10,2004-10,2004-10-01,True,1.695408000567205,1.985956830572507,2.0784188426519727,2.1575391150486953,2.3052717910981007,2.393370398448062,2.5109637659669892,2.620298294909638,2.790180050169926,2.911123940717731,3.2048607199998322,3.4513471629692085,3.7120312235916546,3.904581820538619,4.0427336031953445,4.204709050990196,4.32232157757775
2004M11,2004-11,2004-11-01,True,1.9433880183272048,2.1709934167427485,2.2291529638884815,2.2815631329787593,2.3223643407825887,2.407201795958008,2.494806996582473,2.583980920218457,2.729970781234876,2.840385188491196,3.119690396354209,3.3552703920320033,3.608691335100025,3.8057272020494373,3.939954434715705,4.090650582951392,4.240623392520033
2004M12,2004-12,2004-12-01,True,2.2057240782586938,2.3801713998842655,2.5108732542579917,2.6390487264546376,2.759691579375001,2.8545302657819858,2.920728120230044,2.991963645401995,3.1380666625354214,3.2556756965940084,3.500638610659685,3.7192940016097755,3.927785046923115,4.099505606674755,4.218872778657168,4.37026050250696,4.444361928997799
2005M01,2005-01,2005-01-03,False,2.2760573773663526,2.591866168496602,2.68745017318578,2.7728325781968075,2.8532109554678007,2.97313457196023,3.0228032463374346,3.0660003038207546,3.17349242550694,3.251524558577966,3.4639643234386814,3.6322145331530624,3.8290989458477633,3.9733901656379813,4.069383725853039,4.20904610058471,4.3453251864486075
2005M02,2005-02,2005-02-01,True,2.4958830524257793,2.7526603460024774,2.8499032482961866,2.9479747071368814,3.0595436583229185,3.134763463396797,3.2015515573491258,3.265377516274167,3.342337190373164,3.4173793589946926,3.559816408667365,3.7074676854655597,3.8258409184998157,3.9449040340264196,4.036597350091493,4.134815675978211,4.2713445021966185
2005M03,2005-03,2005-03-01,True,2.737536335210931,2.974541172952492,3.0967073273109533,3.2154390035088505,3.3399193003952394,3.410818023009731,3.4897963756111516,3.5541651672312247,3.6429942408437754,3.7265640642811673,3.863934692606389,4.002123019592436,4.0982034978364545,4.185551929364926,4.265445508056011,4.361989381811837,4.4422155464759925
2005M04,2005-04,2005-04-01,True,2.784879679361672,3.105239094400609,3.256376161710506,3.3909770117402678,3.508232962417161,3.5755857591905746,3.6481892285992794,3.7020309021433544,3.780847003215295,3.873779686902762,3.9985563160498026,4.108202970014227,4.201654052492013,4.274519363775987,4.334709146734268,4.452897410828196,4.53271446431857
2005M05,2005-05,2005-05-02,False,2.898170096536143,3.149497038993049,3.252592284559646,3.352723371373572,3.439445519373549,3.4931266700845525,3.5588910987614053,3.6041409195326954,3.629467510859377,3.6862622467784734,3.7695886728063495,3.860171625841327,3.9324994478353457,3.9811869265515396,3.9994889697034695,4.176934351398902,4.2721888143712965
2005M06,2005-06,2005-06-01,True,2.96037758099886,3.0941973752079734,3.194170999260933,3.290629598880776,3.350057968850962,3.409264079023871,3.438319835123596,3.4555249603472595,3.455626987333022,3.497770776060209,3.5458344170219003,3.607387264826224,3.650727982147506,3.641046119567562,3.7294647562587673,3.880195950068243,3.916995429264589
2005M07,2005-07,2005-07-01,True,3.1474170130043486,3.345563797365074,3.4957381896203295,3.6270576747178396,3.6242722113736843,3.6667836752784955,3.709682411995214,3.710957047962989,3.7145721568642225,3.7442703820211696,3.772206121217142,3.8013096277189025,3.867898468947655,3.8762052773882774,3.9315513810171105,4.0224740246739925,4.075555227930316
2005M08,2005-08,2005-08-01,True,3.4291416779822086,3.6775024839873516,3.7839786959195565,3.8838467349905876,3.921834826114221,3.958755672904183,3.9924814677042093,3.9960071691793817,4.009031168780805,4.043897450041398,4.114564909552704,4.127985224844208,4.150673096344269,4.141979849809301,4.2246844778101105,4.28530151332834,4.360949921677382
2005M09,2005-09,2005-09-01,True,3.4142910153054116,3.5941970555650875,3.6212998712360203,3.639097570442942,3.668692426927575,3.6907959491166515,3.693799371183748,3.6911843242507048,3.708074856047594,3.7261457723061864,3.7679328985800944,3.8027755981415265,3.8465679370442714,3.8567589531811164,3.954710591479905,4.014826634768144,4.089423294625282
2005M10,2005-10,2005-10-03,False,3.575586376287379,3.958295095280114,4.05659726960998,4.138978762426114,4.152180053323475,4.173407878631067,4.187741600713675,4.1664987979926895,4.172983612779222,4.18516680257203,4.2080833809653475,4.202915605901267,4.256835995755109,4.289481698419004,4.3354205747863634,4.369935778300705,4.438381595533489
2005M11,2005-11,2005-11-01,True,3.918310561823526,4.205866782869351,4.275832991898405,4.338246880777142,4.35819125013399,4.3837429406607145,4.360791124694912,4.362060804079805,4.375042944485659,4.3985074240218855,4.421498622394351,4.414537219106177,4.458929579203237,4.475131199590636,4.527779120181986,4.556327910189164,4.634486359264821
2005M12,2005-12,2005-12-01,True,3.9576845500419067,4.278981973583428,4.3518622963218325,4.398014177653215,4.418938306701003,4.376074874321034,4.380227438042296,4.382765860937452,4.3705856498106055,4.376100664416925,4.400423672686212,4.397073587646213,4.4370660811448515,4.462981711642486,4.504127111730615,4.524034772663973,4.560999695399596
2006M01,2006-01,2006-01-03,False,4.122904786310568,4.3406315848116295,4.350985433347402,4.352868563559839,4.341377723966481,4.311749272165851,4.298645824444707,4.284563406969169,4.266178036790979,4.266260096226493,4.259642337904313,4.250445359743174,4.267225110337086,4.28765803075751,4.319834923590542,4.35301450475124,4.406226235437774
2006M02,2006-02,2006-02-01,True,4.446211773046237,4.555145760369529,4.570912331059738,4.585520450384575,4.582311354084645,4.564899439827976,4.5397028811002444,4.530482054655533,4.482360946098846,4.499003910466411,4.509109339268635,4.4634073588310965,4.510341654619643,4.521347832741944,4.538345130596825,4.538781883879868,4.5845364779214535
2006M03,2006-03,2006-03-01,True,4.579604172139944,4.690125660038561,4.691894305147104,4.692439546289096,4.690445041060752,4.662552697539306,4.658471604721827,4.641231014027343,4.612808957716755,4.620531342125747,4.613126970247407,4.570749199133408,4.586993164453745,4.585724175491078,4.5979173599384415,4.596349228234371,4.579785825435823
2006M04,2006-04,2006-04-03,False,4.622671548883179,4.783858379419718,4.814873081872326,4.8450414327234075,4.856964162222919,4.818044925068583,4.8114448391014015,4.787631411055666,4.776717780002442,4.779245103037859,4.7875508057788965,4.773528155449784,4.803756196440818,4.812341632338046,4.840835461646069,4.849289395907255,4.883635342444894
2006M05,2006-05,2006-05-01,True,4.77116659596023,4.919695765157632,4.931068914529194,4.931068126324259,4.941388333395704,4.9020412984357735,4.911038911783549,4.885332103208569,4.892977248888513,4.89708294595905,4.928727423833864,4.951336819776351,4.981469447211459,5.021284928283803,5.063181387122935,5.08407681053016,5.16725517683117
2006M06,2006-06,2006-06-01,True,4.798569885281108,4.994303721228751,5.024413175447345,5.036583505877936,4.9946479284290595,4.985672454384094,4.980728964127026,4.957567920973374,4.951001841988661,4.9425412792829455,4.946192072330162,4.960226459391837,4.976559473681636,5.012947922199369,5.043077216680569,5.065862260299766,5.098404830319931
2006M07,2006-07,2006-07-03,False,5.028746265080622,5.224975774426136,5.2190160891007,5.204688773035488,5.188275948647585,5.144116159703894,5.1292061246586895,5.092920204563107,5.071702650999369,5.068601183120112,5.032866290794024,5.03738063736247,5.046561816023584,5.059819179350689,5.0818696872574725,5.096893629559761,5.13176621642359
2006M08,2006-08,2006-08-01,True,5.079332267825822,5.104070821796771,5.07424829764564,5.0403563047579025,4.986957098514263,4.947197822368419,4.929665327016495,4.88047234689776,4.857637401278881,4.840813219126811,4.810059845947244,4.826974811219849,4.835524429634373,4.86896052418527,4.892393377342322,4.9203221175213985,4.966668965081265
2006M09,2006-09,2006-09-01,True,4.995064810781335,5.047480556189282,4.9811587524170875,4.917173132813431,4.85340434038081,4.803121150503448,4.7448643758788736,4.701204608725624,4.640179499555458,4.620987080209947,4.614211477847775,4.624916722947019,4.6234524688012435,4.660868344430642,4.680035578600139,4.694398750782428,4.688309174781546
2006M10,2006-10,2006-10-02,False,4.858807891150029,4.95274596620278,4.892404119953028,4.826003732077639,4.750121380585397,4.684769571941624,4.626019317209516,4.578845543333119,4.522336808648714,4.502522101073554,4.486468792778342,4.490129700448732,4.490907758500818,4.527115404674851,4.540149837711879,4.568078986415722,4.5947379588677695
2006M11,2006-11,2006-11-01,True,5.031416503216029,5.034707973356218,4.921795804965553,4.808705733427746,4.741306470434332,4.676325262233779,4.626690809882461,4.580072478834328,4.521508196950526,4.4929577219251655,4.462080611603324,4.466301698316939,4.454370268837325,4.485040109023095,4.501912102485499,4.521048848192937,4.55979135380876
2006M12,2006-12,2006-12-01,True,4.992337820363495,4.99026044923794,4.864534061563521,4.737471386973004,4.619736221911491,4.542695341115058,4.492927406326026,4.460097467485843,4.384956762442834,4.350870706690301,4.324313956894495,4.3337373477882295,4.311156904927406,4.355272222835648,4.375445097822226,4.397585844821326,4.42166071595622
2007M01,2007-01,2007-01-02,False,5.024583466566851,5.029185482721755,4.985668817653986,4.935815567430996,4.878662396255723,4.8274124705096755,4.758051101261848,4.724200743754546,4.662064716367782,4.63883881851729,4.614686383223799,4.618122533942421,4.597156793109651,4.629374648629624,4.626889512938819,4.639031962083587,4.66458028077169
2007M02,2007-02,2007-02-01,True,5.095542587324883,5.097191929248923,5.064643009570286,5.022092268557351,4.979897035235538,4.959826403905711,4.914114016391174,4.890529547314464,4.851716074336148,4.805723146032164,4.762120974579963,4.773420696445564,4.755558489123681,4.785350831780722,4.785027096363799,4.787850485346458,4.819338929846081
2007M03,2007-03,2007-03-01,True,5.09462423454635,5.033360592291357,4.923756385182654,4.813702041858803,4.6972022281017525,4.648269375268766,4.589209681337786,4.549929394740781,4.51354528855327,4.466436850765241,4.439982211307313,4.437979486167701,4.428884194516424,4.484641725639999,4.512228424987715,4.525369502760852,4.5177138727475326
2007M04,2007-04,2007-04-02,False,5.006553342054111,4.9995524585238,4.922166676394883,4.838250632161476,4.750563876150644,4.664011258306865,4.596183024690155,4.521774343684787,4.501397187687482,4.473641678003134,4.475631992416472,4.474460824832163,4.482332322538865,4.548572677076348,4.590194082256162,4.61680262691542,4.650209650142098
2007M05,2007-05,2007-05-01,True,4.841491260788599,4.932508251018419,4.909356908048953,4.8768324736062,4.779251342595989,4.714243018221286,4.640491074818697,4.568361526931869,4.516360969134507,4.477412612335349,4.473187461686087,4.477209155737858,4.4712200274678695,4.530896556842989,4.568186381995583,4.599630108939366,4.655562066975097
2007M06,2007-06,2007-06-01,True,4.757415446843851,4.914307353086665,4.967773386323679,5.005614822782627,4.994765481298993,4.95268374235416,4.939141757730487,4.903382471170695,4.871056511426955,4.850968436058905,4.858930561147626,4.8556302459836935,4.84103209617552,4.887321866421587,4.907266862585001,4.918946912589578,4.941633925191274
2007M07,2007-07,2007-07-02,False,4.865974931299711,4.926568978036902,4.929799218828761,4.917814332973084,4.8622988692798454,4.834611797915629,4.8180452950821895,4.778089720226196,4.780660243549298,4.769220375175629,4.805974424691146,4.829261329763292,4.809124995189064,4.882414554743939,4.940588343182897,4.966876926899174,5.018478446942349
2007M08,2007-08,2007-08-01,True,4.842491810041428,4.887011581720397,4.836613137754339,4.78379023440999,4.692086628218138,4.627014786988989,4.589684873020816,4.538932872974559,4.531677141119209,4.515630846285263,4.570445768903242,4.584815006405293,4.610085117188576,4.69383480271173,4.7524216115155955,4.779493337363989,4.860268350854359
2007M09,2007-09,2007-09-04,False,4.418439746636538,4.463055589575452,4.355233049895809,4.235039617837467,4.138463567724263,4.175637640902409,4.124519151964509,4.084665033887647,4.132438240173652,4.108876264509839,4.186098118392186,4.213198990576677,4.270645215442432,4.364691150695664,4.498295700633114,4.5378090909172215,4.625356381401105
2007M10,2007-10,2007-10-01,True,3.8930577407071314,4.113942624925826,4.104303459485268,4.096448808567482,4.016295600093474,3.977520799858335,3.9788057158945964,3.963803206991787,3.9800158000839527,4.007147812815893,4.101540002346561,4.196194382581345,4.2440896310517,4.351636318077219,4.470347867641036,4.539623079746478,4.633531938508071
2007M11,2007-11,2007-11-01,True,3.7735148993845287,3.893061898498225,3.8784872080351045,3.860818224111929,3.7838252673133557,3.7520121098664627,3.7453296599736596,3.7160879668375197,3.722205721663156,3.7644341805819,3.8998843361053908,3.9853669929476268,4.041012918562947,4.1613136936185375,4.277375636158242,4.3537197248694355,4.45754624954727
2007M12,2007-12,2007-12-03,False,3.0027276658889805,3.214754717896879,3.0682444337599994,2.9102934257457327,2.9182087144478515,2.867314797115773,2.882083718881481,2.832521232171079,2.810147795371141,2.879377373352891,3.1292470881515864,3.2378921879354343,3.4022456212842713,3.6517112236182343,3.8419361184837144,3.9275996826069353,3.9132639636557194
2008M01,2008-01,2008-01-02,False,3.2288215705201977,3.2699950090078955,3.1047787343288413,2.935499487289367,2.9190966512486627,2.9002531638787183,2.8551226423914002,2.8510642621800075,2.8207090806876947,2.849723257300908,3.126251660197115,3.2777299537096045,3.430283308926454,3.6724074116562493,3.8678525341636334,3.96283881112519,4.023064042435686
2008M02,2008-02,2008-02-01,True,2.0910610899895263,2.123927276382452,2.1192824131868413,2.1048832542195495,2.0351144049262393,2.041415181556302,2.0423267423948457,2.0566666545534162,2.1039269259416926,2.185898318120607,2.522618798213952,2.7468185174142117,3.004017496424517,3.3395377908761867,3.5462724898170794,3.6496990992968437,3.808447436735904
2008M03,2008-03,2008-03-03,False,1.6760315614494352,1.7971586063160714,1.696891103244981,1.597403709731234,1.5582087576766883,1.5585661418720702,1.6140938353261203,1.628499633580807,1.7205924333884595,1.863401471533531,2.2577162503633166,2.5234611667570563,2.8279675722216577,3.224325983566555,3.484607361915145,3.645763580170628,3.7004994086152108
2008M04,2008-04,2008-04-01,True,1.3825846987787194,1.5256871189823908,1.5870682117849568,1.6473046302086989,1.7140880665634752,1.6970849621144657,1.776999761753004,1.7859147509779294,1.7719497525779733,1.9543679166149546,2.455873647810026,2.658951521873336,2.7747161806183436,3.0998271138859264,3.441242850494672,3.6961763259698333,3.8722596485135417
2008M05,2008-05,2008-05-01,True,1.3909223334976077,1.6073556288782784,1.8132256002134666,2.001749273580235,2.142607140513632,2.250587877013595,2.312145385941498,2.349548533551566,2.31271462947963,2.5405442184610885,2.9139340524287354,3.085411620124851,3.1851837959744023,3.439099180299745,3.696413325146001,3.8977706373944256,4.095456144763955
2008M06,2008-06,2008-06-02,False,1.8390799691033977,1.9842327930670391,2.0488628779741993,2.1109228900101895,2.244477904648614,2.3324516904835826,2.4011633987375367,2.496052983536786,2.6213647842235788,2.798998463324581,3.108464417155289,3.2850468177865952,3.423344028825579,3.6533280196157736,3.920850828613524,4.129263707413119,4.191484444904484
2008M07,2008-07,2008-07-01,True,1.8241674854227266,2.128322171753803,2.245912269910747,2.3226826602118122,2.357759761852887,2.441320930877155,2.5096525496603213,2.6406219755886915,2.726883684730795,2.93201317763994,3.227406016483118,3.3595266512221658,3.451553105202951,3.687087963832302,3.924699311132527,4.175953085262015,4.272094974974828
2008M08,2008-08,2008-08-01,True,1.6657978253207288,1.8733196598187265,2.0851724250533255,2.2394771849512223,2.2063419386793894,2.263372219555604,2.316862672618475,2.4808631267991132,2.5795415248514213,2.780208207645073,3.0272583919833096,3.2163573279215742,3.3503835642649373,3.5946231187542246,3.811083918664316,4.096948644849419,4.256568839494761
2008M09,2008-09,2008-09-02,False,1.6995468778600777,1.9473034652900136,2.0131438406092,2.0886862539453945,2.075772630242836,2.0851510019835016,2.1503600456218175,2.2326321270991656,2.3645459714513652,2.5107484398170454,2.778037415121135,2.994381424221606,3.123237055279676,3.356866975324555,3.573634748162766,3.8349957389039555,3.8796411809834437
2008M10,2008-10,2008-10-01,True,0.7610425855904644,1.4473879957467886,1.6022355190869044,1.686899902311632,1.7522527905621927,1.7061196512174244,1.715015953201427,1.8082662165906842,1.8837711702205562,2.1837146700358803,2.5435362579855583,2.880102670308137,3.0008008970983933,3.451679457242143,3.7603536598655207,3.8833814398044715,4.0455344465917875
2008M11,2008-11,2008-11-03,False,0.46779888644781725,1.047178600421288,1.1818411869152077,1.3208508190713488,1.3557780914624458,1.2289214647339097,1.2548680826750267,1.3851818175351118,1.4240957390191342,1.6891960524137242,2.002789287726264,2.725107280710487,2.8877336732544383,3.8930809528422783,3.9986037210654737,3.959901665215089,4.976797381919898
2008M12,2008-12,2008-12-01,True,0.04196719350348142,0.40393879052731446,0.681958183949194,0.7330525349955967,0.5965862019319004,0.7008537505528708,0.748496861111627,0.8927308202038319,0.8924964962703634,1.1431373936657971,1.0220029957406456,1.7408099257533678,1.7938552305123572,3.0353336347581177,2.974475822268274,2.800246572633427,3.369246887114176
2009M01,2009-01,2009-01-02,False,0.08688339528487082,0.2793544456140976,0.27749039206109827,0.38191990494965383,0.4529710198919533,0.5213719272279838,0.6092480233576203,0.8018801924181257,0.9565472629051046,1.1055040030244032,1.1589461761339177,1.6627393884485615,1.6894566845284478,2.2950533700735685,2.4739300127408628,2.393175701588635,3.1122880033987608
2009M02,2009-02,2009-02-02,False,0.2572387798317021,0.381422786385886,0.4307137612276005,0.5126554491899943,0.48608567679586223,0.5651590492976771,0.7308614262356486,0.861848008198749,0.9866792144644488,1.2503167476619481,1.3759269339621356,1.7472332089138645,2.2420634396392836,2.3339786901792356,2.7390712328509554,2.7938559305535846,3.6921998250143333
2009M03,2009-03,2009-03-02,False,0.263517061541809,0.4348422303544338,0.6128868280814691,0.6406607890828275,0.6543818957309697,0.693103974271096,0.8054992340127333,0.8615949174314652,1.0343652330484492,1.253885027710032,1.5125187207018471,1.8363679435746332,2.376480540746152,2.780254347145089,3.090848088494426,2.935929614273812,3.390209235429985
2009M04,2009-04,2009-04-01,True,0.19997744937685227,0.389499113672033,0.4726953979963638,0.5828109427726977,0.6142699410553745,0.6422314600934651,0.7582205513481637,0.7960127529956195,0.9442849688800471,1.1708032205712375,1.3192795742031795,1.656013157303641,1.961478510152468,2.2940115164657655,2.5660143934958786,2.727148690600551,3.0740810178547138
2009M05,2009-05,2009-05-01,True,0.1458731182883122,0.29762201272089206,0.38195870144605526,0.5143698097478336,0.5993084943253879,0.7339953048681155,0.8030724226267694,0.9007374147438855,1.1811266401939815,1.376408445963385,1.6938675363001945,2.0272143015167576,2.3684494913139207,2.7751877590010894,3.1598624034288507,3.3162875240919356,3.6564274637960787
2009M06,2009-06,2009-06-01,True,0.11438428989964818,0.28227447898663616,0.3453596612515647,0.48213761881480915,0.5731195803068808,0.6751294249877968,0.8328653066010688,0.9558341394048384,1.2055998869827669,1.4560654051621669,2.0540865674303066,2.5619840172512207,2.96823486611241,3.354993400256963,3.682766662039509,3.826424316180762,4.180650585697361
2009M07,2009-07,2009-07-01,True,0.16569683217064712,0.31903285510919116,0.42411899367076744,0.5316313993357532,0.5156161971481479,0.6868106159196132,0.881334532148112,1.0633475506673598,1.2481671847337454,1.560742474083364,2.117976123811278,2.550881687528954,2.9755432925576786,3.2926736902115596,3.6077602827989876,3.6520466254146373,3.829813268491115
2009M08,2009-08,2009-08-03,False,0.1836409481366165,0.27317318548639424,0.3315672582428903,0.5011900767617864,0.746633155384265,0.9169871477542694,1.057067624553363,1.1871981823568805,1.4677380101459332,1.7054768051467408,2.23765309512661,2.699844316736743,3.1234191734300287,3.3762689607170078,3.6735947330652183,3.724782766755795,4.055832494559517
2009M09,2009-09,2009-09-01,True,0.13128345013615617,0.22487474462986093,0.2923224403673758,0.38704864728130145,0.4207420143644264,0.6045044555090974,0.7446461042749695,0.9201039898078436,1.2105203947560916,1.4093266123627686,1.8957218369429416,2.3539582338533314,2.8079825881252694,3.0557958574975874,3.4189542501696506,3.498017537393347,3.6682272249304413
2009M10,2009-10,2009-10-01,True,0.09526442938487399,0.14667027929403342,0.2440749969877745,0.3318525647622292,0.4160469406469032,0.5485752768477211,0.7097412384960278,0.8754441358452852,1.0868737519445033,1.3221899066980816,1.780712796819852,2.2199693705682235,2.6573758712008324,2.8661465622794298,3.1474024725293765,3.296016348007284,3.4727293010319924
2009M11,2009-11,2009-11-02,False,0.05308814060835293,0.1616379057247218,0.2461994897535461,0.3837129850975992,0.5005046316738924,0.621947123123941,0.7455149947969346,0.91632794268065,1.1919356293891328,1.4191205475523172,1.9176461381173262,2.3654304465865317,2.7833405071560344,3.0826646552253236,3.3215905899808917,3.5446679791213827,3.706436107067935
2009M12,2009-12,2009-12-01,True,0.04767472601099844,0.14209213015411978,0.18579814366359124,0.2722700966904528,0.3612698670931181,0.41826571942493834,0.5357433339800179,0.6652378524914704,0.8915088934586562,1.105130981581085,1.605130388233423,2.070493537280637,2.483142122743318,2.822657957734486,3.127299299161959,3.4130650776172957,3.456621433037177
2010M01,2010-01,2010-01-04,False,0.07084611609625423,0.17590830445844477,0.3143002324571879,0.4398228289595552,0.6524654235765516,0.7826057603059622,0.9340884332042104,1.0822467997792704,1.356544604922778,1.6149379751751187,2.165621416853026,2.6826751705781984,3.098564593368167,3.4399799938156708,3.681923605739009,3.90228134292835,4.059556746129817
2010M02,2010-02,2010-02-01,True,0.09093788639164634,0.16235400384699403,0.2292149805349985,0.31889515683389874,0.42812515852703936,0.5470908362137242,0.6994309952983984,0.85601489842358,1.1309814006674845,1.3703082091392749,1.908058919473267,2.410973038500396,2.8517173771896394,3.208113964870054,3.469696494177532,3.751789553420235,3.9916692829405998
2010M03,2010-03,2010-03-01,True,0.12489481158525016,0.18524722320311818,0.238235621105112,0.3064789751282128,0.37112401414881085,0.5012220576478639,0.634055375731582,0.7979896525198001,1.0237871201152322,1.329664547363612,1.8276283314645407,2.322687910213684,2.777346085481958,3.1294974443673427,3.409924799791633,3.6848867717927196,3.8788346026832703
2010M04,2010-04,2010-04-01,True,0.1569514941525146,0.23716361403899355,0.29897271898367206,0.43388677873447307,0.589968476629026,0.7458731007498761,0.9026533491951723,1.0520807165062607,1.3252044464429615,1.5998001590779365,2.1785237865108917,2.62592067821725,3.0724953813327085,3.4042210349860893,3.6566392871438644,3.8990659567294585,4.170517751542252
2010M05,2010-05,2010-05-03,False,0.16431468520087988,0.242786749902768,0.30509490677118467,0.4434375525057594,0.584599958584129,0.7172739182046822,0.8467250308686675,0.9756308428985943,1.2101566908816543,1.5136540280143043,2.051151644558401,2.495217639589601,2.9038488396245747,3.2342820352418746,3.4920142900494646,3.6961610039101074,3.9969505122780626
2010M06,2010-06,2010-06-01,True,0.15221645864694155,0.21904804478185969,0.2610877571382319,0.3669650411124927,0.5390466491787016,0.6097036640999072,0.6775290534180699,0.7417595943175431,0.9656683887469427,1.1893357955065396,1.7163219756595613,2.088980506161103,2.5369483705781968,2.777780136070663,3.0477508128519197,3.329408121596849,3.5398305436293396
2010M07,2010-07,2010-07-01,True,0.1669881544897411,0.22011353306161877,0.22318600510345768,0.31208447945140966,0.42448571226275134,0.49637169246469415,0.552244929547619,0.6003415215953006,0.7338509825542625,0.9760017322929214,1.49253714289307,1.8293101181880635,2.24327760340017,2.490189656466378,2.6896964076882837,2.9984772701639852,3.2442179832376703
2010M08,2010-08,2010-08-02,False,0.1420668924397447,0.19363473007606385,0.21465084814653174,0.2820748312482497,0.36445823918644416,0.4430432682059414,0.4814378553101394,0.5377296144179392,0.6156682076794912,0.8179061690084067,1.2516194264234342,1.6629904447087123,2.103960917289413,2.4083193620744745,2.6095526809180765,2.990973606425039,3.2876411785418473
2010M09,2010-09,2010-09-01,True,0.12988254334437482,0.18456722877837056,0.19290465097632217,0.25087729062244457,0.36178359298513313,0.410043109623215,0.457635614451565,0.4950454613773568,0.591999690314092,0.7367697789390113,1.1042253949502074,1.4189959327398909,1.804838344331949,2.05593164063424,2.305904125715887,2.614052963156311,2.7727696979156176
2010M10,2010-10,2010-10-01,True,0.1479345844105073,0.18796737562445096,0.20701818082767237,0.2510242949226966,0.2713504387224639,0.3185226704299753,0.3503310106668651,0.4178144613690568,0.4797988065430129,0.6424005715290307,0.954316308707156,1.2710341156640075,1.6562365447130443,1.9347292782473071,2.23459932707895,2.538347888671749,2.7424017014098157
2010M11,2010-11,2010-11-01,True,0.11787217443201323,0.1539678989299371,0.190370213607747,0.22903988981467244,0.2523532013171993,0.26051627291739654,0.3052634377997326,0.31528982370842573,0.3581233722998941,0.5001327118177457,0.8194656109844131,1.180594795778592,1.600741793094395,1.9477605840528849,2.3176424582556185,2.605803903370703,2.8882292318772618
2010M12,2010-12,2010-12-01,True,0.1557961189318136,0.20007262442040158,0.23645508745782884,0.3075949231693002,0.3783307883038589,0.460988978276734,0.4973572329961025,0.5211259173572562,0.653979991202855,0.8431818993168009,1.2610375351992946,1.6524090128269073,2.032562267781136,2.3814989497120016,2.6222094603305655,2.896627030118476,3.0936353996624684
2011M01,2011-01,2011-01-03,False,0.13427389354144867,0.18687945987700263,0.22118996174713002,0.3066706905900708,0.34444184739565165,0.38657818053845927,0.5057899674160596,0.5803297004190897,0.7600958997799627,1.0299168415895759,1.5484005943904506,2.0396962188298757,2.472896163919065,2.7990390264435434,3.015643685022412,3.2915997631222176,3.528742316521707
2011M02,2011-02,2011-02-01,True,0.15221645864606287,0.16752180955051812,0.1985870163559557,0.28996294049116417,0.3518761417701484,0.4149510766701121,0.5049515268921381,0.577247638316417,0.7829477013500915,1.0226011697953095,1.5351176578407661,2.0450424823989457,2.4992550019800324,2.8507414119046754,3.0989310630605327,3.3959198322753967,3.6644177316597104
2011M03,2011-03,2011-03-01,True,0.13130592799663318,0.16040479780272626,0.17357188176377059,0.29463657143085636,0.2662240528349158,0.3713642957038043,0.504265594580121,0.6346608268381246,0.8519068745727705,1.1332693248151724,1.6245158625389489,2.1306667472378376,2.54057469389057,2.8753070884039165,3.1070699464100047,3.3722161740745675,3.5872546365550524
2011M04,2011-04,2011-04-01,True,0.06214817591686511,0.14757679948672556,0.1870492151557904,0.32819651518088405,0.3989316681058906,0.528842122465796,0.6702253176978258,0.7956096140280531,1.0490138342695818,1.2939013773870565,1.7981186093220352,2.2736837530730867,2.658719799500925,2.9710215367468544,3.1869452307922166,3.4286839071967647,3.656625988228522
2011M05,2011-05,2011-05-02,False,0.030438658108972855,0.09722436990972563,0.12712001313683255,0.22371302501968132,0.28156821412022115,0.3843552764778462,0.45727026312571156,0.5881506316496867,0.7815749910976946,1.0218584671766016,1.510460204378098,2.0015396988984255,2.395804335963201,2.725797203287102,3.006127755743273,3.2879134777527788,3.565573776684604
2011M06,2011-06,2011-06-01,True,0.0408345329392199,0.1014840765233197,0.12048044475421128,0.21497344151000528,0.2489034303941871,0.2750624600636168,0.3524266503149626,0.42983155744920154,0.5667657500125645,0.733190088834338,1.1645257713665915,1.6161133600126831,1.9953953872241055,2.3272738097168673,2.5963055370898243,2.9077148330242237,3.137944219298848
2011M07,2011-07,2011-07-01,True,0.021243410916591342,0.09776812101533845,0.1167572725938575,0.22970163437075344,0.27374260414754864,0.36879135866481666,0.43488109842312683,0.4752950534633513,0.679424997551621,0.8455924555369636,1.3257629318163444,1.7972346539508208,2.246820593237786,2.587180150834245,2.8537627414822184,3.190505910773453,3.4474800142289963
2011M08,2011-08,2011-08-01,True,0.08547884594234119,0.13950863747558687,0.17146854169542292,0.2684037015111011,0.29888817282503516,0.31417520298779894,0.3316414144408759,0.3526888866265789,0.43400279796435004,0.5596283207937316,0.8976066326925374,1.3362862839532472,1.7249472649034308,2.1109127734653392,2.39951590694732,2.7272459551725787,3.0093384848102605
2011M09,2011-09,2011-09-01,True,0.009693016853884354,0.041991877614285404,0.05860621681137094,0.13711062682081207,0.1034840721742923,0.12480416607638734,0.1794889487263558,0.18607720087413437,0.22562748426574794,0.3168570431440589,0.5436727214844029,0.9156991119012019,1.2502831777344483,1.5026010822931146,1.7508737006477433,2.0555256960845565,2.2932420007914613
2011M10,2011-10,2011-10-03,False,0.007020621779069188,0.045706783389710966,0.06775437409451388,0.13649686123987861,0.17860562623274628,0.2165114511617423,0.23923781747178133,0.25224192793328215,0.32575863828041024,0.3919331843101061,0.5876179976722997,0.8699439947248983,1.1056967794437662,1.3351397678511374,1.498825472286516,1.6767110285167517,1.8784435435219786
2011M11,2011-11,2011-11-01,True,-6.5228302849311726e-12,0.04267151343073655,0.06319483147770111,0.1589825590254447,0.1569868868438793,0.18758707690953969,0.2181688016426941,0.24769019363816835,0.3107765296914183,0.3954749665998605,0.6087212566307886,0.9304342382408703,1.2305318992829046,1.4890481538767155,1.6979817493317249,1.9147604660507866,2.159485372099022
2011M12,2011-12,2011-12-01,True,-0.00980600620995821,0.04747374127589078,0.06592501294229197,0.15345848419927305,0.18710087111243837,0.24033335201229736,0.24807964935662344,0.26985559991938673,0.345217785683653,0.4237778831725715,0.6780982427151228,0.9882374545457633,1.2835760355557768,1.5601102783769913,1.7837321382481741,2.009762013776738,2.1912042029312304
2012M01,2012-01,2012-01-03,False,0.01906919497743081,0.052774360863416435,0.07455777665145663,0.14151057706148126,0.18735740195093203,0.21495158210930598,0.25145415030286344,0.2586756598619138,0.34725698971819763,0.4231923725132849,0.6243314093186761,0.9110922107691325,1.1868416412450071,1.4335272705313638,1.6484723041611324,1.867486932460962,2.0546219141350925
2012M02,2012-02,2012-02-01,True,0.057097063352652494,0.08585037476462491,0.09640905790277583,0.1562726790465318,0.181136662925745,0.20903073461311372,0.22039341303263174,0.23540062606687498,0.2666632190552632,0.3167205375363291,0.47588474320715296,0.7417352473162645,1.020039320080301,1.2870859236033763,1.4861430002444158,1.7300382786540152,1.9426494521835358
2012M03,2012-03,2012-03-01,True,0.07080062791115747,0.11716434899833938,0.13856398745639564,0.16142191148087637,0.22593699287036065,0.2532772506473543,0.280546190160341,0.30379692911080053,0.37501616039644353,0.4497531715614275,0.6681107246795843,0.9070849776628593,1.1651519820253877,1.462834234031814,1.6957618786133444,1.9193278600419634,2.102605580828978
2012M04,2012-04,2012-04-02,False,0.06654229466741927,0.13103298424569904,0.14398277071459123,0.17945697258413496,0.25774813884814035,0.29718337147672835,0.3207205531393602,0.33906292790633563,0.43798778663054094,0.5237996995787683,0.763377902234504,1.0300753529550375,1.3339225127484122,1.6038746343184636,1.8740169660429646,2.0998029515278813,2.283246998641471
2012M05,2012-05,2012-05-01,True,0.08380254319547537,0.14413182814877779,0.15442867882987316,0.18272390772941588,0.23832668523295028,0.24839456476016672,0.26539487039840914,0.28068403366189487,0.3517200483797182,0.4210012403854941,0.6316350241568579,0.855107732690734,1.0913418732421543,1.36738093915652,1.6386559166485897,1.8647878613802602,2.0586647649190475
2012M06,2012-06,2012-06-01,True,0.07102713902875496,0.11399201504945901,0.1462776896667713,0.17616854792351688,0.23491848436308885,0.2573214697563109,0.2601770597009593,0.2621443277342154,0.31693099288668053,0.36570178126252345,0.5195700430754536,0.6420903109305929,0.7991792571024522,0.9432483264706647,1.13929968728481,1.3463979537108266,1.509268699772436
2012M07,2012-07,2012-07-02,False,0.08450485352431612,0.15052300765926901,0.17202966734655936,0.21271495891406,0.2722189086173229,0.2805068375817199,0.3053428700325864,0.3015237255661598,0.35004581870391355,0.4152409273397749,0.548847593972367,0.6957422840899776,0.8849055931892252,1.059277561618939,1.2724300221888811,1.4844770504430267,1.6596542921518729
2012M08,2012-08,2012-08-01,True,0.09161749140135353,0.1388740405130321,0.15480813338739813,0.17072703921762103,0.20440329370003782,0.21792478770860663,0.23800758693140567,0.23313549248050744,0.2830359552789714,0.32847088672938585,0.48771319080042,0.6548075079204645,0.8548829915232499,1.0404222508873082,1.232814745163719,1.4397817468971503,1.607667428521766
2012M09,2012-09,2012-09-04,False,0.09709929511522819,0.1319393437454343,0.14211737991884316,0.17749141728315246,0.21019887845880647,0.2239234294836765,0.22989096570808065,0.23696410435343102,0.2763351450411159,0.3163343586217279,0.4491086594019405,0.6278971663607519,0.8422366843468754,1.0413232534539132,1.2597196738306993,1.4585987958739637,1.6367208964951019
2012M10,2012-10,2012-10-01,True,0.07589713054755735,0.1277242654290885,0.14719580329989543,0.17016572270246175,0.20686335334170872,0.22293839068109328,0.23698083549540233,0.23924667536960798,0.27394337426371723,0.3203913330062862,0.4636731481383779,0.6285329503219474,0.8379674788233084,1.0604799111395022,1.287496149788283,1.499798959584017,1.6995281232823751
2012M11,2012-11,2012-11-01,True,0.09245558756788301,0.14970705819971453,0.16095317435042708,0.19886785861220574,0.23586394500135255,0.2547889362239168,0.272100856348937,0.2926322798311963,0.35040288040016604,0.393839823238257,0.5663016936049898,0.7505218342869975,0.9739764854783339,1.189857353922736,1.4065752361691524,1.6211254031921072,1.8168941392371585
2012M12,2012-12,2012-12-03,False,0.07610098874238275,0.13610929223811594,0.1522744201978437,0.20093623678998979,0.23407451664672219,0.24312252295036252,0.25723076991513283,0.26219535189589627,0.3032239459584058,0.347983253244455,0.47167422946092946,0.631933133511826,0.847205619915014,1.0612995908680292,1.2802956710618416,1.4915587612367676,1.6871895237565673
2013M01,2013-01,2013-01-02,False,0.07435690082032952,0.11330083090939434,0.12813595290022153,0.17209427741349265,0.2135126306755667,0.23021893528167503,0.2427922310508133,0.26323151293212854,0.315448547677516,0.3843749278126513,0.5588898202223886,0.7690695721792625,1.0070051711312282,1.264534901442451,1.4944588961598844,1.718397969324642,1.921145716991797
2013M02,2013-02,2013-02-01,True,0.06642902452216978,0.10461097822025554,0.10727674811424612,0.13917175779956645,0.20210415904734938,0.22870891551058106,0.24899565836815585,0.2729618181977726,0.34810140959759844,0.4285886443159917,0.6587331823870097,0.8927621216943442,1.1634893906683097,1.4311816355300517,1.6791849432083732,1.911797111181185,2.1232222235834888
2013M03,2013-03,2013-03-01,True,0.10242263739593095,0.12296546792060262,0.13555485644072943,0.15398196740295894,0.21373114732489693,0.21696223318424285,0.21885740336429035,0.2498462842952087,0.2922333537896163,0.3536935351924614,0.539842153765606,0.7489742547145303,0.9937337538145136,1.242549293149311,1.4862022544333264,1.7188345545200268,1.9230483609567912
2013M04,2013-04,2013-04-01,True,0.06595335367386546,0.1048828641090167,0.11344179569113066,0.1365864635035624,0.19875302270049136,0.21240320302444646,0.2242216103578742,0.24486415471342698,0.29518470809242303,0.35445177384488963,0.5482954680090093,0.7574582152742413,0.9873261929352756,1.2437433080602112,1.4852873141293688,1.7113875165154662,1.9251833705253691
2013M05,2013-05,2013-05-01,True,0.05073238374825342,0.0763800957189767,0.09765579974553955,0.10748993782403918,0.16304247683463716,0.17566035753079629,0.18897440312375013,0.20826323381894085,0.2568426359898703,0.3089470055626356,0.4596454282708484,0.6515343163209288,0.8595868735046391,1.0904337075185992,1.315509909400225,1.5316636896914984,1.7250056949551895
2013M06,2013-06,2013-06-03,False,0.036689787429731925,0.07061085441340718,0.10112302884717368,0.1451768838331851,0.19142575280232324,0.22306108636921665,0.2690975713434719,0.3011070842040805,0.38713366594703147,0.5049779517803128,0.7752750801372372,1.040730458696846,1.2904228070669927,1.5510284867299904,1.7994783575175417,2.0186912974020164,2.1900197554141534
2013M07,2013-07,2013-07-01,True,0.01580789415060748,0.08630349913445401,0.10149695466583569,0.15205253215245745,0.21297865805865887,0.24904809434158023,0.3147027775092087,0.36207549749593804,0.5074036977409201,0.6886110160458594,1.0629635549915912,1.398271195004954,1.6872707803690699,1.9594990112775772,2.209143842659938,2.405170368012353,2.5818576454657896
2013M08,2013-08,2013-08-01,True,0.04058539223086103,0.07311771616759283,0.07603049327675236,0.13595111287015593,0.1823768819539563,0.2198414969746569,0.28799809910854335,0.3383921537076315,0.4838419274549156,0.6814804858944354,1.127017226591549,1.510415025071266,1.862221756813163,2.1882771796497473,2.448251762130108,2.645849493449406,2.855645197685704
2013M09,2013-09,2013-09-03,False,0.007926533416509087,0.045661462025292025,0.07934485264035067,0.14243297847790337,0.21659435634979232,0.3002485362016233,0.37139760214780154,0.4299516648900302,0.6157890392604511,0.8458305981534985,1.320480361876057,1.6997088657243258,2.0591607613762446,2.3604932967942194,2.6272691907551255,2.820046073988568,2.9835451254550107
2013M10,2013-10,2013-10-01,True,0.015219039518988228,0.047745579262842876,0.05904261318351898,0.11213240851115959,0.17437070317249828,0.23448820984381358,0.2915114224369081,0.33183984595609956,0.4776267116721684,0.6761619509806169,1.102423268615167,1.4482407102735917,1.7890670451579758,2.1017277084297024,2.3810069376697265,2.6010045673983218,2.7849346667424966
2013M11,2013-11,2013-11-01,True,0.040585392231160096,0.082361290149358,0.07265996783387513,0.1300112808026698,0.19155588883647487,0.22411225186042932,0.2730771829530533,0.31892189745144517,0.45287998030137266,0.6341512630957583,1.0361136276502056,1.3849598659183195,1.729070170693294,2.065961194898877,2.3565443722794255,2.5786689017718674,2.7686269740516156
2013M12,2013-12,2013-12-02,False,0.0671312517509822,0.10229981873936149,0.09134378171685023,0.13358349589013954,0.20452059394749683,0.21761276601009338,0.2504263016941257,0.2887814458518136,0.4120970969852297,0.5968173500661907,1.034975126932847,1.4212660010374314,1.8439757382264184,2.198849708537993,2.4875655772440655,2.737768442605799,2.9180945040674406
2014M01,2014-01,2014-01-02,False,0.06572684564005425,0.08902232552742316,0.07374763048412852,0.12982939251971037,0.20395493384452126,0.24042303936177722,0.30599370582793717,0.39064479515238715,0.556813573504495,0.7940614534969328,1.2978361008416492,1.7367574311312144,2.119097719358547,2.4766269603925966,2.727707513005404,2.953110417136055,3.1222577185121914
2014M02,2014-02,2014-02-03,False,0.03786764621032899,0.06251543403705946,0.0744727243029059,0.10071649354773166,0.16747273032792592,0.19920046505410796,0.2397140765181262,0.3005475699910813,0.4651562172585062,0.67041657374538,1.0927199260667764,1.4593946322726754,1.7977919243830458,2.1061255530333276,2.3507622286076097,2.552364023860226,2.7086345414331325
2014M03,2014-03,2014-03-03,False,0.04350715762047114,0.07778476050860472,0.0888794203932533,0.12023728268074853,0.16518164451942602,0.17988630635881006,0.24408562132066358,0.3020089369673345,0.47538691670340455,0.6874122512873838,1.1135415043315762,1.4830949355292584,1.8349921347389415,2.1238986563569444,2.345766910525995,2.554974016642799,2.702919210050735
2014M04,2014-04,2014-04-01,True,0.0395437046985183,0.06142801786593122,0.08115218434221463,0.12155211839396307,0.17792578208909435,0.22880571846821438,0.3367128730313518,0.43558531934945255,0.6706080096134177,0.9166303132451693,1.3868946655129322,1.7543185921352094,2.0957265232888425,2.3655733548818474,2.5602898257227906,2.7252083974793835,2.8537184859410423
2014M05,2014-05,2014-05-01,True,0.022715535129181896,0.04312444062582745,0.06554565829102804,0.10052753139676686,0.1540941911327324,0.21910179776959077,0.30155111120953126,0.40907983115955504,0.6396194272242626,0.8743958972639295,1.3249924684744654,1.6785416169926415,1.9853524275406085,2.2557182717139757,2.4373112485587614,2.5946402955534023,2.7159515262937113
2014M06,2014-06,2014-06-02,False,0.02849089101654976,0.05025994477160405,0.06756738793474217,0.0992518821232511,0.15619367726058825,0.22492438563022965,0.29618993872886085,0.38861182728787613,0.6103013286100333,0.844322698412883,1.2705252571362242,1.6089972222716922,1.901049506703765,2.155055834385859,2.329641334471857,2.485611873733578,2.603091507924034
2014M07,2014-07,2014-07-01,True,0.024844521416625003,0.058347051785235325,0.05562119518029287,0.11854948936931195,0.18176989273969413,0.26425850843468685,0.36059972592311507,0.4701255705174996,0.6833462448113097,0.9160414917212021,1.3447180485684456,1.6817000328562748,1.9590278800131187,2.208953058366004,2.3739526988712134,2.5268601266585913,2.65255063576993
2014M08,2014-08,2014-08-01,True,0.025841007147486945,0.04176535420584825,0.057043013662851506,0.13352656987824157,0.19627467111508726,0.26424028991076637,0.3692834611391293,0.4847430358408449,0.7136184425421684,0.9679125050531229,1.414182205435241,1.6911166916832494,1.946486919625425,2.188748991984578,2.3355697488046143,2.470018716527832,2.5868130929309316
2014M09,2014-09,2014-09-02,False,0.017755602403165597,0.047201829318000016,0.051276911344764954,0.10555398769514023,0.2150904163344556,0.3229161461746016,0.4439697854235004,0.5414871231895596,0.7719605387770502,1.0223151644807535,1.451296169362852,1.713863874844411,1.9641556478107618,2.1448120313496544,2.263758872731969,2.3975794685714344,2.4801312131777156
2014M10,2014-10,2014-10-01,True,0.010145962006549073,0.034834065523374515,0.04310424956035812,0.10448552339294352,0.20948752512137905,0.30413387839911155,0.41639426098946064,0.5393075722708075,0.7946017908086987,1.039121220284495,1.4409395245901495,1.6956608779935074,1.9627984235270008,2.137780190239572,2.255206288356523,2.3658679379129524,2.4563257739918463
2014M11,2014-11,2014-11-03,False,0.013271343034126255,0.052366681920174483,0.07103975491475419,0.1407843624089728,0.23213329200022542,0.3527790612520387,0.4286045862121287,0.5316948146144406,0.7626623055027812,0.9905438534937718,1.3941607690705857,1.6560249082580998,1.9335577946987073,2.081389380615618,2.203883667118909,2.317987251837797,2.4324746710564225
2014M12,2014-12,2014-12-01,True,0.012886375898164526,0.07357082167247164,0.09783723279375531,0.16693684195513095,0.22118306044304267,0.28865123470080595,0.3925418496277264,0.5031947110259172,0.7391621767155047,0.9598819913953014,1.3081895941277524,1.5514741117902338,1.8212628700593463,1.9785849094170551,2.09077736738271,2.21192278713858,2.306043694325398
2015M01,2015-01,2015-01-02,False,0.020292181373513577,0.11245145449075683,0.16751143147168157,0.27077404838718105,0.3944194991580412,0.49703809140598704,0.5817897407427182,0.6890196069458935,0.9034612220545895,1.105214967228581,1.4350830084991102,1.6120030790037907,1.8288739142693577,1.9383787665336505,2.0154806693244436,2.089301783955027,2.164234315417234
2015M02,2015-02,2015-02-02,False,0.013271343034117571,0.05567429312023464,0.09671612381965779,0.17580467964841978,0.2683047827012247,0.3017336046442771,0.3964889384329622,0.46983204080832397,0.6306559576715318,0.8029268870614938,1.043213759674092,1.1914532166877818,1.3981467484574606,1.4982479456140971,1.5750821613706438,1.6531820139433964,1.7145977528240346
2015M03,2015-03,2015-03-02,False,0.01424518833465104,0.07606297514165723,0.12374475581535226,0.24761268749738788,0.3831037334720723,0.4722107158368874,0.5766664413390784,0.6768134080367944,0.903265133233277,1.0917033524428659,1.4115558783423228,1.5883471855044227,1.8049635938624087,1.9215655275834156,1.9923935746187633,2.0787989702800957,2.12967576554871
2015M04,2015-04,2015-04-01,True,0.01626086844972711,0.0984025742207616,0.15666822169836447,0.2642279822118002,0.36099460382135745,0.4182734347930762,0.48597420435126426,0.5399632700835254,0.7128768109344841,0.8751205045715592,1.1458214686613173,1.3282296539363156,1.5417714918772032,1.6639225538780489,1.7566461670681395,1.8521465187851007,1.8912646726149906
2015M05,2015-05,2015-05-01,True,0.01014596200762931,0.047655329687929814,0.14260555547559658,0.289412733409965,0.3820415110686878,0.47202648735173525,0.5386718197594169,0.6163972894222306,0.8062059671481917,0.9680008533342382,1.2967654062205447,1.511947432824383,1.760018425688138,1.8949306436389028,2.007489651621254,2.1000587343335075,2.1751171275729897
2015M06,2015-06,2015-06-01,True,0.005072948834344798,0.05639153087716653,0.1688503390067345,0.3080587347974902,0.3955346590806962,0.5072305281692226,0.5740275577661891,0.6499331200858375,0.8321278777149173,1.0037647912662158,1.3301283257861694,1.5591745645316364,1.8119293604813649,1.9509324373658328,2.0756547131676935,2.1803803521146063,2.2235746413666058
2015M07,2015-07,2015-07-01,True,0.014720791926674548,0.11213404753568461,0.1725001412098791,0.33456999954600697,0.436438914332262,0.5285053462686511,0.6024530617467377,0.6921305591142198,0.8969793540137913,1.0908532944889888,1.457246391515941,1.7218590711940878,2.016582978777054,2.1789990485064843,2.32914716695466,2.435421280527457,2.4727412867218037
2015M08,2015-08,2015-08-03,False,0.05657610873015652,0.14295331568826697,0.21352906269021077,0.3553730816125795,0.4385743236082722,0.5207993687343504,0.6022518743654953,0.6749174729865595,0.8355166713513723,0.9901585710312388,1.3169384222784282,1.5491811189241502,1.7860083810556797,1.9176059856816818,2.051350509655875,2.1545974732316777,2.1825948686079455
2015M09,2015-09,2015-09-01,True,0.028220398896658425,0.25240159340008983,0.29778939011635414,0.42128759274336824,0.4887094355700998,0.5904136238490963,0.6618724648418262,0.7280186667483024,0.9157402667829588,1.04805780969958,1.343380156605788,1.5236025152425061,1.7787432254957782,1.9052694554658907,2.043487940710749,2.160573765640236,2.1997377755606675
2015M10,2015-10,2015-10-01,True,-0.02226132492937363,0.06799783357944761,0.17607695833547682,0.38723580079047576,0.4542663879677168,0.5098329460203541,0.6069427393434694,0.6551503634582795,0.7993336477274826,0.9312926866576716,1.2020739222056775,1.38766540857698,1.6363303996130358,1.7654673115141062,1.9051515039597904,2.0362531544356264,2.090657457298164
2015M11,2015-11,2015-11-02,False,0.06518334342459671,0.26383027229433437,0.3286512336517351,0.4443957528929553,0.5515256942623501,0.6412985826750562,0.7018606295553842,0.782018702672366,0.9381721211386409,1.0813738306482337,1.3869217037580643,1.5837199573904863,1.817581629361832,1.9400096538446086,2.0568686434412964,2.1803166247382695,2.2325397446473785
2015M12,2015-12,2015-12-01,True,0.20262875001048428,0.407880280708267,0.4344413833339899,0.7051506437251811,0.7673549192764793,0.7999048707047889,0.8733377190517437,0.9263200648500616,1.0576749134666077,1.1841399461367998,1.4441599758801331,1.6183577097286868,1.812566106246255,1.9402898821807526,2.0328132320156693,2.1511546671930217,2.1810944898837747
2016M01,2016-01,2016-01-04,False,0.16920868053456917,0.46008440376684734,0.49972262810727264,0.7065255327718895,0.8789549741935138,0.950151518488401,1.020639846937732,1.0714365830780705,1.1939303616582673,1.3317076731928357,1.5891815594986123,1.7546968437478914,1.9582575060041445,2.0807023444448047,2.161741100178559,2.254715367241176,2.297479888258926
2016M02,2016-02,2016-02-01,True,0.3304885327280204,0.4544067184012656,0.40586038820165143,0.637348272301401,0.7219150384106093,0.7518918663914855,0.8063151533988974,0.82324520435316,0.904179084939672,1.0171637229575676,1.2411542510854006,1.393997477463914,1.5835217660211516,1.726736279661308,1.8391596150354568,1.9558574570141898,2.0331042362292893
2016M03,2016-03,2016-03-01,True,0.32760956526544155,0.48359879189929006,0.4064522197772219,0.6734053293129255,0.7751828966764786,0.8112100320246753,0.8399077939196672,0.8510964380548942,0.8873876357214219,0.9957987636241736,1.2287634977815993,1.3483114748106229,1.5485959159132552,1.638914731221675,1.7410616379913806,1.8435184646250051,1.8778446413031398
2016M04,2016-04,2016-04-01,True,0.22105014451770502,0.3926321657822683,0.45287478698959605,0.6011543604141394,0.6946839005954296,0.7013546624120803,0.7269224712721359,0.7405063406945966,0.8059092983284454,0.8861010724133281,1.0811988502091412,1.2354119542355568,1.4441006911654417,1.5536042676830932,1.6624758857700077,1.7726881978882405,1.8297170298223462
2016M05,2016-05,2016-05-02,False,0.20181293457866442,0.3925854007925606,0.43361360163295243,0.5589351802729147,0.6563516350411097,0.720550672932635,0.7698587506024342,0.7883290154160819,0.8768965329272533,0.9576224526756081,1.1931221030141732,1.3462710089804601,1.5438566675874832,1.667063042389107,1.7674027241026111,1.8598894959107783,1.922318160515008
2016M06,2016-06,2016-06-01,True,0.2847739376763041,0.47313332830306476,0.569323836861887,0.6978339467785415,0.8070945675126312,0.8456658329135849,0.8879443074215274,0.9121595481425361,0.9841330261089906,1.0468155007091409,1.2706123720297198,1.3965371025972637,1.5690455361288387,1.6744065206591472,1.7555023575407607,1.8339995407072465,1.8604919720004245
2016M07,2016-07,2016-07-01,True,0.25071232622834677,0.3421254854948201,0.39224441703280233,0.4812019702912715,0.5356345261041319,0.5763265474225446,0.5887795100631381,0.6057379481625883,0.6500640231788184,0.7040771321447011,0.8889736517563952,1.0107734623131466,1.1667984106506677,1.2720516414773133,1.348730426418333,1.437319072900522,1.4716569661167231
2016M08,2016-08,2016-08-01,True,0.26505725973779454,0.3833271868826367,0.4398314846475496,0.5337661169158837,0.6341770397552232,0.6548312064248247,0.668586022198942,0.677248662012861,0.7425887367558003,0.7964369833310588,0.979317290999205,1.093560198826633,1.2399310085626332,1.3565902622973076,1.4383265250939992,1.5087570282093803,1.533909279325986
2016M09,2016-09,2016-09-01,True,0.32964889983982626,0.46003574555777804,0.44199974952970805,0.6411435753505648,0.7212246940745933,0.7569310519688159,0.7833988195751613,0.7973659120496034,0.8611010848518206,0.9193455029002229,1.1078833865305135,1.2064589679535997,1.362834627143248,1.443896869725958,1.5123343870720927,1.5529641380967387,1.5760537460671065
2016M10,2016-10,2016-10-03,False,0.30918250362054034,0.47715323268017196,0.5394173002139804,0.66638073948928,0.7286869021773115,0.7578756135025261,0.7820524289891323,0.8118746567781976,0.8720902815084651,0.9292259384659154,1.1022265695249664,1.208869200859781,1.3583238891738136,1.4597044732605362,1.5270832400154555,1.6111595417894111,1.6594589873877155
2016M11,2016-11,2016-11-01,True,0.35614642075305614,0.5038948908087713,0.5509726129783791,0.6949274769807173,0.7346244722820603,0.7757432171034523,0.8137017926205063,0.8538386934137159,0.9308275925690773,0.9949404863053903,1.192871910346139,1.3271447084981403,1.5105594905241961,1.6256349221500204,1.7008729028886775,1.8159268251351224,1.8813608345596249
2016M12,2016-12,2016-12-01,True,0.47076744466911963,0.6013642225612857,0.6550000325199744,0.8683363093040387,0.9976384086493882,1.0462922840784152,1.1208701228936946,1.1496237950389028,1.3003691952411807,1.4453768701661132,1.766138440774014,1.9405389084799527,2.1628139724868665,2.271281390583806,2.3848908228546253,2.471998709633866,2.513547010258948
2017M01,2017-01,2017-01-03,False,0.5161177781718965,0.6321693591196861,0.7600700210944744,0.8799132988588011,1.019036400665081,1.0812605557443862,1.1705147569151844,1.2240691468562857,1.350350937582949,1.4858734954588246,1.7764054726161562,1.9663554105146461,2.166079413890621,2.278385703895944,2.375119761665611,2.463029819191562,2.5279162227553322
2017M02,2017-02,2017-02-01,True,0.5045751330422735,0.6415290292313105,0.700535507534369,0.8315451123643448,0.9671996082576517,1.0460298719169452,1.148360019934406,1.2153136214329916,1.3797745169112146,1.499153519095023,1.7766543723282842,1.948699258230249,2.158625858743941,2.2851021646667546,2.389703529938345,2.485253045803387,2.557847203506666
2017M03,2017-03,2017-03-01,True,0.6252500323378225,0.7826225551821577,0.8294172699749198,0.9264562984874183,1.0637007007388783,1.1536615424814662,1.2238348235693184,1.289115929898635,1.438161639036816,1.5828319036741942,1.8526884077465504,2.0154216930879456,2.1952114501221276,2.3056944308855027,2.4003905941217316,2.4689102437892703,2.5016978383022597
2017M04,2017-04,2017-04-03,False,0.7565796496362619,0.9048434649282691,0.9450367522814652,1.0271013500423936,1.1187917231112636,1.1558968280064645,1.1949760309881996,1.2308951958447099,1.342521699781975,1.4603278519780043,1.7213317123763536,1.8703171080319627,2.0438573025630116,2.1537337718752525,2.254860160145439,2.3190196423314204,2.3701068391451527
2017M05,2017-05,2017-05-01,True,0.8242481313158804,0.9830712517062276,0.9728409747649608,1.096691334251188,1.1830140764986066,1.2077267476755291,1.2443624170465264,1.2747656406738777,1.3627342609913284,1.4759579836332783,1.712468771190267,1.8572035696499039,2.030972023062531,2.1418625428829574,2.2476396386734536,2.313641419754878,2.3745951591503998
2017M06,2017-06,2017-06-01,True,0.9716233877822876,1.0603730113787635,1.100448738363118,1.1727902716799004,1.2110237151504146,1.242783831309,1.269319354670107,1.2887500882163354,1.3531844393560588,1.4570237706003926,1.6465896188089837,1.7732202550973735,1.9223534168966616,2.0324390448829956,2.140804711718995,2.204790488982912,2.2423511028334406
2017M07,2017-07,2017-07-03,False,1.0354448163782226,1.1346531404247806,1.1475244672402427,1.266127542193929,1.3173169462010355,1.3513502179515313,1.3875096731516057,1.4098036959923217,1.4939937885786518,1.5916500073191397,1.7976588385877852,1.944713890995265,2.093937349764271,2.2029465023729133,2.2764593143773943,2.3367796364587115,2.38459058598357
2017M08,2017-08,2017-08-01,True,1.0910981116446292,1.1396198059246,1.1660149293285111,1.2327065472011314,1.2654933204407697,1.29596854949968,1.3255287035866155,1.3400998921494383,1.4043255174024099,1.4958378182703536,1.6789630565195854,1.8089209950502587,1.9579916489711042,2.0826222523638775,2.1569728604376874,2.232034449955178,2.3042920826678257
2017M09,2017-09,2017-09-01,True,1.0088790232793508,1.0902037908148492,1.177841079182601,1.2279846881519538,1.2753895423945365,1.3120374516859117,1.3233220201065434,1.3402469446056422,1.3973496033489414,1.4697385741066404,1.63902545907689,1.7530965085139947,1.8931099578842332,2.004646118739542,2.0741771523741246,2.1389802467962435,2.1960483682400898
2017M10,2017-10,2017-10-02,False,1.0278877491764256,1.2024019134219468,1.2267091739156422,1.3325416232730594,1.3982880482147113,1.42555293752313,1.4552531734095713,1.4859319562702855,1.5685828094917975,1.642170333223457,1.8183149189428494,1.9447268548298462,2.077339596365226,2.184739828408454,2.261820184846732,2.31363661542691,2.3545631319334204
2017M11,2017-11,2017-11-01,True,1.1575971324402627,1.286216528771678,1.3690333845237208,1.4637477195889717,1.5107521299650264,1.5564435145150053,1.58651776084669,1.6136773434899276,1.6800625435952237,1.7503921004333092,1.9013525384107193,2.026296722589196,2.1406582162090926,2.2363191575532966,2.309545715692158,2.3436760427336614,2.3738038233282808
2017M12,2017-12,2017-12-01,True,1.2629291019894258,1.4487553440132663,1.540108264912383,1.6485442530254975,1.7166473599726177,1.7310884965316922,1.753555282382619,1.7709878725956463,1.8384759003229878,1.890331602282752,2.0163538984925458,2.1094759249697237,2.1954335338835786,2.2706807144127796,2.3259524278745123,2.3550291375448578,2.377081179593369
2018M01,2018-01,2018-01-02,False,1.3936267928994737,1.5881813671250768,1.6952879488129637,1.8162625453084489,1.8622557699562066,1.8832904830378996,1.8976199927858535,1.913218171312129,1.9559812035313677,2.015878303181668,2.151182786039928,2.2477384644061487,2.3263071494744287,2.380213590725707,2.4305886130729935,2.4510145209452903,2.4815550974783473
2018M02,2018-02,2018-02-01,True,1.4813816762610774,1.6480421982835387,1.6738307757451005,1.8860676249156334,2.0199445337976987,2.069074964297595,2.1118040908942066,2.153734487426818,2.2587874855708154,2.3372433709233915,2.4724037481546612,2.5696747616484195,2.672404550661132,2.727730948562421,2.755694675720365,2.7726956977528396,2.7911980696638334
2018M03,2018-03,2018-03-01,True,1.6146986236723078,1.8343656916376294,1.8348416642367378,2.037989946108802,2.0932660407956836,2.139449137864323,2.176380516402338,2.2129796631102217,2.291984516345148,2.365602581220111,2.5005140181025514,2.580341853780768,2.6767977121748636,2.735612672617831,2.7733870863220775,2.802949554150243,2.8156810443668996
2018M04,2018-04,2018-04-02,False,1.7246097420560151,1.9232497140706295,1.9618396489576695,2.0855234658720305,2.1579978820819674,2.1871429595404948,2.217811774379114,2.2505885983713383,2.318305938604646,2.366005456927791,2.4709924325362738,2.5423604771339625,2.6265423710789135,2.670670526571659,2.699706414001786,2.7166746946885127,2.7341704871779298
2018M05,2018-05,2018-05-01,True,1.8334387060568806,2.0191253665008917,2.082664809765453,2.2563652083749752,2.36410049360892,2.4100792795568475,2.456178310851041,2.4978796563016723,2.5822025271783384,2.648160854997016,2.7500900841389373,2.809311261475193,2.8775186951159206,2.9222496768619597,2.9410608071203086,2.9524091337025262,2.9632170045765767
2018M06,2018-06,2018-06-01,True,1.9076792880919828,2.080899014889242,2.1506907670337605,2.267820179105796,2.3556624033924374,2.3997430697119544,2.4346101105443454,2.46582224629335,2.536241835580113,2.596324390391881,2.69357576511403,2.7449505617294396,2.8176508816325754,2.857360914273018,2.8768007023115243,2.9024628803314116,2.9013647663504143
2018M07,2018-07,2018-07-02,False,1.9429755711202188,2.1019085066031415,2.2370214693894828,2.3275434105878903,2.440790191005549,2.4766369221179776,2.516150349564906,2.5401672355853258,2.5955293435192157,2.6359872588131106,2.713068722812691,2.747783437973816,2.8041665697580456,2.826838794861431,2.8403975794030116,2.8575466376788827,2.8669820084709507
2018M08,2018-08,2018-08-01,True,2.013232086301026,2.1973674960830754,2.3115459504177736,2.4281239275743847,2.5275625432469426,2.579722363229048,2.6453651492617025,2.666288367649495,2.729533865404219,2.7675613439947027,2.8265956185782386,2.8636428215940315,2.9207181077579984,2.956872411617525,2.9646914727815084,2.984925938179439,3.0132331319537067
2018M09,2018-09,2018-09-04,False,2.1140763491094514,2.279586018295636,2.362562833454602,2.4788919099775795,2.534563169498283,2.5852636624438383,2.6186247700901326,2.635549990356744,2.685429775705505,2.7091175184997542,2.750243285208978,2.7634977353956716,2.8021016950348665,2.8363213871002246,2.848435982962149,2.8863796490373996,2.8974997843053485
2018M10,2018-10,2018-10-01,True,2.2016473468735547,2.37879698964014,2.4854924856923764,2.6061422206008986,2.6849917053410066,2.7395523639919093,2.782529799283365,2.8056123848945145,2.841474743872754,2.872156619781567,2.923168574476272,2.9475388299057017,2.9881674545913732,3.024843977180378,3.0323071295641673,3.067869491430416,3.0752420531337656
2018M11,2018-11,2018-11-01,True,2.319622992070416,2.477687985501443,2.5650646799593635,2.6793535765905014,2.744793911469738,2.786829227099185,2.81802167409473,2.824963375843288,2.8585821191096024,2.8875254171426388,2.919206563919534,2.943869850624947,2.997556238612846,3.0378838627093425,3.0657919470940422,3.114187960928152,3.1506142895418483
2018M12,2018-12,2018-12-03,False,2.360426694483003,2.5422242520000586,2.6177919533031377,2.7085129735873332,2.771048756912959,2.7954527976635863,2.8058009310207224,2.8026071847315586,2.8089278108707596,2.8015900208991016,2.8085517540479743,2.8142086309199548,2.852573544328388,2.873889978409541,2.902596159959602,2.956889212675853,2.975230318721933
2019M01,2019-01,2019-01-02,False,2.3979483222869287,2.4839734931832576,2.538834059359812,2.576866320099064,2.5279778829723396,2.5146029042945783,2.4768902099383974,2.4449195283938794,2.4180275078514044,2.4131583058115984,2.4320084612838846,2.445278787393548,2.48509961229336,2.50730692314562,2.562338044422708,2.6074036065182096,2.6449242344600927
2019M02,2019-02,2019-02-01,True,2.3891735724314285,2.453936441140248,2.5003290351427947,2.5499717623312788,2.52719397318792,2.5236694945983467,2.5122279535123515,2.4891602649853977,2.4899350627413575,2.4759292422177315,2.487546214710492,2.492525150566823,2.5360539111501312,2.571203573940236,2.615994140194422,2.6638242014529987,2.7069705184638826
2019M03,2019-03,2019-03-01,True,2.431276600185069,2.4977757211017995,2.497202859942699,2.5338989849089426,2.5537599009587755,2.556911294270309,2.563413334608842,2.5428064563830377,2.527619895608155,2.5199908285715336,2.5389303106813874,2.551170043023393,2.606887424102248,2.651725530945103,2.690486626515307,2.7330248271096305,2.769013316560388
2019M04,2019-04,2019-04-01,True,2.383174576159238,2.4276172134640452,2.396010000228837,2.3710271854532463,2.390212678672203,2.3775606813922567,2.3520602397554464,2.3131271157552087,2.295005407388129,2.2820243219388394,2.2969112913136502,2.3088909200666876,2.3652695008999505,2.395116222913795,2.4405805977658828,2.4784761451244455,2.5090015257487366
2019M05,2019-05,2019-05-01,True,2.4075136406672573,2.4131748438541987,2.367100740513196,2.3735150370925098,2.3340842665672263,2.305489333408998,2.329841031601954,2.295564970712872,2.2641636857355407,2.2631448442696893,2.2712178934417766,2.290283203375937,2.3498269934047524,2.3860847538629995,2.436347085746117,2.476081086198813,2.5084503911183513
2019M06,2019-06,2019-06-03,False,2.3240880783539986,2.270230307491965,2.2367102626362803,2.102465204688177,2.0088228357048084,1.9273933614360625,1.8791830708785664,1.8250397852531235,1.79844489922617,1.7907112784211074,1.8158837457770824,1.8275710338813713,1.9106451344811217,1.9534211195783018,1.9981043454741196,2.0550169787709405,2.0798791180764065
2019M07,2019-07,2019-07-01,True,2.11476114195908,2.068634090366505,1.992957666571323,1.9643244852054067,1.907994237404821,1.849222698660236,1.8308926600728315,1.7814382763428314,1.7520534202450904,1.7381145994691976,1.7584978136073892,1.786978192130662,1.8511299512478894,1.8951820722002175,1.946058611753855,2.0025300913854993,2.039621477432032
2019M08,2019-08,2019-08-01,True,2.078628630139755,2.033032636345827,1.9103498507505434,1.918267417980227,1.8339101458535532,1.8040401488936486,1.7764456218129114,1.732057637846994,1.690864609323113,1.6771005168553794,1.6811220349595775,1.6812091919794394,1.727577071978563,1.7697184939641812,1.8148086779694723,1.8646922811814564,1.8957259080607358
2019M09,2019-09,2019-09-03,False,1.9476611399336572,1.852056002864437,1.7532325266474218,1.716512895962729,1.6390498457671456,1.5794087909974337,1.5101112892022543,1.4510651983984262,1.3959772686969267,1.3677942255084001,1.3511195734216186,1.3332113318807108,1.382168185047756,1.3971351854977938,1.4094346697623816,1.4466365643128658,1.4613453504400666
2019M10,2019-10,2019-10-01,True,1.7986276766049303,1.782443885279572,1.7950301808570497,1.7457292073808628,1.7021092891772334,1.6706365549354736,1.61746802733673,1.5539445343056564,1.5165759047822118,1.4924237207182782,1.4988754626714669,1.4946080178536345,1.545247545986591,1.5718948616024127,1.5844469171948108,1.6250199640615928,1.6400783123121494
2019M11,2019-11,2019-11-01,True,1.5206402668599697,1.5269193381823416,1.5269920570296298,1.6019277636066767,1.5875944449957948,1.6052472032355183,1.590410373093584,1.5637720134502833,1.5452939286075056,1.5382042656643797,1.5370574230856902,1.548056487613819,1.6044551079107923,1.622930495762131,1.6480837168616158,1.6918752928727476,1.7155967378197752
2019M12,2019-12,2019-12-02,False,1.560425131920883,1.5805539718588981,1.5751585679371165,1.5899331603630398,1.686449533795908,1.6589886062619938,1.6482512434936143,1.6125734280877386,1.5977678607502255,1.6088892391254443,1.6321206338167034,1.6468889606334045,1.7223339893453624,1.7565999559483774,1.7713625708356064,1.81651528679501,1.8225187669666754
2020M01,2020-01,2020-01-02,False,1.5224587561523708,1.5588246557390113,1.5094118515446404,1.5537443463372236,1.6116599455789522,1.6037255894831144,1.5943043751019268,1.5755714431770207,1.582277179351689,1.593208687521113,1.6435177381162809,1.666762783641745,1.7355730774459188,1.7938207982611767,1.8243827359678635,1.8677531402094754,1.8814114007664862
2020M02,2020-02,2020-02-03,False,1.5553324191484066,1.5395626116950456,1.4897702474086814,1.4558128491426152,1.4646932197066924,1.4270894467005473,1.3875929494337396,1.3589579256712494,1.3343860073330307,1.322082122858738,1.33459782929854,1.3483449303274988,1.4055510658113644,1.444706736047589,1.474502953659786,1.505889222464165,1.5273418872076727
2020M03,2020-03,2020-03-02,False,1.1835343473479225,1.015526245001076,0.9276104411856818,0.9323811605849605,1.0138005333796771,0.9833250697673043,0.9469175915775591,0.918640669033246,0.9031101492807019,0.9069186659217321,0.9400549301860031,0.9506897554529209,1.022876417694015,1.0752056405201593,1.1075712955547994,1.143750519538318,1.169648799466919
2020M04,2020-04,2020-04-01,True,0.06753907644226581,0.13112356500203604,0.0964089408859409,0.1428170155941476,0.158695218763829,0.1946299097945286,0.20457113430252938,0.21385097499798592,0.23005066919568898,0.26236971858191627,0.3248232934851014,0.3630577849261886,0.44826725584328503,0.4918570982435806,0.5254585634298508,0.5794395630933772,0.604074688597807
2020M05,2020-05,2020-05-01,True,0.10920949322057844,0.11906789007434856,0.15446233397830617,0.1694402183511617,0.1978112589357251,0.20051919178169464,0.20447913277307955,0.20266969027430562,0.22860198865844664,0.2543528150497455,0.3117103661635022,0.3658118437859237,0.4624818805048958,0.5163930606433131,0.5651843787308846,0.6063234903578143,0.6134280965368619
2020M06,2020-06,2020-06-01,True,0.14653914188010603,0.16345709469106523,0.17169502972553358,0.18610064104016935,0.1916529831469958,0.17140916220676972,0.16953278190191773,0.16452793175368682,0.180627305172796,0.20149315057965567,0.25654512049293227,0.3180841201840672,0.4294676526443289,0.506229530168061,0.5632618005112993,0.6218611978894372,0.6616083418944323
2020M07,2020-07,2020-07-01,True,0.1561819679202963,0.15972476105431874,0.15735323044025498,0.1653785753269473,0.16679809337879162,0.16621335465060555,0.16899334618142126,0.17021685663933414,0.18021172939952582,0.1896411573955691,0.2505570096889553,0.3218164764157656,0.4307483640274613,0.5162760532505498,0.5800765524881163,0.6306196714864725,0.6798998448514944
2020M08,2020-08,2020-08-03,False,0.09246462244718205,0.10397658698099632,0.10840394632033053,0.1177804248720968,0.1520155601005094,0.11489290035214142,0.11568360180428232,0.10994828743149125,0.11591513244415001,0.12268645529943016,0.1712911159912043,0.23191969092938558,0.32718596591323945,0.4017988137610573,0.46798960900156567,0.5101375962066202,0.5561382702919704
2020M09,2020-09,2020-09-01,True,0.09758629944964989,0.11367470204659709,0.10618882809068783,0.14019863753943793,0.13679219763694622,0.13754059172942149,0.15245597468431174,0.1365619766901593,0.13918266955520536,0.15016747928915242,0.2061467145359916,0.2624254419493073,0.36873314178900624,0.4668184837479077,0.5520498392998163,0.6096118086696555,0.679044829888254
2020M10,2020-10,2020-10-01,True,0.09100579276358853,0.1044750271432352,0.09642027156573767,0.12429605585042511,0.12433714172338332,0.13787248959701215,0.1304258828857659,0.13318899044960933,0.14563443294190997,0.16658218440431255,0.20911876450646563,0.27878574936190753,0.3738968771519606,0.4678241635033135,0.5491931153977422,0.6108811027547328,0.6855011914027285
2020M11,2020-11,2020-11-02,False,0.0756570386075986,0.10565337677556842,0.10314005148519617,0.13833285380689292,0.15963432478656722,0.14228732953042686,0.1589144692674981,0.15650776338350733,0.176141143919048,0.1952664381931785,0.2892258039643625,0.38413497328884194,0.5107865045293632,0.6262764487577615,0.7173842309325991,0.7886184163939137,0.8619715635339136
2020M12,2020-12,2020-12-01,True,0.08196771501230485,0.09287407738730541,0.09418880172233524,0.1089912146630018,0.14218976963500418,0.15326820611776948,0.16792538457492742,0.16985971394689547,0.19634352751673245,0.2169251962833687,0.3251490583673975,0.4316052268435708,0.5700535940343235,0.6887778864689268,0.7926727291484539,0.8629109947474,0.9372433960530869
2021M01,2021-01,2021-01-04,False,0.08485355940573461,0.08535200939469192,0.08354246733989366,0.10339142337412656,0.10775930886741233,0.10909299026043877,0.11409288231419441,0.11889664822024404,0.13241481207896733,0.15579039286113341,0.24335426831819082,0.3542216024848602,0.4892663520606673,0.6411869799131598,0.7629708892103448,0.84231508192327,0.9274364150525615
2021M02,2021-02,2021-02-01,True,0.07987485325029445,0.06763523688116921,0.08006979764277349,0.08399487160508792,0.10151317721133973,0.10635025265854821,0.11058261818523332,0.11422899312188876,0.14475419877217174,0.1759234390125041,0.2961707745276584,0.43617706465326034,0.6013411920967737,0.7753247386243527,0.9160689586460953,1.0239459514181448,1.0960858414544024
2021M03,2021-03,2021-03-01,True,0.037699890992750965,0.057486228291384694,0.05976747127446191,0.07882361031309328,0.12747185952241682,0.11926225939542696,0.13816511302509654,0.13715906596704436,0.18466516927882862,0.27276033997498417,0.49308209898256283,0.7054568404425231,0.9160892064014415,1.1114672556162841,1.2592311624294945,1.3648818422988547,1.443960576194399
2021M04,2021-04,2021-04-01,True,0.018389950671458398,0.03229716579005352,0.03830717048376349,0.0802991379523842,0.11805485704120525,0.13104974653396062,0.1574659957361654,0.16933937780769187,0.24299429630302047,0.3598336426117605,0.6527606254923544,0.9177211523417921,1.1707205991165228,1.381559276136541,1.5312401320074744,1.6303566568650845,1.7023823864309913
2021M05,2021-05,2021-05-03,False,0.016709278572450487,0.031300533408223044,0.025366996247289785,0.06255254655685813,0.07799240725045456,0.11067008670478208,0.13690734186029838,0.16419122445761705,0.23380921541184177,0.3299321850910474,0.5907928575656725,0.8435124050508496,1.0884753732109087,1.302887736586563,1.4496487844351493,1.5570909390627021,1.6405787619636705
2021M06,2021-06,2021-06-01,True,0.02338368350617148,0.029065703890105106,0.023368049537116777,0.06813296862289031,0.08867328351641929,0.11240928954106309,0.13018398392746905,0.1528092787738459,0.2127494371332234,0.31251860941134596,0.5650319727122642,0.8185162584943216,1.0655802178768548,1.2917728676442854,1.4472613322698133,1.5531071502082712,1.6451246474912071
2021M07,2021-07,2021-07-01,True,0.042170900660904134,0.03551356951335708,0.047102707997006076,0.0920517956697735,0.13069820129182375,0.18150801288832558,0.2226285712563889,0.2511204945705383,0.3599902832201171,0.463724341873553,0.693819682764667,0.8983372447697572,1.0735644778568978,1.2468429969637727,1.3476866700677403,1.4280487291805257,1.489541644898681
2021M08,2021-08,2021-08-02,False,0.04163179192795803,0.049874809811983674,0.057230177325997354,0.07282474639448752,0.09359402884928884,0.1162070149119252,0.14367666417501446,0.16069819514354644,0.23302996452544972,0.31967149207896034,0.5190817829829861,0.6603348396262244,0.8059942140466125,0.9644306615036341,1.052011822069191,1.1425299677854326,1.215562282307151
2021M09,2021-09,2021-09-01,True,0.05247642775841253,0.040587451407173535,0.04816779519937538,0.07260939898771974,0.12256256699749979,0.16376318170642437,0.1832521005263507,0.21968453711435137,0.30759341853848754,0.40678273038057805,0.6317011568499619,0.7816480776163228,0.9421923259850907,1.0887770549877545,1.1626109453922204,1.2533051464586906,1.3170692661317116
2021M10,2021-10,2021-10-01,True,0.034180238155469986,0.05191356570366221,0.05870256929437337,0.08201573934229686,0.12518440855745017,0.1684181513935679,0.20679640751909964,0.26792369839280983,0.38268187237386453,0.48950648563449406,0.7514369715105198,0.9394586632812825,1.112042337597708,1.2723330013911194,1.3443512417953143,1.4218646181366466,1.486084631392446
2021M11,2021-11,2021-11-01,True,0.050034777626903046,0.06591353667328911,0.11322041142347143,0.21456455035351396,0.26095906594276985,0.3611009130823792,0.43054960943516285,0.5078110057888738,0.656487806315227,0.7646832593817358,1.0335955675661097,1.1845082334277022,1.3412121748851003,1.4549599566472216,1.4676883114004513,1.5254168843741744,1.570405504554907
2021M12,2021-12,2021-12-01,True,0.05089098784516944,0.10121218352823758,0.16106289846202965,0.2391751925993395,0.3267950465106896,0.42097412551680136,0.4944827341071112,0.5565351759817637,0.7187882542666266,0.8492009496634936,1.055186886340087,1.136857905801332,1.2497444267419906,1.3431619669902943,1.333014863671131,1.3641571991969759,1.4144201070279951
2022M01,2022-01,2022-01-03,False,0.09658754677822033,0.21648628529523087,0.27705667943500284,0.40691452521816296,0.5229696638334748,0.6198746047563379,0.701287827303341,0.7732916534699913,0.9138810729251099,1.0283547785120684,1.2301428685917566,1.35573662349405,1.4667954563934178,1.5549211336512427,1.54337380339971,1.574378590366807,1.6397830542413647
2022M02,2022-02,2022-02-01,True,0.1905176091522534,0.4764704828465278,0.5823467636385915,0.7804473005901811,0.902352243671373,1.007300840948661,1.08752467449839,1.1559018799380383,1.2770747088291126,1.3869338954266262,1.5513917918282194,1.622136262033474,1.7135574460200365,1.7588976483046186,1.7490739449224222,1.7517322972166023,1.7937949088375351
2022M03,2022-03,2022-03-01,True,0.3255918027181616,0.5945512297029196,0.5336587108190222,0.9506464335793835,1.1115289873255179,1.2151857755219204,1.3023435347657617,1.3506591820004779,1.4445285170061946,1.518543687950278,1.593506206810449,1.6011121215367277,1.661269877977084,1.6867106422107399,1.6773891654198096,1.6927165601213607,1.7325681059562072
2022M04,2022-04,2022-04-01,True,0.5423164426624204,1.0701650067653423,1.2849476432912532,1.7421571940483425,2.0688948861203293,2.2461436030824316,2.3699386682451697,2.4627014117996153,2.5904920608558193,2.6341986670681683,2.6587390732190825,2.543409014092196,2.526350541514398,2.4817291957512637,2.4058538572045696,2.3700357310525706,2.3579481595725706
2022M05,2022-05,2022-05-02,False,0.8791538596131578,1.3982524715042137,1.6161026350935308,2.1024768033192816,2.3475113977574673,2.538854051173987,2.6108628844548303,2.7147578748590235,2.8773456461385636,2.9443563555150836,2.9864793738894493,2.999430647285759,3.0358051838769917,3.0194185668977322,2.9658112247750976,2.9668938280784047,2.9562821961888397
2022M06,2022-06,2022-06-01,True,1.1102902744875112,1.6144556656622486,1.7963764760001413,2.153939284337943,2.2405183887073625,2.3855049554114705,2.5130079123112123,2.621064577311581,2.751629170623061,2.8343004385362254,2.9108856394630043,2.91775354630729,2.9678670600187687,2.93585046789442,2.8903593606538958,2.8928931923221266,2.8884821481133875
2022M07,2022-07,2022-07-01,True,1.6895853283379645,2.4505100725821016,2.453336159091128,2.7550812789636807,2.8101820524683987,2.8293703138723356,2.837476275150258,2.8179424667422825,2.8608885423019785,2.8419413623503242,2.8732269966535893,2.875560373964531,2.927007644834173,2.9001913336212217,2.852083511771856,2.8513774428454126,2.8590538244799406
2022M08,2022-08,2022-08-01,True,2.391791400635245,2.8900222371437847,2.821165798036081,2.9234545398098204,2.9650151352473344,2.9669799626306452,2.916194406124768,2.8474304286077885,2.8189239795840826,2.782812460449265,2.6938738377776383,2.6230545967340215,2.6375765104603164,2.594120483450622,2.542545403211574,2.530939499883225,2.547225125321992
2022M09,2022-09,2022-09-01,True,2.9365571286443584,3.3580910030878237,3.2360000108909257,3.5461965483213667,3.473677514127592,3.489131966836154,3.484270124335267,3.4568220816972888,3.5112375256717163,3.5127097203772877,3.465554093926157,3.37893955194782,3.4057197066531453,3.3258034951348754,3.260601976156255,3.2282415488285268,3.208960385173787
2022M10,2022-10,2022-10-03,False,3.243614016670432,3.929005674619819,3.7941706610909947,4.113287432927448,4.200608524273541,4.200183107183414,4.175927067542571,4.089763871830104,4.10376050363768,4.068735698709249,3.974168913504006,3.8430487831190123,3.8395847887256216,3.6981576827873424,3.6089088375668386,3.6135911072015485,3.5763268249674933
2022M11,2022-11,2022-11-01,True,4.060326978339936,4.534722784582744,4.382775916905989,4.681710398588981,4.636538896940054,4.664650036052668,4.61269487410423,4.505960586252316,4.470377987272368,4.443965137215276,4.340620709852374,4.229775808577986,4.215252793883505,4.092354547136753,3.963504597367841,3.998297991680549,3.9789844234994534
2022M12,2022-12,2022-12-01,True,4.292924049032441,4.607841898346751,4.516221782110759,4.6018828971259085,4.484923978134746,4.444190304326334,4.331874604346712,4.188184712450021,4.030293919010684,3.89915330304537,3.7673200311903234,3.6371658829331355,3.618854925404176,3.532533035124881,3.4220000947442384,3.462208063557598,3.4422484801611644
2023M01,2023-01,2023-01-03,False,4.397013528728127,4.735992215902225,4.483482691441338,4.6661619257460165,4.621950094110675,4.558806160109638,4.418799691249836,4.318911708398276,4.153333484675219,4.070960844044327,3.9385380658071214,3.8558598051786492,3.8106728048870693,3.773490656068443,3.6787154495538537,3.678947483661702,3.672903612479502
2023M02,2023-02,2023-02-01,True,4.626039397462681,4.750187769907771,4.640606146597039,4.623181029847604,4.591689552278752,4.423730133548398,4.223030586129865,4.054382741504554,3.8436711608073604,3.7302763224028888,3.588076100158381,3.4810440798519497,3.4586025415661297,3.4126929307341856,3.3191788877733415,3.349121311630232,3.3635386069295454
2023M03,2023-03,2023-03-01,True,4.812038502951845,5.067133038086725,4.850629498663513,5.107301410216544,5.114134091878112,5.056585669719203,4.938018683003239,4.820176259809434,4.6318123698657025,4.513266812148128,4.336901287340849,4.196467342078874,4.147743869729368,4.087611038903359,3.9480598579303834,3.942369138529664,3.914630775413866
2023M04,2023-04,2023-04-03,False,4.765918476108012,4.755689428817508,4.37961808298344,4.532252253477339,4.344478418551913,4.194769866567103,4.071462304426997,3.9220171088697118,3.767092955012647,3.6623208280919,3.573702411533644,3.4718392683773676,3.486843129872325,3.41675424623991,3.355001907935352,3.385415301067593,3.3610860223514694
2023M05,2023-05,2023-05-01,True,5.091945925580441,4.976507253632585,4.694812064863317,4.806351227025711,4.609523663737103,4.406529857871423,4.246323855527842,4.1080294358834,3.921599282591897,3.809525316663724,3.6843469002664815,3.6014993694988306,3.6136732016968147,3.551040579224439,3.4762043252541535,3.517745290222369,3.5149619429358228
2023M06,2023-06,2023-06-01,True,5.2987209492654594,5.339041543729614,4.978997354385995,5.09111918928475,4.829249091964097,4.651511622723468,4.474032415644624,4.292826157918123,4.050114031985842,3.9326251739729714,3.796037840846124,3.665829286228603,3.6596303946144464,3.5873095512995103,3.5432451895944532,3.563878514960218,3.5393550096258353
2023M07,2023-07,2023-07-03,False,5.283113642782722,5.395155640994011,5.3068312824000765,5.33107368241502,5.293849419890374,5.205048179187752,5.03585792361685,4.873286583071899,4.630946319663627,4.464681194934527,4.300972944240298,4.135151312392268,4.063715634836066,3.9411946965811135,3.836621311858797,3.8134635913188193,3.765783207726746
2023M08,2023-08,2023-08-01,True,5.373834131523984,5.407107763261538,5.295739699157565,5.287156225121442,5.241637073252283,5.1156776556736645,4.991971508110842,4.852297904186571,4.6479332414807315,4.488370745784219,4.302402134205912,4.1598069231988095,4.121143112577647,4.044042749859849,3.9866153102205404,3.9812447789521332,3.942438517398514
2023M09,2023-09,2023-09-01,True,5.408051650519863,5.417441827780681,5.337103930895622,5.278313748493103,5.150063632203831,5.038498234972556,4.925174057533786,4.809311703528533,4.616501858730937,4.488950049386617,4.364612815956082,4.24150408650121,4.238746131938269,4.190053943929714,4.1326917860465135,4.146814242885992,4.105255126083396
2023M10,2023-10,2023-10-02,False,5.460947009829095,5.488236818129145,5.419700572150223,5.415749396576516,5.315136326410239,5.248842654561422,5.138417333625534,5.03753883206583,4.895105957287462,4.785620479355593,4.7233745924846176,4.656614571944595,4.696853430014371,4.646134682376519,4.638468164453495,4.6471269439012755,4.604343256102826
2023M11,2023-11,2023-11-01,True,5.419144717650536,5.445689341071114,5.334878721906334,5.2875149123310825,5.163202491463665,5.082332357417664,4.956645583857928,4.877485212318833,4.768708144206792,4.683700205762685,4.63318635104544,4.610210448386508,4.682705254337279,4.661744123193114,4.6655028360026085,4.691026658257702,4.675953379549067
2023M12,2023-12,2023-12-01,True,5.343912408639518,5.30238501887653,5.04629827280187,5.012477402498894,4.852514798518016,4.7204690833402765,4.572001913635967,4.462645331673856,4.314525328688561,4.232721177484526,4.148218445787576,4.0870092187807945,4.145864516988827,4.145266172951315,4.1568177093471785,4.173733520702427,4.14285680671682
2024M01,2024-01,2024-01-02,False,5.345475190789593,5.177888841663422,4.835171521792959,4.7268237341328305,4.573440406559431,4.453574484179467,4.373424459223612,4.255150314487903,4.092337506042183,4.013560957260582,3.9272117769485813,3.876518239718131,3.904452029666669,3.881889591820768,3.8981372008585153,3.8935217027931026,3.8750344766710736
2024M02,2024-02,2024-02-01,True,5.3199309172373335,5.1020197993992555,4.766494574517067,4.626326432036102,4.521092649069726,4.333061365932997,4.231086858001569,4.139975419376316,4.007072762529245,3.9160844448834804,3.8219965987750117,3.770952516127464,3.7979635299009455,3.796034871366986,3.8240909282441207,3.8355759654341877,3.8304575011337203
2024M03,2024-03,2024-03-01,True,5.342846449442647,5.211377002489641,5.0063593404459645,4.8810061339853705,4.790136388147065,4.671420098910735,4.555359881155724,4.467742111605843,4.315465021835592,4.2587324089085925,4.176304734770097,4.113784310405631,4.138651670315541,4.135663027832558,4.15377071096958,4.150074750968116,4.125479132500358
2024M04,2024-04,2024-04-01,True,5.362895334599321,5.235784197641968,5.03117479355336,4.996842656796172,4.907142154220026,4.805746687770496,4.731336954114341,4.6426448630596004,4.518793892253123,4.447021348809512,4.348339162293575,4.271406951633008,4.277707182494693,4.258188989458112,4.264351616838732,4.265496287255763,4.243115723718863
2024M05,2024-05,2024-05-01,True,5.374555607161253,5.312385266768758,5.306812017795242,5.133834638125301,5.0929143150822105,5.020664884576455,4.971587298452531,4.904519600261196,4.815936453065121,4.749806330418358,4.669447936270784,4.5956825577610525,4.590484002651991,4.57111105314736,4.584185283359459,4.576538394735178,4.5486919102809225
2024M06,2024-06,2024-06-03,False,5.370862631306947,5.301841305536895,5.160657498749574,5.125582321011068,5.028924042335684,4.965054491913978,4.830662625708007,4.801029278063462,4.684141088714667,4.585334648100918,4.520490196037643,4.405269849889672,4.452814147234654,4.32676761642474,4.4633022953952155,4.457923232937205,4.436158355124087
2024M07,2024-07,2024-07-01,True,5.2786416597197485,5.249416918784451,5.113974333777344,5.050344528245638,4.960822579558577,4.851454528704025,4.774708406746515,4.691247638103892,4.576484007686635,4.512362731752497,4.4366202458751385,4.375910778753509,4.390142809442529,4.373694044397782,4.402148782131277,4.420875451723202,4.400483757578046
2024M08,2024-08,2024-08-01,True,5.214237953107488,4.9593812684885865,4.656497462810607,4.666781566391281,4.444986316919422,4.349216575567024,4.199571149364434,4.098480137472074,3.97590554985757,3.9081844907022782,3.827945426668516,3.7910466053553664,3.832082245524035,3.839143376103544,3.900664259118631,3.9376918160665526,3.9369262939029475
2024M09,2024-09,2024-09-03,False,4.9839811981395545,4.670089995235125,4.4144681765801685,4.2905320757993834,4.132555439140033,4.019707077812405,3.911932693329527,3.82927090322991,3.740239291931936,3.688003632473454,3.6464225251927407,3.622616300017468,3.6711300589600517,3.6973174958112756,3.7422066271823686,3.796585089126471,3.8105802818891825
2024M10,2024-10,2024-10-01,True,4.533181047488312,4.285125115359299,3.965116855757294,3.890202577166214,3.7738415301844013,3.695411119461002,3.6283958230585083,3.565727748549684,3.5150798344738248,3.48744521260528,3.4955040840721985,3.4935073015921985,3.5492349207881406,3.576823513026664,3.639043123207577,3.702124749507606,3.7206234550274075
2024M11,2024-11,2024-11-01,True,4.3450316434151635,4.320829994185675,4.211742798295822,4.209211889693212,4.223639377739449,4.214464449299208,4.179177916531822,4.151573413145592,4.1444982848133485,4.14174102131301,4.182593212983036,4.182900476516566,4.234477284668435,4.266893566176325,4.28862474839446,4.3343169914605015,4.332232585781854
2024M12,2024-12,2024-12-02,False,4.398781668007439,4.33680122559557,4.266017489794473,4.248019367532298,4.272679886479263,4.223703040664251,4.176039483813089,4.143076329203881,4.114986781540563,4.0892431458166785,4.080893659189579,4.053199700616962,4.089423631608138,4.0934661314622,4.1091315631844685,4.151403438996734,4.150710910927534
2025M01,2025-01,2025-01-02,False,4.244030304647257,4.203932553875059,4.136327174942714,4.121009010514339,4.2141517875861245,4.211791575811078,4.206310336426747,4.202516251166641,4.225534035042423,4.249948376009533,4.310625008738631,4.341420454549002,4.402634464570392,4.4473637361448715,4.473245317003924,4.531269220761478,4.537501645076839
2025M02,2025-02,2025-02-03,False,4.229320497819662,4.237037865379669,4.148601511747711,4.171067462667759,4.2266923685306015,4.211949380131765,4.2078988038571685,4.211139211148078,4.223307444617996,4.2400190442462,4.2820625721215135,4.313040614247834,4.366791257133378,4.4131933503123415,4.45146984268183,4.492295691959094,4.488717903776213
2025M03,2025-03,2025-03-03,False,4.225642992619823,4.19205112521587,4.022554266678414,4.026068290332471,3.996123487955261,3.9492912140781753,3.9313841886684435,3.9129432216358984,3.8981552991742525,3.895366458410502,3.9234084415558867,3.9274579110655896,3.9914004256225253,4.02332039316287,4.06846825966571,4.118815564655191,4.134007130644857
2025M04,2025-04,2025-04-01,True,4.233732440210949,4.146265536129075,3.97561718363455,3.984187860481097,3.953120208177226,3.8893615339770182,3.869251112774911,3.840410017134694,3.819301094382272,3.818340328955721,3.8541633002750375,3.8876635750416533,3.959646861377571,4.009573574438804,4.07371833941544,4.132232687662171,4.151607044362738
2025M05,2025-05,2025-05-01,True,4.224021444233564,4.131075745839447,3.9456114392402175,3.888296429636821,3.8380144310878612,3.756398492598647,3.7110126526940594,3.666430422237295,3.647671183005118,3.6532398972710043,3.7133701965119004,3.7776051603638963,3.8951764936055677,3.983685609311819,4.084710229642474,4.184893544670626,4.221373346421446
2025M06,2025-06,2025-06-02,False,4.268118098999323,4.205666547506085,4.105436290151611,4.09693708341964,4.040768458133194,3.9904800243713687,3.9498721552303517,3.9038750042052968,3.871403449694383,3.866033983419409,3.922299133739165,3.9819619429776383,4.108486872362809,4.196481644555843,4.2918162260800585,4.395458066158217,4.451334427900656
2025M07,2025-07,2025-07-01,True,4.2529463470884865,4.161833520413724,3.9889650771330505,3.959593353500779,3.9098776258168453,3.8381525141146566,3.791468944384214,3.7466164909158572,3.719809678809715,3.7190081497236167,3.762491010905733,3.8150049831111437,3.9157640023025615,4.0061385099332245,4.097854063392963,4.198093365742628,4.252779384834509
2025M08,2025-08,2025-08-01,True,4.123678831394028,4.007970658223115,3.8882343235045176,3.854632969145886,3.807197196304445,3.7359828023257458,3.683100313469649,3.6412563591862233,3.616487461733775,3.6161310141983107,3.665409323144104,3.731730066933143,3.848102905399311,3.9469944988788073,4.053330222608469,4.162155012149574,4.21857075739368
2025M09,2025-09,2025-09-02,False,4.028579424573546,3.9262836040527667,3.8021621665198513,3.7537329028003934,3.75947191940985,3.710451796353584,3.654602393275317,3.6096292275269657,3.583541983175366,3.5870434979090855,3.6377080448096573,3.7110826075803662,3.8417869758481404,3.9567673062771953,4.074464662516914,4.200638802302641,4.294012779844804
2025M10,2025-10,2025-10-01,True,3.875644113212657,3.757092474525699,3.597958619214555,3.577757475233107,3.5911405922097703,3.5642230349118704,3.535987897559852,3.509412363005368,3.5100658273029675,3.5286860270386238,3.595683987479485,3.6611437223842422,3.7684066816652,3.8644752155421735,3.9491763249350234,4.053286693019009,4.109101538501665
2025M11,2025-11,2025-11-03,False,3.805052351997546,3.739064602589985,3.662619694516604,3.6363620588253527,3.6401102850786247,3.6106587585629404,3.579229413049828,3.5575114081005097,3.5652573232483173,3.5784494108819294,3.6271941080575174,3.686414546669318,3.789947960261861,3.8803225649182393,3.9602313298045857,4.057632550455207,4.090901298382739
2025M12,2025-12,2025-12-01,True,3.72240468965424,3.6720406816164988,3.5654887641141766,3.5734389115649656,3.5870188015537123,3.554682124988899,3.5257439542890756,3.5069612477096896,3.4992291419660106,3.5219049820338584,3.5908727816510035,3.652402905045898,3.756524561472627,3.848913810462445,3.9325077838079916,4.032677067163495,4.096548851147378
