date,panel_month,calendar_month_start,actual_quote_date,exact_calendar_first_of_month,calendar_days_after_month_start,n_raw,n_pass1,n_pass2,n_pass3,n_pass4,y3,y6,y9,y12,y15,y18,y21,y24,y30,y36,y48,y60,y72,y84,y96,y108,y120
1972-01-03,1972-01,1972-01-01,1972-01-03,False,2,57,57,53,55,54,0.0374417094447176,0.04023316902262389,0.042061167993347075,0.04256194352351723,0.04476206678819185,0.04555447355042864,0.04716867734358519,0.048405680554648944,0.05029357803405933,0.05255967490070742,0.052395038055934276,0.05526723534688915,0.0581574597796816,0.05902850189742052,0.059022332181317284,0.059016162465214045,0.05926689541719586
1972-02-01,1972-02,1972-02-01,1972-02-01,True,0,58,58,55,56,56,0.03418180209503248,0.0383639460975147,0.040765776170471356,0.04219707248341291,0.04507696813206173,0.04635899160608736,0.047342064559172746,0.0482809985433,0.051572547287708576,0.05555749406532977,0.055022720527634315,0.057597167888100244,0.059754604602433564,0.060109694985412854,0.060260019054345235,0.060410343123277616,0.060766779940324804
1972-03-01,1972-03,1972-03-01,1972-03-01,True,0,57,57,56,56,56,0.03403791084793466,0.038157642797010706,0.03964440807891846,0.042653785013343264,0.043290736390951476,0.04371633528697528,0.04554831654320944,0.047345438460421455,0.05013694678663703,0.05229641542305957,0.05464006410717456,0.05637085995569041,0.0587250763801919,0.05939407526782921,0.060036840160068015,0.060679605052306816,0.06260719517324863
1972-04-03,1972-04,1972-04-01,1972-04-03,False,2,57,57,54,55,55,0.03864641564433892,0.04395541723825842,0.04702781713054193,0.04945893859275729,0.05152162827472764,0.053157725383359646,0.05450285244415304,0.05542461941204601,0.056673296025553155,0.057986940253254446,0.06037793402604794,0.06037683165302255,0.06161852564533401,0.06141760385787036,0.06115948081919489,0.06090135778051941,0.06293791990303174
1972-05-01,1972-05,1972-05-01,1972-05-01,True,0,58,58,55,56,56,0.03614247712665008,0.03908968004930038,0.04345354267773517,0.04471168527529324,0.04532323628079663,0.047073849802600036,0.04902216746454074,0.05084030117895543,0.05301846015349341,0.05493052237428792,0.05804420151826074,0.057461174978166704,0.059040933030645025,0.059381007791065234,0.060279479928372556,0.06117795206567987,0.0625094985624343
1972-06-01,1972-06,1972-06-01,1972-06-01,True,0,55,55,55,55,55,0.03863872810374998,0.04283843406299062,0.045084656074980835,0.047044445594970556,0.04715276495832727,0.04842300270299059,0.049534994632439,0.0500974756365307,0.0522756275479907,0.053210215001837056,0.05604377044455207,0.05735978838626099,0.05924472643918551,0.05944870252431936,0.059930563428879216,0.06041242433343907,0.06275333594142994
1972-07-03,1972-07,1972-07-01,1972-07-03,False,2,56,55,54,54,54,0.04120979573041403,0.045544291319381605,0.049768750243915756,0.051958128197362945,0.051440698049555526,0.05271202421931378,0.053649078468165565,0.05435827509454515,0.055507201566675796,0.05636313373205483,0.058542814658065004,0.059059884022946894,0.060532704030024545,0.06017603922363692,0.05996426336157144,0.059752487499505964,0.06002111580842729
1972-08-01,1972-08,1972-08-01,1972-08-01,True,0,57,55,54,55,54,0.03755365740444847,0.04332248100954104,0.04694911315619227,0.049291235473990974,0.049975064255294535,0.0506588930365981,0.051669507578649694,0.05278445384425522,0.05440184141053061,0.05654172451910597,0.05869876255863553,0.05888495479720878,0.06030209020022931,0.06031111409032444,0.0604442880103909,0.06057746193045736,0.0632455231604432
1972-09-01,1972-09,1972-09-01,1972-09-01,True,0,57,56,55,56,55,0.04574552222744715,0.05053404259536928,0.052240046305253286,0.05472412323251813,0.05483483600275652,0.05499707698532734,0.05547610087094926,0.05616813808086503,0.05709486389454999,0.05865226642216273,0.06104240532583468,0.060856293142695465,0.0621601060195019,0.06391649743568781,0.06405174469399241,0.06418699195229702,0.06465724450008474
1972-10-02,1972-10,1972-10-01,1972-10-02,False,1,57,57,57,57,57,0.04587425866474113,0.052289815980293614,0.05444938062067636,0.056521497169662836,0.056441127196360255,0.0568854063308298,0.05750817552677936,0.05767523448311485,0.057371133586505335,0.059242872111145733,0.06011641325376855,0.06053943971942788,0.06170006577310442,0.06270880898134892,0.06322414306453869,0.06410623520398025,0.06580411168337726
1972-11-01,1972-11,1972-11-01,1972-11-01,True,0,59,59,59,59,59,0.047455398827562965,0.051878228048016777,0.053830522528540196,0.05502831417425846,0.05564658792938376,0.056921913395357716,0.05739227814780938,0.05775379755511915,0.05719908940952005,0.0590808831515911,0.060998771327701665,0.060979152236712394,0.06170964576272863,0.062300022884054874,0.06266250005686202,0.06313467995921555,0.06383654844720402
1972-12-01,1972-12,1972-12-01,1972-12-01,True,0,59,59,59,59,59,0.04965374513298427,0.05285288370017985,0.05393618305983395,0.0541432900232422,0.05366515747345237,0.05530181295226195,0.05670955203500896,0.05642859111462345,0.05763660652301935,0.05809528686533553,0.06005437057541905,0.060061057711733666,0.06039811681459998,0.06105635311694129,0.06158566764043291,0.06246514273488961,0.06327495204381285
1973-01-02,1973-01,1973-01-01,1973-01-02,False,1,60,60,60,60,60,0.052487617902046854,0.05538791944138307,0.0553870703295776,0.05664921504959707,0.05761439463098817,0.0585202367767199,0.0606052017430369,0.059269158198137176,0.06050608212170853,0.06011872066836964,0.060939258077667605,0.06197094581647928,0.06204619272152185,0.0623902035699778,0.062285071300564133,0.06322115946501763,0.06408058494348126
1973-02-01,1973-02,1973-02-01,1973-02-01,True,0,60,60,58,58,58,0.05824187984177637,0.060656058670623784,0.059313601843274735,0.06255617145092528,0.06285329063440276,0.06284632762218706,0.06255223319675365,0.06281078021377916,0.06302579273664914,0.06387659345589525,0.06471220752661254,0.06419842762098205,0.06410019422533907,0.0638284233875439,0.06370705734237109,0.06392792649125617,0.06494423556111573
1973-03-01,1973-03,1973-03-01,1973-03-01,True,0,62,62,59,59,59,0.05875894555224253,0.06274306558098851,0.05988008277938231,0.06431670091624261,0.0645452242503959,0.06474141355993124,0.06476527327561934,0.06483575501804459,0.06530513956829348,0.06585162302428843,0.06614549530767994,0.06578122463006579,0.06537125532287964,0.06445602020726708,0.06375973301206253,0.06425458299783379,0.06543909829794285
1973-04-02,1973-04,1973-04-01,1973-04-02,False,1,61,61,59,59,59,0.06572783854046649,0.0691781915016129,0.06795384904297537,0.06993093996945707,0.06914198979565596,0.06902348444125155,0.06875455735901144,0.06820010344827598,0.06829601307116008,0.06701050468697192,0.06637057701644498,0.0664428672280635,0.06594314554168884,0.06562887430219727,0.06617509080729155,0.0654524987042173,0.0659031783516265
1973-05-01,1973-05,1973-05-01,1973-05-01,True,0,63,59,58,58,58,0.06332677190920007,0.0676491331691738,0.06730977177354656,0.06734693692982094,0.06710620383678266,0.06670351107479844,0.06674392871922316,0.0666292071098715,0.06639394785915298,0.06674892433266742,0.06555104206645021,0.06601801705017803,0.0656936503286051,0.06606558460882848,0.0666641523869401,0.06521418921517225,0.06560091993969805
1973-06-01,1973-06,1973-06-01,1973-06-01,True,0,62,59,57,58,57,0.07100042214394003,0.07253280051532317,0.07197203493203747,0.07208943509744355,0.06933637453256247,0.06838548633220652,0.06821069189141175,0.06750749231806907,0.06722377797910913,0.06649390447223727,0.0655355081075451,0.06598400474017163,0.06542214389264214,0.06705239396963597,0.06715104631637987,0.06850626863086726,0.0685222557084159
1973-07-02,1973-07,1973-07-01,1973-07-02,False,1,62,62,60,61,60,0.0800896513454597,0.08165767319019045,0.08037144685836906,0.08072389276139753,0.07674675574865782,0.07496640621928319,0.07156278497255204,0.07099701255538018,0.07010098437750875,0.06992870713517405,0.06840389447361193,0.06811808179071087,0.06703767506874132,0.0701937897260367,0.06906231367162857,0.06841503407815205,0.068572102703928
1973-08-01,1973-08,1973-08-01,1973-08-01,True,0,62,61,59,60,59,0.08539194909679618,0.08741039997081505,0.08675139786787917,0.0867577822839093,0.08539338135050617,0.08291243183790573,0.08071633414585923,0.08038953549803476,0.07962468336715457,0.0788327388569805,0.07915792193480518,0.07705123048549568,0.07371894154545003,0.07436941637978485,0.07361644419721644,0.07319599230563051,0.07316919672265162
1973-09-04,1973-09,1973-09-01,1973-09-04,False,3,63,61,60,61,60,0.08821562642994708,0.09008647873179618,0.08482307937443682,0.08563184579223304,0.08029778210936665,0.07687272925886707,0.0759940721409936,0.07601581240961884,0.07398320307633531,0.07235258785747153,0.07127462012039709,0.06988047599094349,0.06848674445397575,0.0709597017007322,0.07094270237864692,0.07060077979208103,0.06999407501731728
1973-10-01,1973-10,1973-10-01,1973-10-01,True,0,61,61,61,61,61,0.0716744824015608,0.07782897752670667,0.07781353101931728,0.07749366393223103,0.0726023443905443,0.07016793303528582,0.06921620293949553,0.0671189434326473,0.06655337109942257,0.06640963151686366,0.06663235536309596,0.06570508395900403,0.06579928225996377,0.06694620400176508,0.06727533698983258,0.06775068120817954,0.06736310996619689
1973-11-01,1973-11,1973-11-01,1973-11-01,True,0,62,62,61,61,61,0.07608444092195595,0.07732853766140985,0.07698159098732311,0.07257400105317093,0.06876991097945952,0.0680498157921895,0.06737616209605932,0.06823075021722103,0.06745819917408806,0.06718159064586134,0.06697107377386834,0.06662129677822066,0.06692560672300439,0.06662688652195589,0.06502802104886914,0.06497284689136826,0.06562706965130294
1973-12-03,1973-12,1973-12-01,1973-12-03,False,2,63,62,60,60,60,0.07541217731365304,0.07844408519277689,0.07899782746014906,0.07442907742502547,0.06841916523487225,0.06841333810873576,0.06831572965495497,0.06728895822107385,0.06693675794578824,0.06653864955457102,0.06679537558059434,0.06662707929005161,0.06765194326376633,0.06615309030408834,0.06421708304841134,0.06482030574735155,0.06558742613220434
1974-01-02,1974-01,1974-01-01,1974-01-02,False,1,62,61,59,61,59,0.07664228039162269,0.07746303887383132,0.07468057165715769,0.07218031122020341,0.07063316004396865,0.07032357916330377,0.06550641386781443,0.06336361565916353,0.06733004151806217,0.06678469754950522,0.06682899848807315,0.06717701854134883,0.06699596324733567,0.06677786030492451,0.06631188285419731,0.0668914949932511,0.06761431629012703
1974-02-01,1974-02,1974-02-01,1974-02-01,True,0,62,62,61,62,61,0.07434539909391313,0.07245738084977929,0.07202701539110956,0.0671033522611626,0.06601502020730518,0.0662125703836871,0.06109319087039601,0.06399144896182321,0.06606785326994793,0.066528511252843,0.06676617771395855,0.06706019314690248,0.06761711873394866,0.06661996938918952,0.06866946171253173,0.06893962928941168,0.06898507785156519
1974-03-01,1974-03,1974-03-01,1974-03-01,True,0,62,60,58,60,59,0.07671817372176416,0.07718285243534663,0.07300996682597241,0.07151291381793608,0.06940525772332487,0.06771049983676472,0.06421000221536408,0.06708476595502115,0.06891695267023916,0.06806377576235041,0.0688202333786452,0.0689710760195013,0.06969296626891114,0.06976343061236104,0.06729031548388273,0.06752335988254664,0.06775640428121055
1974-04-01,1974-04,1974-04-01,1974-04-01,True,0,62,61,59,59,59,0.08506677978096516,0.08467521415434931,0.08358099971608497,0.08103455404985964,0.07926477208947232,0.07770898344447824,0.07692284353699669,0.07710188555477639,0.07632607414748818,0.07610919577636768,0.07506091337477337,0.07443673696083643,0.07533222473904963,0.07428582948782489,0.07122486069963684,0.07068669306972669,0.07014852543981656
1974-05-01,1974-05,1974-05-01,1974-05-01,True,0,63,63,61,61,61,0.089707910757038,0.08979460794366147,0.08907737781332706,0.08648638835028592,0.08599936110473214,0.08528003529875977,0.08296637502359408,0.08158520802201097,0.08116916850962765,0.07965824335679911,0.07959619738186112,0.07912300393120347,0.07853532388642966,0.07746650664973205,0.0744231551473531,0.07346379632401846,0.07250443750068382
1974-06-03,1974-06,1974-06-01,1974-06-03,False,2,63,63,60,60,60,0.083221758240927,0.08501540354688741,0.08587739906709949,0.08784605238334538,0.08432303717837379,0.08174959695132984,0.08271163074524987,0.0806629640246803,0.08023181484476836,0.08023401662175825,0.0793026851279604,0.07816814657264598,0.0790741328067161,0.07712789795545479,0.07416634247825306,0.07316597475904732,0.07216560703984158
1974-07-01,1974-07,1974-07-01,1974-07-01,True,0,63,61,57,59,57,0.07803021492975164,0.08162185451358797,0.08468844938304204,0.08673460538877739,0.0834225352839601,0.08205444405371677,0.08382351066755638,0.08215688570405749,0.08322216451719902,0.08205808778134847,0.08205955663627494,0.08115147978719711,0.08109383347935653,0.0762431521276095,0.07421293787242517,0.07376674976116758,0.07332056164991
1974-08-01,1974-08,1974-08-01,1974-08-01,True,0,63,60,55,57,55,0.08095213593882285,0.08464030581300185,0.08573528616544902,0.08591947545943196,0.0850312856991614,0.08509500309239319,0.08550391869200727,0.08478877489866145,0.08357193795332109,0.08388329902503816,0.08365495170823578,0.08277698498197716,0.08353308085170612,0.07753713455960297,0.07620483659591282,0.07534276408081045,0.07448069156570808
1974-09-03,1974-09,1974-09-01,1974-09-03,False,2,66,63,57,60,57,0.09313235490249011,0.09888994055189611,0.09808342395788765,0.09722558754521658,0.09237035228817299,0.09092826778214251,0.08900665331592113,0.08697467876838728,0.08640514265067589,0.08421724697721573,0.08352606894639128,0.08434756972435069,0.0844124394057835,0.08347468233800542,0.08317119455495806,0.08318650426170107,0.0832018139684441
1974-10-01,1974-10,1974-10-01,1974-10-01,True,0,66,65,61,63,61,0.0669771566147423,0.0788804675806946,0.0838648959022294,0.08397414669282477,0.08104810768442612,0.08054406723657084,0.08001672308510815,0.08165254913866207,0.07806385067227276,0.07903065695118859,0.07947105281407363,0.07888050559691392,0.08009856843419184,0.07806540008793701,0.07947947467382734,0.07985070306921668,0.08022193146460604
1974-11-01,1974-11,1974-11-01,1974-11-01,True,0,67,67,62,64,63,0.07942642622194114,0.08030978621768743,0.07944431931051302,0.077093637317989,0.07610074022139308,0.07635942762713858,0.0761293311989159,0.07726179566109058,0.07817951248913112,0.07738709182886734,0.07779777515353405,0.07781915610507564,0.0785280172491701,0.07331875647352874,0.07276750542587736,0.07221625437822597,0.07196441639887374
1974-12-02,1974-12,1974-12-01,1974-12-02,False,1,68,68,65,67,65,0.07514973759224944,0.07756331027668002,0.07690003235039013,0.07525486250863793,0.07245853740302782,0.07270759135081793,0.07234280835694279,0.0724235305447625,0.0733123238306175,0.07326285327532271,0.0734008470648637,0.07403108040066925,0.07574772003447519,0.07612405764478743,0.07348045730633589,0.07083685696788435,0.06951815056539175
1975-01-02,1975-01,1975-01-01,1975-01-02,False,1,67,67,65,65,65,0.07020660309933044,0.0716687432933973,0.07090973001332371,0.06999127355843997,0.070503920124211,0.07069876564044321,0.07171230092861028,0.0715070979950124,0.0713641698491444,0.07132992257994492,0.07125811001183348,0.07097100547637906,0.07162702024757729,0.07184351901083193,0.07140290477829286,0.07114978368099453,0.0708966625836962
1975-02-03,1975-02,1975-02-01,1975-02-03,False,2,69,69,67,68,67,0.05778504294255341,0.05932952400579607,0.05960047699155902,0.05875691784117284,0.0605520869361826,0.06278397725842055,0.06322567071279618,0.06512932019766667,0.06610360585262069,0.0671371304277214,0.06910464996416776,0.0706021524178549,0.0765983158080968,0.07171145628018968,0.07033557854336318,0.06915253881708862,0.06854611802328231
1975-03-03,1975-03,1975-03-01,1975-03-03,False,2,69,68,66,67,66,0.056176919422695294,0.05869512937522859,0.05885800625466655,0.0594317166186179,0.059176225513434474,0.06066527013766624,0.06169140824464446,0.0624529627159911,0.06406291564566363,0.06537366176620142,0.0664843106421815,0.06967694544850701,0.07223110639013627,0.06998200164616765,0.06917672248023854,0.06837144331430943,0.06818076481082663
1975-04-01,1975-04,1975-04-01,1975-04-01,True,0,73,70,67,67,66,0.056876725033870965,0.059896958762662364,0.061270587857166825,0.06283964833091187,0.06528998106431358,0.06892693319274308,0.06862535659498582,0.06990251343212446,0.0702470396449827,0.07072544056700265,0.07288736965344961,0.0736411011632772,0.07499461379071763,0.07226575790376731,0.07295952381823698,0.07365328973270663,0.07434705564717628
1975-05-01,1975-05,1975-05-01,1975-05-01,True,0,75,73,69,69,68,0.055923094181546534,0.06078833252680548,0.06482481189769423,0.06669642448816013,0.06987852991177985,0.07158425784404727,0.07313656183998417,0.07420779733376112,0.07522125455190637,0.07718071177246746,0.07826585893114277,0.07879859892050044,0.08056142547175604,0.07607716500523568,0.07644297743899316,0.07680878987275065,0.07717460230650815
1975-06-02,1975-06,1975-06-01,1975-06-02,False,1,74,72,67,68,66,0.053148806860040684,0.0557596287157847,0.05853950267110668,0.05989953508260016,0.06279899536870241,0.06481394310708988,0.06751956282065338,0.0677553469565031,0.06933620553254176,0.07086232907183669,0.07280003910302446,0.07407852510822985,0.07648515211224789,0.07809374822124793,0.07803455422490274,0.07797536022855756,0.07791616623221237
1975-07-01,1975-07,1975-07-01,1975-07-01,True,0,77,75,69,70,69,0.060789607186733534,0.06404439983659371,0.06547876488429213,0.06781820273046163,0.06892382417410882,0.069776763514155,0.07113291808758006,0.07151537456954443,0.07163373068423276,0.07359630740493274,0.07667107994808241,0.07612045370381375,0.07720918989013843,0.07344253998535778,0.07309016339969651,0.07273778681403523,0.07238541022837396
1975-08-01,1975-08,1975-08-01,1975-08-01,True,0,78,75,70,71,70,0.06455742250665408,0.06952025592638392,0.07141298783422498,0.07235463317635471,0.07329325674877482,0.07365866172562995,0.07555180885999574,0.07658792761891561,0.0762767196230923,0.07857947802637777,0.07817413085367593,0.07879207219579591,0.07978022725650727,0.08054604894738356,0.08056427961340011,0.08058251027941667,0.08060074094543321
1975-09-02,1975-09,1975-09-01,1975-09-02,False,1,78,77,69,70,69,0.065218118913349,0.07102994659412368,0.07256093044140252,0.0738746116814444,0.0737811246175189,0.07545502618672931,0.0761601311087264,0.07690838339249745,0.07554998815326351,0.07509488436194328,0.07899391696993838,0.08001257799092193,0.07980895107318606,0.08180137190849081,0.08139744250021959,0.08099351309194837,0.08058958368367716
1975-10-01,1975-10,1975-10-01,1975-10-01,True,0,79,78,71,72,71,0.06617468713071739,0.07168143258917642,0.07440609858028717,0.07534568184046078,0.07505486963013092,0.07711762281506504,0.07879317017781089,0.07957450572643704,0.08032982329458624,0.07990647463972253,0.08041727005700337,0.08112755479173742,0.08195763106606813,0.08322130053808002,0.08297093545075207,0.08272057036342413,0.08247020527609618
1975-11-03,1975-11,1975-11-01,1975-11-03,False,2,80,79,73,74,74,0.05734233296381635,0.059005134207250544,0.06092665119377778,0.06218906513215295,0.06464231809308993,0.06736290095521541,0.06847501370905462,0.06977374718949128,0.07201201259530486,0.07136883614122959,0.07290347936380077,0.07586690672222636,0.07672695795961947,0.07791643049585496,0.0781322656270443,0.07834810075823365,0.078563935889423
1975-12-01,1975-12,1975-12-01,1975-12-01,True,0,79,78,75,75,74,0.05636129484087132,0.06170819925466288,0.06353091114894333,0.06420868013880934,0.0672386673169323,0.06850696656290543,0.07025785704537647,0.07116664664378324,0.06871501019372568,0.07253435457363462,0.07357699532123142,0.07688450125281385,0.07815279308797626,0.0802453849447085,0.08014499014116325,0.080044595337618,0.07994420053407275
1976-01-02,1976-01,1976-01-01,1976-01-02,False,1,78,77,74,74,74,0.052827925511418836,0.05650408852651276,0.05884205377023337,0.06055182081047605,0.06304502632747863,0.06443094315541935,0.06585752512766094,0.0666462502037123,0.06462598322979618,0.06913947711477128,0.07289182543169274,0.07376242136404178,0.07456988320305293,0.07654871584605101,0.07683710712896814,0.07712549841188529,0.07741388969480244
1976-02-02,1976-02,1976-02-01,1976-02-02,False,1,80,78,74,75,73,0.04833644355426695,0.051647595878242705,0.0539981659833801,0.05562193607024209,0.05830388405067865,0.06032492055248587,0.06210639452257833,0.06338429632137876,0.06240921331375553,0.06831497966862077,0.0719931455661873,0.07390244951421927,0.07478390403678416,0.0776074808519634,0.07751745015311079,0.0774274194542582,0.07733738875540559
1976-03-01,1976-03,1976-03-01,1976-03-01,True,0,81,79,73,74,73,0.05316978669615246,0.058508504202326034,0.061088292719344524,0.06287593265910063,0.0651665990106831,0.06696151579215621,0.0674709685741883,0.06860443706100765,0.07002613955510525,0.07217012193525389,0.07346847699496209,0.07457936054869767,0.07475433228104378,0.07733096098065653,0.0772921897182623,0.07725341845586807,0.07721464719347385
1976-04-01,1976-04,1976-04-01,1976-04-01,True,0,83,81,75,76,75,0.05096001782877089,0.05514157581284645,0.05798582748633089,0.06077774095176998,0.06229936725876524,0.06402984262775371,0.06537186975651309,0.06654306345047308,0.06806091893591998,0.07007243593185532,0.07128489043403169,0.07310100894326033,0.07366332456216962,0.07569745651034183,0.07567488051254745,0.07565230451475306,0.07562972851695868
1976-05-03,1976-05,1976-05-01,1976-05-03,False,2,81,80,74,75,73,0.04986844292007547,0.05424996888031391,0.05721416326306262,0.05937567804602483,0.061654982821260765,0.06348864331564315,0.06471122165177924,0.06571871124240684,0.06616726049169784,0.06903141253019232,0.07007210275529936,0.0727085629586907,0.07407587416230754,0.07491514767154892,0.07503665377550259,0.07515815987945626,0.07527966598340992
1976-06-01,1976-06,1976-06-01,1976-06-01,True,0,82,79,76,76,75,0.05637974974987643,0.060541410481071825,0.06347017538224617,0.06551727981749182,0.06781290103520782,0.06920677066690567,0.0707429310782651,0.07142304094807327,0.0717637213456719,0.07331932220606092,0.07494616627140778,0.07580236328266611,0.07687886347449852,0.07715522762831464,0.07765939400023043,0.07816356037214621,0.07862982696514617
1976-07-01,1976-07,1976-07-01,1976-07-01,True,0,83,81,77,78,77,0.054674851176309616,0.05889826500407394,0.06160939526474789,0.06346562051849233,0.06525030327131037,0.06606091910094344,0.06797837143963935,0.06921897621180964,0.07000196775813641,0.07109036275989401,0.07241060564649092,0.07483946958607073,0.07596041086649684,0.0766302759623646,0.07722516459522409,0.0778200532280836,0.07832249538146269
1976-08-02,1976-08,1976-08-01,1976-08-02,False,1,83,82,78,79,79,0.05242203253099542,0.05602594467411829,0.05837905737286422,0.05997289153169356,0.062349866703505265,0.06390463624122239,0.06693236978900308,0.0662083192988985,0.06795446006173479,0.0687565664054208,0.07100805535681935,0.07175690802353309,0.07558716106350537,0.07622458386629816,0.0770175067491925,0.07781042963208684,0.07842794255194155
1976-09-01,1976-09,1976-09-01,1976-09-01,True,0,85,84,81,81,80,0.051749455322720586,0.054755743912779306,0.05650352583465485,0.057866697715773595,0.06025814348327727,0.06215517264806325,0.0631185183693371,0.06414387138000267,0.06549603405783072,0.06601262320507713,0.0690804182906306,0.06911276843308697,0.07285764618418965,0.07378794063400687,0.07479610787906764,0.07580427512412839,0.0766651373175418
1976-10-01,1976-10,1976-10-01,1976-10-01,True,0,86,86,82,83,81,0.05139412746144428,0.05394879796546656,0.05523440394472814,0.05640465130235354,0.05842297104210999,0.05990821042073248,0.06079912341114702,0.061277790581497085,0.06341921992718129,0.06486362456042703,0.06564060847497401,0.06939472093457347,0.07135645847674603,0.07124162365129146,0.07065695114479006,0.07364713183672109,0.0754277301972134
1976-11-01,1976-11,1976-11-01,1976-11-01,True,0,86,86,80,83,79,0.04956026071418789,0.051784451159499534,0.05293262989023915,0.05427840579666848,0.05635137579198579,0.05818101442899991,0.05893054841481494,0.059195862326364194,0.061666074349299965,0.062128721310185805,0.06543171447264033,0.06707548914300905,0.06969045780107556,0.07116998142817882,0.07234235554408615,0.07351472965999346,0.07423540876879141
1976-12-01,1976-12,1976-12-01,1976-12-01,True,0,88,88,86,87,86,0.04477997552893055,0.046477486186187,0.04764606024932739,0.048558607711267444,0.05043339024425505,0.051492801258345836,0.052918700075220086,0.053030261627132785,0.05476385325209378,0.05556226979296556,0.06396193818405867,0.05969061880645048,0.06415845465367269,0.06324750689639917,0.06424617067308977,0.06890524808968657,0.0712508743374126
1977-01-03,1977-01,1977-01-01,1977-01-03,False,2,89,89,88,88,87,0.04477594418476953,0.04653402654763334,0.04766459146243704,0.04850741655070873,0.0504217274803652,0.05170615761512644,0.052868576343563456,0.053355205416322084,0.055884968383275814,0.05727246212266603,0.05724076564256035,0.06265958837071531,0.06480620801575356,0.06429666044148481,0.06425445050840012,0.06777612794646351,0.06907224287806428
1977-02-01,1977-02,1977-02-01,1977-02-01,True,0,90,89,88,88,87,0.04817730374027069,0.051363190670725305,0.053464543071194914,0.0554797673425191,0.05814566413449728,0.05993134753619667,0.06040844892261419,0.06132356996833471,0.06333798464814304,0.0653075356182269,0.06737118064373623,0.07072873845556835,0.07084676518473655,0.0712957294997641,0.07254224370107974,0.07378875790239539,0.07381547238730087
1977-03-01,1977-03,1977-03-01,1977-03-01,True,0,91,90,89,89,88,0.04776657394779496,0.050842769680001294,0.053260637958633526,0.055202039535150856,0.0571537376883965,0.058134641483511995,0.05980234527639256,0.06044428188775093,0.062164827591438016,0.06453815335846323,0.06783822888816338,0.06771455019356545,0.0714925810072965,0.07242520098814728,0.07353796823683405,0.0746507354855208,0.07451770575771668
1977-04-01,1977-04,1977-04-01,1977-04-01,True,0,93,91,87,88,88,0.04634227494139444,0.04922549369847383,0.05169571009569613,0.05343062832232808,0.055830939444006245,0.05720064262861852,0.058413473518818024,0.05939650794959322,0.061887702074868316,0.06353347614089133,0.06565529931956803,0.06816280205569773,0.07058488200304353,0.07101631958067119,0.06816470385977462,0.06735098695553443,0.06713392068796946
1977-05-02,1977-05,1977-05-01,1977-05-02,False,1,92,91,88,89,88,0.04853315815421394,0.05098765353259857,0.05390905172914349,0.05474921024517822,0.05708966390157765,0.058573972029686186,0.0601448404582682,0.0605414631374461,0.06232814427688378,0.06335140331539185,0.06673417713167182,0.06869857494536065,0.0703109004756216,0.0723493292033584,0.07339310779411619,0.07443688638487396,0.07400216194098955
1977-06-01,1977-06,1977-06-01,1977-06-01,True,0,91,91,88,89,88,0.05132155596505385,0.05366208903944905,0.055695285521402765,0.056513529680654206,0.058501476932261105,0.05936967522836253,0.06050611393574585,0.06100963177756453,0.06235587841531799,0.06351063916826027,0.06649537665298445,0.06730433272800868,0.06949765204240231,0.0714365647149845,0.07256182528278182,0.0736318264509884,0.06946846985863431
1977-07-01,1977-07,1977-07-01,1977-07-01,True,0,92,92,89,90,88,0.05109216362513106,0.05354262884335754,0.05507575751286894,0.05635410299414911,0.057203507987296835,0.05825095009379299,0.05908744803520266,0.059929796569147965,0.061080474375828316,0.062087025845144535,0.0633605386386426,0.06590157537208818,0.06804274889913,0.06991046203468594,0.07103940134670986,0.07201667554654254,0.07156765406601426
1977-08-01,1977-08,1977-08-01,1977-08-01,True,0,92,91,89,89,89,0.05486598726328261,0.058363082808444836,0.05954697390177831,0.06109409320993155,0.06116369644431446,0.062362582599857455,0.06334930541372681,0.06408793623139088,0.06498486637826975,0.06511468015467387,0.06713518450555608,0.06899504669036625,0.07012634605053851,0.07241459464260054,0.0731749316807263,0.07354004121795407,0.07381107603010803
1977-09-01,1977-09,1977-09-01,1977-09-01,True,0,92,91,91,91,91,0.056714077470686894,0.06036929111353051,0.0612570023464634,0.06251350867607185,0.06285239610219191,0.06354857828043457,0.06339257300923588,0.06483217086792753,0.0652151564988305,0.06632690007496293,0.06768753730010188,0.06860993295869376,0.06872811220077382,0.06989154466471625,0.0713824847089448,0.07226671484854719,0.07262540043717507
1977-10-03,1977-10,1977-10-01,1977-10-03,False,2,93,92,92,92,92,0.061486876549846005,0.06443847940568893,0.06523509446701885,0.06584089846407194,0.06570638537090026,0.06642439847031038,0.06633230164969421,0.06729254126076993,0.0678386921013641,0.06801709140046763,0.0679741530711789,0.0703850033861412,0.07016384509881969,0.07148391024283703,0.07259602692783443,0.07313632971699219,0.07343871785810425
1977-11-01,1977-11,1977-11-01,1977-11-01,True,0,95,94,92,93,93,0.06335438511123252,0.06649587257898086,0.06822940067063105,0.06856004135311963,0.0691387692952122,0.06954597745435498,0.07056343722710694,0.07090917090298235,0.07120965112747552,0.07160196370330539,0.07232407246170494,0.07365261040686365,0.07290447363114119,0.0737252139448329,0.07488769617859141,0.07532024923423103,0.07539978916835927
1977-12-01,1977-12,1977-12-01,1977-12-01,True,0,95,95,94,94,94,0.06148467293407161,0.06559393919983923,0.06703255758447549,0.06743577040343901,0.06780170878476548,0.06783704690686496,0.06928944466209931,0.07004409402788844,0.07006458303223613,0.07096532371237194,0.0717002154814698,0.07184269082608649,0.07198248924974816,0.07312829042748313,0.07404053456103586,0.07435883346782408,0.07495023477158291
1978-01-03,1978-01,1978-01-01,1978-01-03,False,2,97,96,96,96,96,0.06316565860212511,0.06638914468451441,0.06779868567276784,0.06868294559083048,0.0691978283386834,0.06941222754728978,0.07055640881299642,0.07125487238557425,0.07172063849910437,0.07214895441078041,0.07239304570162215,0.07480578562415867,0.07503610091769501,0.07570262681443461,0.07694791016435655,0.07711518093678196,0.07758927614156003
1978-02-01,1978-02,1978-02-01,1978-02-01,True,0,96,95,95,95,95,0.06543390592302636,0.06893788640855554,0.0702292328182919,0.07044016289260768,0.07139021241146809,0.07203939724573176,0.07267083991063483,0.07329147933439868,0.07379189659250239,0.07412494707051476,0.07505230764741004,0.07605474662171736,0.07681364104893869,0.0770811680073839,0.0780064985343009,0.0781959417664443,0.07864350844629538
1978-03-01,1978-03,1978-03-01,1978-03-01,True,0,98,98,94,95,95,0.06553384032637866,0.06925296071561249,0.07065709058349706,0.07147442897046181,0.0717025397678241,0.07268356566114317,0.07343696992295173,0.07444486611708091,0.07484911351774538,0.07567804178082524,0.07666567521466086,0.0774496963918529,0.07794473499872265,0.07860619832827435,0.07890077646399504,0.07892861954571394,0.07943737711741172
1978-04-03,1978-04,1978-04-01,1978-04-03,False,2,98,98,95,97,96,0.06513412830217927,0.06892106727967542,0.07129524956132403,0.07257570747918761,0.07355884519623843,0.07425496979777946,0.0748594145285549,0.07536066342126153,0.0756442173152556,0.07661056465115045,0.07595234225944739,0.07774912633320515,0.07865789073619033,0.07920418103362281,0.07952275419484266,0.07865560727635545,0.08029706960181407
1978-05-01,1978-05,1978-05-01,1978-05-01,True,0,98,97,93,94,94,0.06526127079436796,0.07080736192524022,0.07367806146831513,0.07519147421888245,0.07589724969179144,0.0768170139539133,0.07739288323307791,0.07751438635683354,0.07756583101562853,0.07797065780500782,0.07794820443413716,0.07860868720134111,0.07956709296706868,0.08014765687717143,0.08079794139204777,0.08083332869104352,0.08118700471782465
1978-06-01,1978-06,1978-06-01,1978-06-01,True,0,98,96,93,95,94,0.06753394598871171,0.07356973008306315,0.07593993844907464,0.07767169442403987,0.07883468850716531,0.07901199241161623,0.07941221441553728,0.0794999351109863,0.07942248856994864,0.07978377164301811,0.08023901662303264,0.0789968228019621,0.08121379410494227,0.08177066690376558,0.08245013679750655,0.0825971360230146,0.08300534787143629
1978-07-03,1978-07,1978-07-01,1978-07-03,False,2,98,98,95,97,96,0.07182729208863232,0.07585164471073233,0.07975022301291697,0.08131499347077943,0.08203491493969764,0.08215322239929507,0.08243637932496689,0.08263557417627028,0.08270730794460432,0.08314190135772823,0.08134467399309121,0.08104981164177937,0.08287678069843013,0.08325229356078281,0.08405817372635536,0.08412493204350996,0.08446012596257217
1978-08-01,1978-08,1978-08-01,1978-08-01,True,0,100,100,98,99,99,0.06998929747706001,0.07540879978261181,0.07965777876329296,0.08117790914221792,0.08252968894158934,0.08228240415222592,0.08197871720795692,0.08261385070270251,0.0821014280416137,0.0825361967718274,0.08156805312603671,0.08097917331099168,0.08266389685254082,0.08299730621027984,0.083115894911278,0.08315183973389227,0.08404845408443316
1978-09-01,1978-09,1978-09-01,1978-09-01,True,0,100,99,95,96,96,0.07867588173033394,0.07993774138012621,0.08178284748048455,0.0827749186902201,0.0823590807378612,0.08284677753593234,0.08169571676009366,0.08302252377468913,0.08202922303182238,0.08152887126785345,0.08178308696813417,0.0817412849735942,0.08153965051194045,0.08246052050369543,0.08142795163681518,0.08168389593547576,0.08199464776807068
1978-10-02,1978-10,1978-10-01,1978-10-02,False,1,99,97,93,94,94,0.08273653834752327,0.08665439367411412,0.08647307459762993,0.08628539078271975,0.08562270331293478,0.08516818529963989,0.08446194503152725,0.08472077692521976,0.08299707985576318,0.08294651387553766,0.08125882117935156,0.08315326661751683,0.0827999467654968,0.08405001242761662,0.08293036163422385,0.08326389162259688,0.08407929853211377
1978-11-01,1978-11,1978-11-01,1978-11-01,True,0,100,99,95,97,96,0.09031927694546348,0.09632868033388252,0.0968793943095207,0.09555989495348147,0.09391630828734215,0.0922601243019214,0.09049460126495018,0.09181271206186897,0.09006941129150724,0.08898351849358917,0.08688569495205055,0.0839680757148973,0.08459386940768338,0.0844564122159519,0.08411101927241017,0.08360081463945923,0.084292745388565
1978-12-01,1978-12,1978-12-01,1978-12-01,True,0,99,98,97,98,97,0.09093879041881942,0.09463924980794453,0.09687943302166557,0.09742013682010252,0.09611247723577765,0.09231551803885142,0.09359113171631878,0.09241436344098965,0.08989755531207104,0.08874699012040306,0.08655818409388373,0.08501320938839493,0.08543347559171414,0.08611190628141958,0.08543410344482764,0.0852367100759142,0.08562955249695753
1979-01-02,1979-01,1979-01-01,1979-01-02,False,1,100,99,97,98,97,0.09670156810143339,0.0988731722537406,0.10289384668013522,0.1029723559276413,0.1023106072770175,0.10035726571275443,0.09967587185649159,0.09717050567238512,0.09658515350672696,0.09411554111754711,0.09159217838689782,0.09053353286018684,0.08900975053744388,0.08974352006549192,0.087738639317936,0.08857175113092733,0.08903390014838083
1979-02-01,1979-02,1979-02-01,1979-02-01,True,0,101,100,99,99,99,0.09486819733664117,0.0966651937135082,0.09818935145883285,0.09872107165796833,0.09663253450684889,0.09505613469152263,0.09472611477475794,0.09340075943849055,0.09165480355761609,0.08897270497918103,0.08691754441646772,0.08669563980799,0.08624772705135504,0.0873799025265717,0.08696393838624013,0.08668079207724037,0.0869597617291873
1979-03-01,1979-03,1979-03-01,1979-03-01,True,0,103,100,98,98,98,0.09632761788691588,0.09835907085832746,0.09989491702255916,0.09932073092305173,0.09603542306279396,0.09681097409332695,0.09674708169272196,0.09601870801443901,0.09277323046901512,0.0902384967771836,0.09026374601772247,0.09032919216276565,0.08891834456914051,0.09006998082648725,0.08955443350528162,0.08909017385105839,0.08866166938528622
1979-04-02,1979-04,1979-04-01,1979-04-02,False,1,99,96,96,96,96,0.09758135471870343,0.09860322234300586,0.09900876999006546,0.09725443997549477,0.09544068820869912,0.09512150965480004,0.09531630238815131,0.09447648061553826,0.09289293887823002,0.09070380184104448,0.08751949020781197,0.08922156756137316,0.08801244160996499,0.08885009175663601,0.0887385989872015,0.08865387625449121,0.08818658773054776
1979-05-01,1979-05,1979-05-01,1979-05-01,True,0,103,100,98,99,98,0.09740783550877093,0.09914910020286223,0.09925827347026256,0.09741136359763436,0.09727555546478932,0.0964834361586924,0.0964382708185789,0.09637776576629778,0.09462918612010592,0.09178395204451943,0.0909355779250359,0.09054644308000319,0.08958631117101733,0.09095475381430973,0.09078787454128637,0.09142966361357457,0.09035550164273261
1979-06-01,1979-06,1979-06-01,1979-06-01,True,0,102,100,98,99,98,0.09756570155432791,0.09771588133057536,0.09660878227915091,0.0929641682622669,0.09365141479532148,0.09366858122939868,0.09365180932919447,0.09299369635528323,0.09050077396066147,0.08811901428431596,0.08795112180432124,0.08748379093717804,0.08674888871022787,0.08806915393737859,0.08798135410253378,0.08845310654503459,0.08849970554049567
1979-07-02,1979-07,1979-07-01,1979-07-02,False,1,101,98,97,97,97,0.09169255097579562,0.09156855770665456,0.09252168826638195,0.09081609589704262,0.087497194671173,0.08669993295632189,0.08728290305964582,0.08671505925334079,0.08592987007946087,0.08485018152260151,0.08486592958409578,0.08361392519037987,0.08280256683218297,0.08535825197160489,0.08499687472761713,0.08563590061596757,0.08576776785283173
1979-08-01,1979-08,1979-08-01,1979-08-01,True,0,103,101,99,99,99,0.09379420558226188,0.09579724482574896,0.09600655146007007,0.09390677168095657,0.09221006911690592,0.09048742447304255,0.09050539481916732,0.08984402048807563,0.0874939738798,0.08771983997181756,0.08684188665430988,0.08560686517030387,0.08703031587715677,0.08769368208446889,0.08745466618535812,0.08757215397031616,0.08754057933499465
1979-09-04,1979-09,1979-09-01,1979-09-04,False,3,103,99,97,98,97,0.10284630550035723,0.10371495273133187,0.10428801149035116,0.10320808800147005,0.10087038276295869,0.09873015229766662,0.09700002932038859,0.09695190255808317,0.0947401589880726,0.09369807207566244,0.09153760013591988,0.08945447860366992,0.09089312934770585,0.0910308483066517,0.09034127886643853,0.09012470036414141,0.08997171205927851
1979-10-01,1979-10,1979-10-01,1979-10-01,True,0,102,100,99,99,99,0.10480283921697804,0.10568325670127048,0.10640550586341688,0.10545543131860802,0.1022917631741023,0.10135886886445453,0.09941279386812286,0.09808477652190006,0.09616247868578323,0.09493159484135358,0.0927638225061369,0.09187192439884052,0.09274852245826777,0.0925882536214203,0.09195407108707898,0.09265648467770214,0.09188931465275985
1979-11-01,1979-11,1979-11-01,1979-11-01,True,0,104,101,99,99,99,0.12402738569782731,0.1261933255124409,0.12744186391234616,0.12303957074320879,0.11954297232409199,0.11756293526577756,0.11695632060339033,0.11668513993996407,0.11253938833374857,0.11238512581809715,0.10860455691595024,0.106142268527618,0.10642752457776544,0.10564958213398208,0.10413003316550741,0.10449488002390665,0.10399609744692563
1979-12-03,1979-12,1979-12-01,1979-12-03,False,2,105,102,98,100,98,0.12084571484061443,0.12132623621432477,0.1185485429101984,0.11530519062228907,0.10943040436268958,0.10899986820609779,0.11003382736460389,0.11015856659925838,0.10311109633955692,0.10195932105317486,0.09988786449930816,0.10017466435074013,0.10101796297079645,0.10155940907271589,0.10020554133536505,0.10103969424970821,0.10122586962017222
1980-01-02,1980-01,1980-01-01,1980-01-02,False,1,105,103,101,102,101,0.12460318119473895,0.12495374069198148,0.11820008384646477,0.11461934048308613,0.11061292355865868,0.11034164384358701,0.11043175695014089,0.10948336754925711,0.1052001221539091,0.10268894060981006,0.10291871692016813,0.10111666982300593,0.10205876234251096,0.10183589312854797,0.0995011774446556,0.10092559935642159,0.10188152644432229
1980-02-01,1980-02,1980-02-01,1980-02-01,True,0,108,104,101,103,101,0.12519169045445994,0.12532311398946563,0.1216743777693235,0.11715022973442674,0.11553840203788347,0.11473986401225217,0.11717680863300305,0.11650931065015133,0.11075385454320216,0.10959400218206299,0.10881960621765648,0.10755669783993313,0.10979432719491751,0.1101351548559258,0.10971744681798698,0.1093250093010444,0.10913533701813846
1980-03-03,1980-03,1980-03-01,1980-03-03,False,2,107,99,95,98,95,0.15542743950960328,0.15320488395016285,0.14986233432991483,0.1494151377107818,0.14471575897400593,0.14301113831551335,0.14323086018075318,0.14219899130722688,0.13759013986185958,0.13186577755249623,0.12791533936560726,0.1245635107711241,0.1265199066172487,0.1237645490144939,0.12077540309939803,0.12255049089443416,0.12127960337337948
1980-04-01,1980-04,1980-04-01,1980-04-01,True,0,108,91,87,89,87,0.1549148939540096,0.15631824265908728,0.15297828844825792,0.15143133607064896,0.14594289877586814,0.14393444810675343,0.14288819896023755,0.13907581503193367,0.13699524787946593,0.12967520771539667,0.12647892893181367,0.12328115494361969,0.12325068981943946,0.11970652269742275,0.11938366710794551,0.12163297386203331,0.12097306216389216
1980-05-01,1980-05,1980-05-01,1980-05-01,True,0,108,96,90,92,89,0.10567375276067623,0.10737128785174095,0.1076292826131396,0.10599586733671279,0.10226169509139535,0.10390042406516464,0.10457768020755309,0.10360290954598607,0.1005035959668735,0.10088322935976944,0.1000746821694971,0.09948825631122526,0.10133420492233931,0.10274826051243155,0.10332265190822976,0.1040181994389363,0.10313573177382877
1980-06-02,1980-06,1980-06-01,1980-06-02,False,1,104,100,95,96,96,0.08161289425632365,0.084193021088771,0.08614052605331579,0.08699087009960792,0.08768316780940613,0.0900910861836579,0.09220276634887256,0.08861504942065082,0.0900518003105862,0.09269370509607375,0.09318229716881558,0.09357606130216956,0.09807397523929337,0.09869581752938045,0.10069693095619497,0.10123418030433773,0.10275221928598828
1980-07-01,1980-07,1980-07-01,1980-07-01,True,0,106,102,93,96,95,0.0816064606712913,0.08172381291176035,0.08333340251470647,0.08391482313641026,0.08543773680145796,0.08597509726134864,0.0884569611714003,0.08748315213723314,0.08972412557179722,0.09061886888622038,0.09245954061602873,0.09247241482390176,0.0946561932669938,0.09595816840921571,0.09773525941590681,0.0986759010017669,0.09874175885104754
1980-08-01,1980-08,1980-08-01,1980-08-01,True,0,105,101,92,97,94,0.08902394111466888,0.09056339954340288,0.09121792038745867,0.0920425438159496,0.09436653800190493,0.09480903079139907,0.09660549091780254,0.09520725224342444,0.09621324490312742,0.09865157667780475,0.0971251581873838,0.09853925227387134,0.10042867921018589,0.10096621818233388,0.10469859246450233,0.10590023244924543,0.10526312454595205
1980-09-02,1980-09,1980-09-01,1980-09-02,False,1,105,97,90,92,89,0.10063443245970535,0.10382263036350337,0.10547587029064592,0.10677189794994181,0.10794493502055469,0.11047204361498501,0.1087994605961503,0.10789860235699808,0.10858619345755453,0.10915725928387188,0.10852397303469632,0.11075724297022907,0.11086819359849952,0.1087938366792554,0.10930608497263918,0.11003171453176051,0.11041137770105608
1980-10-01,1980-10,1980-10-01,1980-10-01,True,0,103,96,88,93,90,0.11657138603003903,0.11952651331969764,0.12004644942501573,0.11850267155432656,0.11649781032080292,0.11763564526079229,0.11630732702336855,0.11585555292609263,0.1152980145830192,0.1148103426866935,0.11201677145085039,0.11340376044875206,0.11255230010700396,0.1125119788716188,0.11274895443785891,0.11502738140601301,0.11462892317690317
1980-11-03,1980-11,1980-11-01,1980-11-03,False,2,105,96,89,92,90,0.13614670585130623,0.13805388189039283,0.1362461199483473,0.13553696704942925,0.12963943395466576,0.12850893993559664,0.12890622140277583,0.1272696840508788,0.12398208676909454,0.12262483422452376,0.121062290634604,0.1220139002049536,0.12038353323521095,0.11902160357916884,0.12007300938671521,0.12103020779178036,0.11984138990914851
1980-12-01,1980-12,1980-12-01,1980-12-01,True,0,105,95,92,93,92,0.15093986212431576,0.15333183933729647,0.14801283921046982,0.14785513451206395,0.1381535625255308,0.136846284029854,0.1364372413627913,0.13271986222024443,0.1292949207454437,0.12593008579889264,0.12690296804940207,0.12448406034914127,0.12301643868479215,0.12207778534850877,0.12172390856038509,0.121170834195313,0.11976461977817192
1981-01-02,1981-01,1981-01-01,1981-01-02,False,1,107,99,90,92,90,0.1507698405407068,0.1459970606669532,0.1409420073632698,0.13542268858848255,0.12717350615807568,0.1268074884680309,0.12560604487128427,0.12416035462805378,0.12136576774237814,0.12045633668306968,0.12000748788563345,0.11819664938812538,0.12006576590500054,0.11890385624736823,0.11929230079190187,0.11694045438322796,0.11622252178438926
1981-02-02,1981-02,1981-02-01,1981-02-02,False,1,108,98,92,95,92,0.15199185733170065,0.14519366119705257,0.1412455877879768,0.1356713217076559,0.13192953382499945,0.13209659320067474,0.12835871411782573,0.1268914202739381,0.1202192157487168,0.12440776645009465,0.12427640343187783,0.12196907359529073,0.1230692980906775,0.12381366707324525,0.12168654013329151,0.12205878762011818,0.12132464413605654
1981-03-02,1981-03,1981-03-01,1981-03-02,False,1,108,94,91,91,91,0.14948270215133846,0.14887139577428263,0.14414029994941605,0.14260003358962867,0.13525907347598448,0.1346284628741603,0.13392117170083312,0.13398092276012402,0.13196975486435522,0.13311048483338062,0.13209401087020783,0.1261784285279942,0.1314396282080991,0.1308825253921926,0.1283876819449726,0.1291952220191749,0.12850104409116148
1981-04-01,1981-04,1981-04-01,1981-04-01,True,0,110,99,89,94,90,0.12710637120746796,0.12464131078118783,0.12566428605396252,0.12537356992771026,0.12451014817179067,0.125094375511336,0.1290083223513328,0.1272390210038936,0.1251720591344004,0.12807894451234447,0.1298100153030189,0.12295504633610785,0.1268189847184382,0.12701899507970973,0.12493586881223188,0.12481581915261732,0.12462928666529141
1981-05-01,1981-05,1981-05-01,1981-05-01,True,0,110,100,93,97,95,0.15131007821253928,0.14745753451701168,0.14705853504527758,0.14489565703273624,0.1442843870632307,0.1400351358445322,0.14285279664853007,0.14159512575347702,0.13722538168502169,0.13806829720152453,0.13804793427861892,0.13521228008853123,0.13454921915523424,0.13549869442531862,0.13381172104057515,0.133465846133376,0.13241919575756694
1981-06-01,1981-06,1981-06-01,1981-06-01,True,0,110,88,81,87,82,0.15972777834027294,0.15199390044938693,0.14774697733198416,0.14431793905721305,0.13974112739402422,0.13943964158519764,0.13784566711684043,0.13916459167017314,0.13306208882438872,0.1323617007599612,0.13240703662663555,0.12758810027019246,0.12676003049840615,0.12702054491746598,0.1282404443999751,0.126166213476138,0.1303239739544712
1981-07-01,1981-07,1981-07-01,1981-07-01,True,0,110,92,87,89,87,0.1510801242368816,0.15022046396261335,0.1476973030280776,0.14491684702029917,0.14128427093653778,0.14374276078338621,0.14572658211263564,0.14257279683614693,0.13525976334409717,0.1380436577559984,0.1362725846882836,0.13245991447327923,0.13320021758367218,0.13223353091309037,0.1325232320381729,0.1323120926688903,0.13605187512827893
1981-08-03,1981-08,1981-08-01,1981-08-03,False,2,111,90,82,93,87,0.16020837854283143,0.1633481017074863,0.16251351400734093,0.15719791104727754,0.15291858137710354,0.15243904153666518,0.15163007612140805,0.15350890470647355,0.14715449080543747,0.14852019500051492,0.15162887415821114,0.1437532736564969,0.14328268831186583,0.14460258906407691,0.14201255086996684,0.14248267733697664,0.1420352885311869
1981-09-01,1981-09,1981-09-01,1981-09-01,True,0,112,87,81,87,86,0.1607262569621838,0.16492791875158777,0.16531638520225578,0.16174846402708662,0.16120584335696364,0.16256683206598257,0.16268299741930708,0.15661547839278173,0.15335489089149018,0.1562214331649477,0.1506664374947622,0.14720891621970947,0.14827300396784818,0.14751836295966297,0.1454832592128964,0.1453563409137565,0.1465400994173089
1981-10-01,1981-10,1981-10-01,1981-10-01,True,0,112,86,77,85,81,0.15027477006306267,0.15587666107021725,0.1587380085083979,0.15797303965486892,0.15683288735033304,0.15834905662330576,0.15692303302442978,0.1573675059168855,0.15186803466733081,0.1554087195474167,0.15633751912225452,0.1487195740977181,0.1492517141298478,0.14795878148888938,0.14907684243701697,0.14982790263586585,0.15157727677951846
1981-11-02,1981-11,1981-11-01,1981-11-02,False,1,115,95,88,92,91,0.13025512402952677,0.13450473579896274,0.1367118682653264,0.13712056257339558,0.13850808427674,0.13865139796775222,0.1402144702480733,0.13966100201957915,0.13871641982366742,0.14059666014211814,0.14151120488769212,0.1363410425996004,0.1410233591259341,0.13868145975795093,0.1402664041434957,0.141615204385531,0.14176143830979213
1981-12-01,1981-12,1981-12-01,1981-12-01,True,0,117,85,76,81,78,0.10768411322285323,0.11421542420843105,0.11615836396679408,0.11756309609461917,0.1206473143639147,0.11830936162415069,0.11873288565448825,0.11859090280640536,0.12127177176870377,0.12174779156385407,0.12476836773207182,0.13109662023373275,0.13086538271759252,0.1258398393269343,0.12814529282826706,0.12921717184601883,0.12835765630225024
1982-01-04,1982-01,1982-01-01,1982-01-04,False,3,117,105,96,100,97,0.1180451573705023,0.12748689537937327,0.12992942278504635,0.13104889585418084,0.1323924915841784,0.13410258280349777,0.13715372418185423,0.13268297142402008,0.13265058903041055,0.135047989619324,0.13726972668513013,0.13737021071556668,0.1368176304962021,0.13580995075067853,0.13603724791489222,0.13659535704516293,0.1377117920399153
1982-02-01,1982-02,1982-02-01,1982-02-01,True,0,118,106,96,100,97,0.1420471012720084,0.1452298280228295,0.14689504677052365,0.14544631785782755,0.14268765011734072,0.1442860322488194,0.14371913291117092,0.14514914022639325,0.14226795767846598,0.1415788906692974,0.14275952062153285,0.13756023684495014,0.1397456057246305,0.13748156338655784,0.1387185768646337,0.1402600204050529,0.14127961425934848
1982-03-01,1982-03,1982-03-01,1982-03-01,True,0,120,106,99,106,102,0.1266702603445621,0.13369736359222253,0.13456621334812585,0.13452172961095238,0.13454902523429027,0.13711231763231452,0.1346883052238926,0.13772238517399532,0.13572890776827876,0.13652075135533154,0.1349618975063665,0.12812782628545344,0.1336289244135784,0.13190316301218336,0.13313250650002212,0.13359273784356862,0.13418073088188226
1982-04-01,1982-04,1982-04-01,1982-04-01,True,0,120,103,95,100,96,0.13618545183198516,0.1367429062256658,0.1368061647245118,0.13731689316982862,0.1382109563193993,0.13848350137238674,0.13845521118004217,0.13786790473464405,0.13670611311469508,0.1381706566135282,0.13768689992428743,0.1319172142332054,0.13783414394254104,0.13418325936057895,0.13492111091915351,0.1371211953173635,0.1341123730643905
1982-05-03,1982-05,1982-05-01,1982-05-03,False,2,121,104,96,98,95,0.13084388636076957,0.13438522809086612,0.13355130664662795,0.13473507267012744,0.1359547762845402,0.1352363730555447,0.13670994231399664,0.1361571273248675,0.1358667669520585,0.1354179325422438,0.13365422793238757,0.12955195545024753,0.13252498425321943,0.13184032011501334,0.13277104090739078,0.1363164865256618,0.1343437766357622
1982-06-01,1982-06,1982-06-01,1982-06-01,True,0,122,102,94,103,97,0.1230002150000486,0.12555481232085847,0.12767277330938526,0.1294571150692734,0.1311284487722599,0.1305801998411716,0.13545525977149844,0.13463558196893474,0.13417262824649503,0.1339484556440821,0.13293109321860566,0.12851674145688624,0.13644918071432477,0.12868010334679872,0.13057801874309027,0.13793065605122046,0.13600276917245338
1982-07-01,1982-07,1982-07-01,1982-07-01,True,0,121,103,98,100,99,0.12917565322632396,0.13513588777031882,0.13743865484417314,0.13826257479466125,0.13962388483695812,0.13955669875414178,0.14081751501532866,0.13969077819599432,0.14109948470586892,0.1413632298517643,0.13776412368330362,0.13502010483114632,0.1410394020213067,0.1381761635281977,0.13639300618008032,0.13991129268520758,0.13747320645268818
1982-08-02,1982-08,1982-08-01,1982-08-02,False,1,122,101,96,100,99,0.09672005837643123,0.10919681205074497,0.11427814173204759,0.11861278655268115,0.12317601774954248,0.12539311811962334,0.12555664015532794,0.12459832778871513,0.12767935580373296,0.12702177784725016,0.13150208966689084,0.12230211722733868,0.13158430320522027,0.13070086386711616,0.12737720232707772,0.13367049638019518,0.1300235005337416
1982-09-01,1982-09,1982-09-01,1982-09-01,True,0,121,91,88,94,91,0.08587630198377053,0.10072617478767364,0.1056916273519703,0.10984825033296694,0.11357246907100502,0.11894990587947549,0.11915832718041636,0.11632850494305923,0.12090239031113628,0.11869799543304857,0.12508646391517406,0.12092736416758794,0.1255303725470038,0.12510494412131162,0.12619139044247338,0.1270208593682767,0.12191473991016746
1982-10-01,1982-10,1982-10-01,1982-10-01,True,0,123,92,86,92,88,0.07519853307144789,0.0890203143884908,0.09619349115198386,0.10108113107907732,0.10356246333244498,0.10930573666684315,0.1094841462215087,0.10873907501828085,0.1114201853709876,0.11044355697417561,0.11162343726313925,0.1068140962699806,0.11383417081917513,0.11111092602309505,0.11362598575724478,0.12128910847623686,0.11366069633542064
1982-11-01,1982-11,1982-11-01,1982-11-01,True,0,124,97,93,95,92,0.079979052319501,0.08569260311778783,0.08817936676428607,0.08853659654239504,0.09553184962843142,0.09669846354855097,0.09730380135648907,0.09479637256628544,0.10057869544368837,0.10348575327534162,0.1059630963735545,0.1028392584262723,0.10225840857588102,0.10120101449052364,0.10709335557187777,0.11125866520227903,0.0966206906239753
1982-12-01,1982-12,1982-12-01,1982-12-01,True,0,125,102,96,99,95,0.0844267255411894,0.0882658479560763,0.089399051780856,0.09119633904659835,0.09613684964760873,0.09693759342047159,0.09745399154205328,0.09694257985797318,0.09878288848402786,0.10171230236244541,0.1054668735939033,0.09952836341050082,0.1066769967693602,0.10550223598641119,0.11212437000549985,0.1139711984544715,0.10351574428586356
1983-01-03,1983-01,1983-01-01,1983-01-03,False,2,127,109,102,109,105,0.08073486593810751,0.08247174796571521,0.08417454420195342,0.08509779452442112,0.08958472783759665,0.09075460602736,0.09252604628475546,0.09253266145463651,0.09530358221537662,0.09760512384822013,0.10075674069901856,0.10217016747119503,0.10716691911942627,0.10014101907135402,0.1071463429566128,0.10900462847522896,0.09808597828885565
1983-02-01,1983-02,1983-02-01,1983-02-01,True,0,128,112,110,110,110,0.08343047942124444,0.08539926085931501,0.0869750485980371,0.0875486975311778,0.09158896995469742,0.09355633401440307,0.09486689736268503,0.09418821928795314,0.09747864854786972,0.10021356820141909,0.10311868235630833,0.10511310236165579,0.10865331028427795,0.10414746291229131,0.11268334435313518,0.11434919447836109,0.10399882906369343
1983-03-01,1983-03,1983-03-01,1983-03-01,True,0,131,118,116,119,117,0.08138400581378144,0.08220450936333155,0.08298219199119257,0.08397880939148214,0.08613049146518163,0.08961066813945517,0.09072300929735114,0.09077702364000946,0.09201712904062376,0.09462649167706257,0.09816887625928042,0.09825339601404494,0.10431622198134628,0.09842433851108684,0.10642602170992572,0.10739969463261367,0.09831119436220036
1983-04-04,1983-04,1983-04-01,1983-04-04,False,3,131,124,117,122,118,0.08851547725655629,0.08999345428018765,0.09038049259807353,0.09121713354557894,0.09274424888733108,0.09456799131729782,0.095276708899105,0.09679196139453523,0.09803200813449928,0.09991277584199712,0.09977224584226808,0.10234810830223474,0.10721411039453199,0.10249714999131973,0.1095794776264447,0.10954923562445618,0.10213312968455374
1983-05-02,1983-05,1983-05-01,1983-05-02,False,1,131,123,121,123,121,0.08224834694777933,0.08314285687316378,0.08401599943549502,0.08493200784414348,0.08759229589219837,0.08919302791972247,0.08995695093097868,0.0913906848654255,0.09275923591388972,0.09438639999366077,0.09718777560072168,0.10079942623259086,0.10384263872533771,0.09848428496867857,0.10696930891774162,0.10635228686380815,0.0981737485931477
1983-06-01,1983-06,1983-06-01,1983-06-01,True,0,130,119,115,121,116,0.08761998261910439,0.08942691190686215,0.09045758498591372,0.0925720158667266,0.09431011282554645,0.09551837168854345,0.09782539893452633,0.0974607615362447,0.09931120189926966,0.10043092805250985,0.10314622850279516,0.10546602327323074,0.10838478145015669,0.10459960519133385,0.11049373881123395,0.10994470517650592,0.10454326277235684
1983-07-01,1983-07,1983-07-01,1983-07-01,True,0,134,128,122,125,121,0.0894778967756825,0.0918501148863255,0.09309697247946547,0.09386924008475309,0.09732406426141783,0.09731565421414538,0.0994569381684822,0.10019095252278196,0.10152354065939843,0.10386275693494201,0.10398724638556626,0.10570730683255901,0.10960407664224467,0.10627698141010201,0.11273326916498189,0.11078898408603995,0.10601203889645784
1983-08-01,1983-08,1983-08-01,1983-08-01,True,0,133,128,123,126,121,0.09560807832953375,0.09912319064351505,0.10101625584213952,0.10208869074817209,0.10472593528888051,0.10520156549713713,0.10665286182893452,0.10799782580283318,0.1090303917935084,0.10994710656068571,0.11426308378736331,0.1160341985248545,0.117413175551674,0.11478351767377265,0.12021195066220473,0.11789366329759214,0.11467241234900326
1983-09-01,1983-09,1983-09-01,1983-09-01,True,0,133,128,122,123,122,0.09446658346953885,0.09845608069200253,0.10039875528178546,0.10265672457965697,0.1044915224254613,0.10652896231031443,0.10782555602809532,0.10880323130039807,0.11070293291800196,0.11126310070672281,0.11517301065158307,0.1173430597850426,0.11714539271834926,0.11658552043337835,0.11976368393389059,0.11389746210798327,0.1152653421387104
1983-10-03,1983-10,1983-10-01,1983-10-03,False,2,136,131,124,126,124,0.08940080163406516,0.09212826456644475,0.09459756261809345,0.09618699133531443,0.09765368590557352,0.1000623808003159,0.1017573856297331,0.10284615013642029,0.10531886859194074,0.10663680363936334,0.10799646317492959,0.11264703938983882,0.11197859690492572,0.11266523242289787,0.11590022940351792,0.10908792377516148,0.11035593256478049
1983-11-01,1983-11,1983-11-01,1983-11-01,True,0,137,133,128,130,128,0.08673929276856804,0.09033835003578757,0.09392091258665679,0.09545043933996765,0.09681429289641885,0.09926990967386086,0.10166032846642173,0.10347586184898261,0.10533861814478684,0.10755520201737229,0.11045680269937544,0.1131102482229274,0.11291006740334258,0.11389413961899474,0.11748025972323838,0.11376217159564407,0.11333381167026783
1983-12-01,1983-12,1983-12-01,1983-12-01,True,0,138,135,129,131,130,0.09081376383528762,0.09356426481545907,0.0954382245515855,0.09659218769148169,0.09852282537616107,0.10012001859735956,0.1024776590541053,0.10391253270054839,0.10557655700378343,0.10676382929537027,0.10959527051184417,0.11095148742237111,0.11198548996714622,0.11496995077544708,0.11578242703493419,0.112767538998924,0.11315360258079268
1984-01-03,1984-01,1984-01-01,1984-01-03,False,2,138,133,129,130,128,0.09239974534917511,0.09507882943762064,0.0966567520669025,0.09853206750713221,0.1006403297004353,0.10311755585677965,0.10491470652269297,0.10602215069958662,0.10790804814736282,0.10774772390368288,0.11209404715944353,0.11322495303603525,0.11469592528222124,0.1172274228270523,0.11860015119796838,0.11499878614765675,0.11525352042439581
1984-02-01,1984-02,1984-02-01,1984-02-01,True,0,139,134,129,131,128,0.09113532289080185,0.09291984265366843,0.09458927470316957,0.09543597875506521,0.09763209892440755,0.09954007644008112,0.10163417086970379,0.10327159777028316,0.10470247793715548,0.10602060326124735,0.10940102449275659,0.11221809683600607,0.11242294579430658,0.1150795480035054,0.1161984290576756,0.11296099997391061,0.1133689259044617
1984-03-01,1984-03,1984-03-01,1984-03-01,True,0,138,133,130,131,130,0.09424953111046774,0.09710916775071954,0.09894627830184277,0.10011791039972988,0.10204870470807964,0.10447823272461243,0.10631397543121035,0.10801449529904177,0.10835177196775794,0.11030791603443722,0.11373438134841246,0.11500663415954908,0.11718087510737196,0.11810649956756662,0.1195949823373864,0.11734916477786314,0.11750652033887529
1984-04-02,1984-04,1984-04-01,1984-04-02,False,1,140,133,128,130,128,0.09942185091824021,0.10237675984419688,0.10324010032286947,0.10558602263173011,0.1081906434358794,0.10981413389790864,0.1114464858033495,0.11308817508183594,0.1140241060384141,0.11554233591351483,0.119195679345165,0.11519152880518266,0.12149571113803918,0.14113763186847286,0.1242273435144416,0.12233339987880303,0.12191860624924478
1984-05-01,1984-05,1984-05-01,1984-05-01,True,0,140,133,128,130,129,0.09936237641848589,0.10284013544469105,0.1049850825039881,0.10808973936865353,0.1104183605766146,0.11143468898105971,0.11273848772693093,0.11582565460629564,0.11685175637162266,0.11786039652367698,0.12073575964671919,0.12006837926933271,0.12447537487794086,0.12594135287559594,0.1271985420837952,0.12545317238370823,0.12526830801295652
1984-06-01,1984-06,1984-06-01,1984-06-01,True,0,139,133,127,128,128,0.10050362975148622,0.10904495724580102,0.11323213317354984,0.11716911577947696,0.12149216281808156,0.12187217002073368,0.12292223408892533,0.12351740667514073,0.12473134731456806,0.12680849601764427,0.12827671165886592,0.13228561691850207,0.13209551920866391,0.13276027006947794,0.1337949547049784,0.13238552329072922,0.13297261644719707
1984-07-02,1984-07,1984-07-01,1984-07-02,False,1,139,132,130,130,129,0.10158578907883727,0.10838398840023952,0.1149415584098031,0.11941459552309751,0.12257032127843927,0.1245298405931304,0.1271773028238434,0.1282039404817601,0.12843086319382108,0.13069957594354834,0.13325165816208606,0.13280942954488828,0.13489079750796806,0.13555495237097118,0.1357002935042985,0.13540349347593855,0.1349066109894756
1984-08-01,1984-08,1984-08-01,1984-08-01,True,0,141,136,132,133,130,0.10707028470885338,0.11073692498908018,0.11301539319815429,0.11515780023178092,0.11661284163329949,0.11769001553451122,0.12113311995381737,0.12137100326273956,0.12122467603859434,0.12219197982105809,0.1231350439842345,0.12445202484610365,0.12427926441198446,0.12496985872071625,0.12548333526382105,0.12459616848028242,0.12358677431399193
1984-09-04,1984-09,1984-09-01,1984-09-04,False,3,142,137,133,135,133,0.10916865051423794,0.1118060578348671,0.11413599730478842,0.11662939702011817,0.11811953647323416,0.11949213369261508,0.12178742496332458,0.12244686508370205,0.1222342081633416,0.12277937858134998,0.12432354344971187,0.12319685160659714,0.12459231574768152,0.12628243411546625,0.12564868480104233,0.12520230050998213,0.12456047268766725
1984-10-01,1984-10,1984-10-01,1984-10-01,True,0,141,136,133,134,132,0.1048012374059181,0.10779572984900344,0.10945442797187324,0.11125775802493364,0.11322605177811954,0.11580742086709438,0.1182493915471979,0.11765629346492462,0.11869386546465172,0.11919866656076693,0.12130516150519761,0.12142836443817843,0.12185275154715874,0.12353877762476645,0.12237766308337349,0.12173936936293153,0.12120469234545037
1984-11-01,1984-11,1984-11-01,1984-11-01,True,0,144,139,135,136,135,0.09226706188011441,0.09548366538842594,0.09763497923786128,0.09935372568963358,0.10323373166436597,0.10592900842605409,0.10706540908521935,0.10675884804284444,0.10853728365665577,0.11031322253591555,0.11100413878653952,0.11160238911213262,0.11371602724728759,0.11485635289756706,0.11416218406919808,0.11418698156271946,0.11225431450537449
1984-12-03,1984-12,1984-12-01,1984-12-03,False,2,145,139,132,134,134,0.08636192056337363,0.08917897661256322,0.0921878749589442,0.09444639911433735,0.09862189389937819,0.10085768393120087,0.10288099119064342,0.10248795259824577,0.10587325437671877,0.10657172304122922,0.10960929282035144,0.10997564955350797,0.11313739621312904,0.11522798828142806,0.11297772685364513,0.11316620234254697,0.11238508205949457
1985-01-02,1985-01,1985-01-01,1985-01-02,False,1,145,140,132,134,133,0.08004648827330729,0.08410468557011228,0.0876355152659543,0.09002364756463946,0.09340039392962933,0.09629355213387181,0.09898957189058483,0.09828671872758415,0.10212373461541795,0.10422891437496216,0.10816251537887904,0.1111417501923443,0.11445646705193259,0.11722327706697845,0.11416223230137805,0.11475693348102531,0.1142074815400602
1985-02-01,1985-02,1985-02-01,1985-02-01,True,0,146,143,137,139,138,0.08392436244435963,0.08587208235063168,0.08833861173640115,0.09039406310822926,0.0925805763683495,0.09603775013549844,0.09768222141959665,0.09824909545071808,0.10218091473055685,0.10231598126953512,0.10693408515900055,0.1072974862285793,0.11029390306423775,0.11228629613579467,0.10863976824983039,0.11091621842080682,0.10945089597601372
1985-03-01,1985-03,1985-03-01,1985-03-01,True,0,148,142,134,137,132,0.08871907172643,0.0927186663892477,0.09502555008540374,0.09671913527508619,0.10039408118425183,0.10284064231086809,0.10349805374248007,0.10467770981004675,0.10772490650242983,0.10852103209007909,0.11251257841836454,0.10773914662032102,0.11654710032404633,0.1185813924973808,0.11560421203669519,0.11672246310404819,0.11613239775470545
1985-04-01,1985-04,1985-04-01,1985-04-01,True,0,150,144,138,140,137,0.08357158716379169,0.0886124988159477,0.09084111132488977,0.09368658117454043,0.09697214378964512,0.09979138359351589,0.10014100953428365,0.10189893439487523,0.10409379937426938,0.10607172785680424,0.1096125230475598,0.10921847245628,0.11392131379639683,0.11723551074763636,0.11421221809551076,0.11456390039001921,0.11434845846981699
1985-05-01,1985-05,1985-05-01,1985-05-01,True,0,149,143,138,141,138,0.07926924224924357,0.08287661062673046,0.08585024938339988,0.0880553637535001,0.09165538760640544,0.09387586321088062,0.09560970236886454,0.09624749207140876,0.09957275767611636,0.10108024177212895,0.10523728154385564,0.10651178633346568,0.11128810043249754,0.11314812305703821,0.1113725076426622,0.11453315245622694,0.11113865444840489
1985-06-03,1985-06,1985-06-01,1985-06-03,False,2,149,143,136,138,136,0.07159523436758863,0.07353270772633416,0.07535720146399305,0.0775398337292243,0.08115348578134512,0.08329226207977931,0.08528185334583085,0.0855975631220318,0.08920907260521001,0.09023986646688882,0.09465183932914019,0.09015039008287946,0.10050323741664521,0.09750461616663506,0.09900806923360599,0.10265459221505735,0.09981111241068699
1985-07-01,1985-07,1985-07-01,1985-07-01,True,0,151,144,133,138,133,0.07097694042901374,0.07250510420983872,0.0743454125158444,0.07654957800618055,0.08019139677137996,0.08188099545205361,0.08440618288565482,0.08541893758646076,0.08859636454295641,0.09193917827288577,0.09299158377047533,0.09485868967876729,0.10251713178843118,0.10248716168288174,0.10077940965643335,0.10197263345998514,0.10130875062700735
1985-08-01,1985-08,1985-08-01,1985-08-01,True,0,151,144,134,138,135,0.07424665649512101,0.07683466219469773,0.078374309412841,0.0800475649764966,0.08373596375743446,0.08577926090720894,0.08808800645023757,0.0887607880302867,0.09231949223610773,0.09447157400114278,0.09979139217555187,0.09956546867641101,0.10569728094167427,0.1014123246598411,0.10441638270324755,0.10531732967593052,0.10455770454141645
1985-09-03,1985-09,1985-09-01,1985-09-03,False,2,154,145,139,140,139,0.07261767088038251,0.0751831485814176,0.07721440907754155,0.07859869990916273,0.08237302336588317,0.0847701526666684,0.08620436904349711,0.0882205398298165,0.09010710869634826,0.09186054673319569,0.09749399576301426,0.09522654508309128,0.1025801846054667,0.0993503590856503,0.10175303158614693,0.10260894339932024,0.1013214162665627
1985-10-01,1985-10,1985-10-01,1985-10-01,True,0,154,149,143,144,143,0.07171624604993584,0.0738764842228703,0.07679949553038742,0.07782487224279608,0.08193257922532227,0.08461937651014698,0.08534422732163663,0.08670415146038433,0.08998678002331387,0.09158698668338691,0.09658339236983661,0.0972883827768246,0.10146137618860263,0.09895437542107928,0.10179274053827256,0.10344751343437913,0.10258792345669561
1985-11-01,1985-11,1985-11-01,1985-11-01,True,0,155,150,145,146,144,0.07362193508562857,0.07527237348256514,0.07696431227713932,0.07790304293555782,0.08150233271827081,0.08339993333764953,0.08486082850610935,0.08533683008779704,0.08769551933114839,0.08884732832091437,0.09308600500868103,0.0958386484830338,0.09880821525942493,0.09760865487849166,0.09898230537639532,0.10029155373729579,0.10001422473002332
1985-12-02,1985-12,1985-12-01,1985-12-02,False,1,155,150,147,148,147,0.07398721254817091,0.07536698264482379,0.0765392907386743,0.07752934774733751,0.08044655784767404,0.08135913251140271,0.08283837710246846,0.08397965482777037,0.08549879053733353,0.08653271363247705,0.09052461346641243,0.09037358418068193,0.09568983637394604,0.09427829481267748,0.09556610831949489,0.09786490713095031,0.09699399515887679
1986-01-02,1986-01,1986-01-01,1986-01-02,False,1,155,152,147,148,147,0.07257939609271372,0.07357522185373765,0.07459078503890966,0.07526716285023681,0.07707088108188725,0.07759589883485714,0.07831864965733483,0.07879673912522342,0.08066106845256936,0.08196330723351343,0.08275016765309338,0.08594933719190605,0.08846748251619291,0.08726291402831743,0.08664918414144819,0.09001022959102362,0.09047976119954702
1986-02-03,1986-02,1986-02-01,1986-02-03,False,2,157,155,150,152,150,0.07149194503846763,0.07283854264491642,0.07396561443209554,0.07520974043765204,0.076689076221282,0.07778988525858012,0.07820889499576396,0.07828449286167932,0.08029092548236136,0.0815694617608848,0.0850913987750944,0.08625374292642848,0.08894103573909802,0.08685417772866878,0.08714516029505538,0.09052166877376586,0.09059922493205899
1986-03-03,1986-03,1986-03-01,1986-03-03,False,2,158,152,150,152,151,0.07092746320423093,0.07133391635087634,0.0719577074795977,0.07253449896888427,0.07409609561605507,0.07401270810537218,0.07494173922229605,0.07405695764270023,0.07608589008759879,0.07598795647669462,0.0790019426832269,0.07396753454504655,0.08053588068265152,0.07850563579493498,0.0781589131997675,0.0797559087570376,0.07834128541243465
1986-04-01,1986-04,1986-04-01,1986-04-01,True,0,159,155,151,151,150,0.06456668253360776,0.06496444138276966,0.06522119171780909,0.06645122397879889,0.06780415894164935,0.06828634915329215,0.06827814893692838,0.06802310632610285,0.0704743387534577,0.07124599889006984,0.0728895718028222,0.07353219537640693,0.07385966740862655,0.07213821648267342,0.07305493050265197,0.07411751965504082,0.07473231199730526
1986-05-01,1986-05,1986-05-01,1986-05-01,True,0,158,154,149,150,148,0.06237337139717289,0.06318605554355827,0.06410151922935428,0.06464393943327808,0.06656442164828903,0.06795994985482383,0.06873748188154716,0.06720773861124425,0.07050426611773453,0.07155967588038238,0.0732449020933242,0.07438463549672941,0.0749554465952491,0.07442403771804851,0.07563285000271644,0.07502562658881246,0.07315129343452885
1986-06-02,1986-06,1986-06-01,1986-06-02,False,1,159,155,151,154,151,0.06495052835778406,0.06658558536411786,0.06768049657965775,0.06905643793052219,0.07114589376055784,0.07263253414966951,0.07314583749426713,0.07389827479056918,0.07698302493086401,0.07782635461336797,0.08246774871597988,0.08065263660684222,0.08417868720448697,0.08401532816055325,0.08326325273212964,0.08442466317977293,0.08127285864436792
1986-07-01,1986-07,1986-07-01,1986-07-01,True,0,159,153,150,151,149,0.0610873075744928,0.060882500219324454,0.06245635844308599,0.06350350697228006,0.06574298562624746,0.06645974742366766,0.0671781120213993,0.06763131687133134,0.07061142950206166,0.0714854579600065,0.07440424896693226,0.07474308529114426,0.07555876877055757,0.0752089180981325,0.07629885394120654,0.07603307020500821,0.0757032310356875
1986-08-01,1986-08,1986-08-01,1986-08-01,True,0,160,157,151,154,151,0.05885178912648696,0.05942345950126428,0.060411268520127834,0.061604422101167296,0.06304800887500116,0.06396699556987169,0.06508507932910781,0.06445052861685431,0.06800409850326786,0.07024096650779194,0.07164300872612418,0.07429528030627276,0.07392772521086673,0.07264746485829389,0.0755353567528895,0.07566902525120837,0.07219057208552049
1986-09-02,1986-09,1986-09-01,1986-09-02,False,1,161,157,154,156,155,0.052460294039962226,0.05320236488307052,0.05367995607064026,0.055055417365349156,0.05621515029726327,0.05815644655500418,0.059762988910658926,0.059190377968578824,0.06193634707125257,0.06258920815443093,0.06628813340034237,0.0660452046118457,0.06922265619785938,0.07037556042109415,0.07114477713618018,0.0714684762810529,0.0698341103928654
1986-10-01,1986-10,1986-10-01,1986-10-01,True,0,161,157,151,156,154,0.052978031491776545,0.0552334059833201,0.05679059664558276,0.0573262098409879,0.05990406895763169,0.06131630708448235,0.0627926980631669,0.06294710997770797,0.0659337743791701,0.06687782512692811,0.07075724033325097,0.0728636228531099,0.073473790496781,0.07435917378395245,0.07507039388619928,0.07525643296939631,0.07358249559356987
1986-11-03,1986-11,1986-11-01,1986-11-03,False,2,162,159,156,159,157,0.053109357887765794,0.05429974878115626,0.05592168389743886,0.05662848762156091,0.05887876551592782,0.0599665069732285,0.06063052883292055,0.06111116177850864,0.06319926148025339,0.06477751319089994,0.06721648451836461,0.07056984803304564,0.07162425439144046,0.07173389865189357,0.07348583787185498,0.07357961804686278,0.07293031754206529
1986-12-01,1986-12,1986-12-01,1986-12-01,True,0,163,160,158,160,158,0.05507884801404913,0.055970023004767146,0.056587721822841955,0.057403220549830075,0.05929850635722054,0.060033428582925145,0.06102477295687094,0.06158305783039505,0.06289262389913088,0.06402596211274221,0.06647131238207889,0.06668618954546414,0.07009893330974934,0.07146557022740872,0.07259336147749584,0.07240398649695458,0.07110688558993095
1987-01-02,1987-01,1987-01-01,1987-01-02,False,1,164,162,159,161,159,0.05654864258175583,0.057044503908150676,0.05768086931237689,0.058307459355424925,0.06111717402725381,0.061633212794296025,0.0625281661422526,0.06257559316216889,0.06403309855379899,0.06456037689692451,0.06605162745536947,0.0686121850782578,0.06996890890323533,0.07144425759200677,0.07233762890773382,0.07234343077204308,0.07122429078547261
1987-02-02,1987-02,1987-02-01,1987-02-02,False,1,163,162,160,161,160,0.05716061883252751,0.05753490081384342,0.05839888531287374,0.05926627936389024,0.06104369234721058,0.06171957715410924,0.06191212983226084,0.06272467704255344,0.06397605799772685,0.06497057066015463,0.06691516935440889,0.06938621147918936,0.06966696801048573,0.07002413906267482,0.0720804671412596,0.0726647673382466,0.07197476833370067
1987-03-02,1987-03,1987-03-01,1987-03-02,False,1,163,162,160,161,160,0.05588631146456231,0.056452051519442895,0.05795682020488953,0.0586689834060335,0.06074495796028223,0.0610628718394462,0.06179162117702164,0.06248922126743454,0.06346923098382444,0.06441762418647998,0.06641256111264052,0.06605292891807822,0.06886711848198519,0.06990154720452119,0.07112387814558957,0.07183264709815818,0.07149151230502784
1987-04-01,1987-04,1987-04-01,1987-04-01,True,0,165,164,161,162,161,0.0563623437119206,0.059094512335659134,0.06007785730028082,0.062409747603005224,0.0638955198058233,0.06456583729163419,0.06545508829354127,0.06545895778083707,0.06686354938369315,0.06823486687238907,0.06958731916180125,0.07086712182227778,0.07282673109187184,0.07437288165412732,0.07506649803416839,0.07575954374433877,0.07559849788389746
1987-05-01,1987-05,1987-05-01,1987-05-01,True,0,163,160,159,160,159,0.05723702583832852,0.06161878116152913,0.06445413485843915,0.06899884127186878,0.0709342657488455,0.07127253398754711,0.07254018234975308,0.07334421548897341,0.07548964479938126,0.07677000187279685,0.07892171380276128,0.08129328764135925,0.08113779745258426,0.08170296961435779,0.0831542034984,0.08282680374819136,0.08305207773974942
1987-06-01,1987-06,1987-06-01,1987-06-01,True,0,164,160,158,159,158,0.058975410030307075,0.06330039824101394,0.06487725369162707,0.07063377605345228,0.0721062949315477,0.07372803549248136,0.07513055854293474,0.07547702876624461,0.07691653635344343,0.07824338104535819,0.07977114054689351,0.07939654403638739,0.08161380604163868,0.0830259077539394,0.08411591393421033,0.08408131683727586,0.08362707633292117
1987-07-01,1987-07,1987-07-01,1987-07-01,True,0,166,163,160,161,160,0.057441939970727295,0.05973450160773513,0.0624139378441547,0.06759091836402452,0.06982625805088026,0.0708572467971545,0.07217700464025166,0.07313644936776796,0.0746082289401004,0.07586157213428164,0.07794002493815706,0.0794349302971725,0.08065204026779874,0.08245365869382738,0.08359641987726626,0.08343310116492,0.08291855093464783
1987-08-03,1987-08,1987-08-01,1987-08-03,False,2,163,158,156,157,156,0.060993143329098394,0.0635882672161348,0.06739393428477258,0.06959575611995682,0.07133550723888686,0.07199534856307228,0.07440051456819119,0.07565653889303048,0.07755438874928262,0.07940217787176115,0.08117457095014961,0.0829473637722374,0.08464982493985594,0.08541111407260477,0.08739045592515816,0.08783656085216729,0.08765336508593763
1987-09-01,1987-09,1987-09-01,1987-09-01,True,0,167,164,161,163,162,0.06270815400044506,0.06481652089515487,0.06908362490806726,0.07213862837632336,0.0738542368733851,0.075813942316882,0.07724411630466398,0.07831560785717916,0.07994804857928711,0.08158917535858745,0.08335599216620838,0.0812868427499122,0.08678810099965877,0.08799198509991772,0.08986280144539877,0.09021366736453784,0.08993266505960326
1987-10-01,1987-10,1987-10-01,1987-10-01,True,0,166,162,157,161,158,0.06772416662734929,0.07273850427659777,0.07599303692803094,0.07884429472136904,0.08076003539107762,0.08210324833273674,0.08324448374076648,0.08447316014236025,0.08682341675680177,0.08778491249146773,0.09025682945275028,0.09006020099427672,0.09303819345306327,0.09436823492337126,0.09566250312292347,0.09637323437049237,0.09569189194720365
1987-11-02,1987-11,1987-11-01,1987-11-02,False,1,166,162,158,160,158,0.057097188240586225,0.06415810710646307,0.0680304577221364,0.06931132019621714,0.07340163358441626,0.07523146995583499,0.0762062535854614,0.0763226611603807,0.07970544262990525,0.08098483206798222,0.08412842652821374,0.0847845888094931,0.08705393104007769,0.08811746743828885,0.08975590400694963,0.0899104677495443,0.08902417294377715
1987-12-01,1987-12,1987-12-01,1987-12-01,True,0,168,166,164,165,164,0.05606141280497473,0.06368460114681306,0.06823499846338851,0.07143534808456635,0.07339118445168698,0.07477861399259114,0.07597835692683312,0.07625922243275028,0.0790011274333761,0.08005697549234926,0.08281041336486004,0.08293974780811647,0.08705566013247595,0.08881828101026791,0.08979204018954844,0.09011885785025986,0.08938486071034968
1988-01-04,1988-01,1988-01-01,1988-01-04,False,3,166,165,163,164,163,0.060448254792810345,0.06554883713880283,0.06853354687441499,0.07039693399494902,0.07395305883552866,0.07530510755741644,0.07633200897588996,0.0764510958772082,0.07800996573331152,0.0790444526454529,0.0814038592630956,0.08262532559183584,0.08506789714420077,0.0869860098077902,0.08740588853030468,0.0883232899290744,0.08760434624188149
1988-02-01,1988-02,1988-02-01,1988-02-01,True,0,167,166,165,166,165,0.05805591411949881,0.06258703287606626,0.06486528058952157,0.06698133959764171,0.06913540265987513,0.07013201236444291,0.07114402325581591,0.07102766524170695,0.07285979393142572,0.07387156793455042,0.07579305900495262,0.07790646441045401,0.07922398654839351,0.0805861431424303,0.0820030572483677,0.08231580624100354,0.08237949261196005
1988-03-01,1988-03,1988-03-01,1988-03-01,True,0,167,166,162,164,164,0.05722781245936989,0.06019208197802262,0.06345894812692283,0.06518460189311442,0.06749264210502538,0.06833917088686582,0.06923271669646651,0.06995400957437649,0.07121475952133635,0.07220048344175628,0.07407088255493187,0.07445386175222296,0.0774526823053252,0.07985448840840065,0.0808315247050367,0.08158014499894664,0.08128331273474333
1988-04-04,1988-04,1988-04-01,1988-04-04,False,3,166,163,159,161,161,0.06026622983315253,0.06414113172131547,0.0670167394428364,0.06927925879567126,0.07105662655339871,0.07206289608305676,0.0737231803643084,0.07453627520880046,0.07588820809399882,0.0771649727643274,0.07947419382438237,0.0809936679952954,0.083052672246495,0.08510681570451724,0.08606567810597854,0.0866511631370307,0.08640283651716921
1988-05-02,1988-05,1988-05-01,1988-05-02,False,1,166,163,160,163,162,0.062254774866462075,0.06653122014362713,0.06903797980120144,0.0711311887104645,0.07340277549686651,0.07424426879248479,0.0753825971698881,0.07672493901418194,0.07825432637238443,0.07920921500983047,0.08181175379018946,0.08337752385694107,0.08523753133331045,0.08643691991054094,0.08798957367098324,0.08881538789876584,0.08908419465153337
1988-06-01,1988-06,1988-06-01,1988-06-01,True,0,166,164,157,162,162,0.06596358527971717,0.06988138172311154,0.07271451011780672,0.07506568387974917,0.07706567403627694,0.07817485756729227,0.07913225573409408,0.07944579646592007,0.08083649254179255,0.08162913383483375,0.08371248745222523,0.08343281443457913,0.08657208403770872,0.08763252797388477,0.08875600429277831,0.08974164901869022,0.08973593816437962
1988-07-01,1988-07,1988-07-01,1988-07-01,True,0,167,165,162,164,164,0.06689090683561347,0.07005673709909876,0.07212541830421465,0.07350457352309371,0.07631676401537107,0.0770748407312948,0.07767583467208068,0.0784862761066862,0.07914809644677621,0.08017294817503196,0.08145153286370625,0.08242902724364509,0.08449832921072778,0.0859611552817447,0.08659006271556637,0.08738404222752368,0.08701811625674521
1988-08-01,1988-08,1988-08-01,1988-08-01,True,0,166,164,160,163,162,0.07056246108050497,0.07365615348176231,0.07566788712116845,0.07793762641540602,0.0800170923640092,0.08045287790527586,0.08155265915361518,0.08213913452414433,0.0830583316065035,0.08345024981229626,0.08461905538036578,0.0854591531665692,0.08676147180467689,0.08870316005744029,0.08926044542381198,0.09027834558310194,0.08987761048971807
1988-09-01,1988-09,1988-09-01,1988-09-01,True,0,168,167,162,165,164,0.0744210365590377,0.07740124927817087,0.07975945287592164,0.0807845936461225,0.08384659838981834,0.08467238916767171,0.08491789741340398,0.08505579669364735,0.08596765922533874,0.0861962552418283,0.08743440952905777,0.08674755281402814,0.0885161487225482,0.09077043432109377,0.09083186973444396,0.09162510568589471,0.09138101107714432
1988-10-03,1988-10,1988-10-01,1988-10-03,False,2,168,165,164,165,164,0.07397162542427839,0.07687590227068529,0.07895782151546667,0.08011230705414323,0.08166538579207666,0.08198568376474835,0.08252988228917994,0.0826943024374746,0.08313936030348251,0.08359866804814949,0.08386904780644668,0.08438945598861246,0.08568097907572347,0.08650832393490201,0.08683823206490758,0.08744446162499456,0.08723305418055827
1988-11-01,1988-11,1988-11-01,1988-11-01,True,0,169,167,166,167,166,0.07501921301430721,0.07715728112350133,0.07845905493185396,0.07903047507479635,0.08003824420785403,0.08074713264976276,0.08115932143717103,0.08085711979828718,0.08073735087108874,0.08124872841356094,0.0822466425964079,0.08388996250817012,0.08374769746452594,0.08439642767620231,0.0851250582326133,0.08572081342185889,0.08579498937876975
1988-12-01,1988-12,1988-12-01,1988-12-01,True,0,169,163,160,161,161,0.08036338645837614,0.08277280664991196,0.08417814280847437,0.08498351750091324,0.08652026100463052,0.08689642181283357,0.08646183751218031,0.08664978719392698,0.0859647903875818,0.08698439026469336,0.08719742150549233,0.08575121997799112,0.08803072956262843,0.08858214293364063,0.0885114206683208,0.08881248681789256,0.08839593801828438
1989-01-03,1989-01,1989-01-01,1989-01-03,False,2,169,165,162,163,163,0.08413461780466895,0.08658921368354093,0.08852764237255066,0.08925491312507039,0.09036832824667979,0.09038568874967232,0.09073538335914809,0.09011269094364066,0.09046695552379029,0.0904418396910171,0.09082644620251885,0.09032871955740257,0.09120226992001924,0.09119550190478595,0.09112092044480506,0.09053780494155451,0.08993467161669011
1989-02-01,1989-02,1989-02-01,1989-02-01,True,0,168,165,162,163,162,0.08570088361292356,0.08697681455836759,0.08793649158757241,0.08882930556593062,0.08956859969799107,0.08984730574321396,0.08945918450612154,0.08895485169691553,0.08866415335569737,0.0886242889737506,0.08879726686810288,0.08804601222103708,0.08889969388842324,0.08836591425787112,0.08856334858468912,0.08823850041395077,0.0875969814944344
1989-03-01,1989-03,1989-03-01,1989-03-01,True,0,170,166,162,163,163,0.08876906163614093,0.08975090690305983,0.09133904605267165,0.09255663637859507,0.09397059215217965,0.09401563076170333,0.09360723884355668,0.09325045796765045,0.09299566180906663,0.09252531353808195,0.0924775756219784,0.08960195102947077,0.09266057812347364,0.0920736932612584,0.09184115533728808,0.09172356361171233,0.09111612357939182
1989-04-03,1989-04,1989-04-01,1989-04-03,False,2,170,165,162,163,163,0.09059059022797364,0.09197509681635647,0.09197868603902914,0.09456692171933807,0.09563079299892609,0.09498594027746488,0.0939060544667816,0.09364141263595924,0.0936504006429959,0.09322883432012231,0.09238778857846226,0.09114615836626673,0.09141306340864809,0.09077089717340457,0.0904309007713758,0.08971759514421068,0.08927273771990839
1989-05-01,1989-05,1989-05-01,1989-05-01,True,0,170,168,165,166,166,0.08857942636339332,0.08981750099481076,0.08961988106804673,0.09141364505519685,0.0922608505221362,0.092099602949308,0.0914945436840974,0.09136047078935121,0.0916967299066597,0.09138848523800842,0.09085987560459789,0.09051929675447797,0.09037182295492996,0.08980520340140613,0.09009625734008989,0.08923441366074181,0.08893515699517163
1989-06-01,1989-06,1989-06-01,1989-06-01,True,0,170,167,166,166,166,0.08817352812030038,0.08676356577892022,0.08655445484724357,0.08753695391084618,0.08758674669347194,0.08725888447783253,0.08693109605372182,0.08613745908105873,0.08628634973991002,0.08612857078233563,0.08599785264398077,0.0835179482677844,0.08528221084613312,0.08525654933975602,0.08508029459670186,0.0845473935971931,0.08369286786121018
1989-07-03,1989-07,1989-07-01,1989-07-03,False,2,171,168,167,167,167,0.08152344968212957,0.07925758156007814,0.07895913126704854,0.07882898685994631,0.08065766560450335,0.07973788626967136,0.079732040433954,0.07890948586612963,0.07888734475250622,0.07875737434974077,0.07823654960423908,0.07854160172659135,0.07990367124093106,0.08004715907218796,0.08021105648837526,0.0802419315097216,0.07919467983155466
1989-08-01,1989-08,1989-08-01,1989-08-01,True,0,172,168,164,167,166,0.07821764218616431,0.07593166069062808,0.07548036760595103,0.07467279278300618,0.0754424772076042,0.07469389573862971,0.07477948234278825,0.07307139928754684,0.07392557197810537,0.07390234312456806,0.07378328642015546,0.0739988645422771,0.07519429230046651,0.07471009983110374,0.07613856106348325,0.07679698420506838,0.07653371562702914
1989-09-01,1989-09,1989-09-01,1989-09-01,True,0,172,168,167,167,167,0.08039009696865439,0.0803847459248376,0.08081781337796086,0.08082143411592624,0.08259142952469918,0.0829327248415327,0.08206867522969195,0.08191960697112001,0.08201059017603526,0.08146854209908362,0.08127447930852127,0.07969709685780249,0.08143838851398749,0.08066197007558157,0.0811483399526772,0.08101932822804508,0.07979849564158585
1989-10-02,1989-10,1989-10-01,1989-10-02,False,1,172,168,163,166,166,0.08043990217916548,0.08218887946836989,0.08329444889158596,0.08339640810326285,0.08336502785115996,0.08355399857245253,0.08346274287023929,0.08310306629731269,0.0828839904177189,0.0828589865226556,0.08226924509629545,0.08181956921769379,0.08237254320910257,0.0818772922509699,0.0820346692730766,0.08173375313211342,0.08069051038570482
1989-11-01,1989-11,1989-11-01,1989-11-01,True,0,172,167,162,165,165,0.0796203232266834,0.07788426838791218,0.07759891425979397,0.07753832809817682,0.07825785253286635,0.07862696678866517,0.07831526156762045,0.07703502950350995,0.07774386990776407,0.07776504707881182,0.07787596775531874,0.07778805824004424,0.07840947242773628,0.07782894701306131,0.07837713046253389,0.07827818877033008,0.0775197096543071
1989-12-01,1989-12,1989-12-01,1989-12-01,True,0,172,167,164,166,166,0.07697546206369972,0.07572833777265776,0.07518994106289606,0.0754223022111914,0.07650692546637186,0.07652223884328392,0.07659562269778067,0.07540571998440597,0.0762232123214236,0.07594190980525084,0.0764876686325343,0.0753956750972878,0.07729956025808842,0.0770591476262597,0.077490601858537,0.07758368202651952,0.07652402776407433
1990-01-02,1990-01,1990-01-01,1990-01-02,False,1,172,168,165,167,167,0.07808824599732288,0.07781278659951246,0.07654653438948669,0.07740309254560372,0.07839993715505393,0.07862128534659175,0.0783029069809281,0.07766451395013199,0.0777647659743393,0.07780453211129565,0.07722215646091841,0.07769850073075318,0.07896327957216559,0.07874863278822547,0.0789311077218408,0.07906085088424802,0.07783271467416229
1990-02-01,1990-02,1990-02-01,1990-02-01,True,0,171,167,164,166,166,0.07941332948455151,0.07968492935275141,0.07985887687497698,0.07997280247155565,0.08145128639325114,0.08182845857605028,0.08150179211680986,0.08110995644522864,0.08196575118813958,0.08166570476544957,0.08214745855043545,0.08266058576360069,0.08291922544052738,0.08212566344747217,0.08292273059937172,0.08320555021741964,0.08270965958175672
1990-03-01,1990-03,1990-03-01,1990-03-01,True,0,173,169,169,169,169,0.07994008230475136,0.08020579649405458,0.08063743121587451,0.08098337290036701,0.08228817263306389,0.08340590241570614,0.08378603523095965,0.08345471247318868,0.08362053489989314,0.08366008207201914,0.08440356141628365,0.08348909974701627,0.08510449975333406,0.08456715359804746,0.08489803626107904,0.08497426291313406,0.08389241200930794
1990-04-02,1990-04,1990-04-01,1990-04-02,False,1,173,169,169,169,169,0.08000316297317704,0.0806578053983981,0.08084430666347532,0.08271909688248276,0.0840879564653565,0.08421865820106328,0.08472513107634615,0.08469691186578307,0.08485229765617021,0.0853550263789868,0.08491849347178046,0.0849492513082157,0.08555622213726803,0.0851385471942247,0.08535086685586472,0.08542733221569992,0.08458810551051499
1990-05-01,1990-05,1990-05-01,1990-05-01,True,0,174,170,166,170,170,0.08072060827008717,0.08302966612395457,0.08306319296791094,0.0842554288539022,0.08679918252308635,0.08701360123980607,0.08794566358292898,0.08812835495183746,0.08838668759100732,0.0888833624454194,0.0893947620505391,0.0895430368920062,0.08946874687712128,0.08912903159507726,0.08919467857101944,0.08922006434641046,0.08881211436638463
1990-06-01,1990-06,1990-06-01,1990-06-01,True,0,176,173,171,172,172,0.07856605510225342,0.07848762269403303,0.07854377567187626,0.07908134060412005,0.08120899430615683,0.08132920423535674,0.0816471144303268,0.0813639082647323,0.08177761621474072,0.08223705215853638,0.0831772349240879,0.0825902002620007,0.08359842873978636,0.08335701326202201,0.08355126276706593,0.08320830894737667,0.08277690631409504
1990-07-02,1990-07,1990-07-01,1990-07-02,False,1,176,174,172,173,173,0.07914256896463182,0.07850653208106625,0.07870915932948375,0.07894586457407522,0.08053314075766342,0.0805947808370102,0.0808767775203234,0.08084719825604539,0.08103110951277712,0.08134633398702062,0.08191450326104184,0.08244814402665084,0.0832252169643947,0.08326316248737343,0.08354073443008232,0.08328987655121463,0.08263777925195992
1990-08-01,1990-08,1990-08-01,1990-08-01,True,0,176,176,174,175,175,0.07591640970661698,0.07505504250869925,0.07528877063774315,0.07488308546385687,0.07643056487719745,0.07651678934164406,0.07691005373214167,0.07680448428363337,0.0774541781238523,0.07794152157540808,0.07888125791242602,0.0799704721261507,0.08046626356748533,0.08096569651857298,0.08187895293671302,0.08166748702305078,0.08226021282573369
1990-09-04,1990-09,1990-09-01,1990-09-04,False,3,177,177,172,175,175,0.07550744156214652,0.07580622426063013,0.0761059402734803,0.07653999502395452,0.07902908673963138,0.07976472128658858,0.07978792882629879,0.07923529338133194,0.08065580392321432,0.08138421266135087,0.08348695602306257,0.08501791345799738,0.08602948281461167,0.086869661568338,0.08765779397494357,0.0879183439310414,0.08815115915038677
1990-10-01,1990-10,1990-10-01,1990-10-01,True,0,177,177,172,175,175,0.07302598588428612,0.07389106841542462,0.07526322325041422,0.07534777179513452,0.07707208883797874,0.07767207523739886,0.07822399629154372,0.07797868157141104,0.07912757162217536,0.07979012310751518,0.08156971785855388,0.08310241356016305,0.08422776232973651,0.08523175651710835,0.08607008051179227,0.0860909602133959,0.08631994051666017
1990-11-01,1990-11,1990-11-01,1990-11-01,True,0,177,177,172,175,175,0.07205361406899666,0.07240828934482123,0.07232865106143639,0.07238045349494149,0.07435309956711363,0.07500433202803626,0.07528699278584117,0.07527085271179948,0.07670321775550765,0.07718812455100496,0.07945252234806109,0.08102650882487084,0.08216530015668788,0.0834799731060838,0.0845379177480714,0.0850146899784695,0.0854493681313074
1990-12-03,1990-12,1990-12-01,1990-12-03,False,2,177,177,173,175,175,0.07207209360324983,0.07200052720084119,0.0721688242635048,0.07199852410721723,0.07379644778741072,0.07420995334134445,0.07400213740353455,0.07361914806756378,0.07485044329675267,0.07523823222263933,0.07725951115294016,0.07724998223328575,0.07961846197408581,0.08055384357131853,0.08145156173338146,0.0817895356007889,0.0813496301505719
1991-01-02,1991-01,1991-01-01,1991-01-02,False,1,176,176,171,174,173,0.0659413755725368,0.06604367365190383,0.06603367657086036,0.06739022489343557,0.06893456855778811,0.06979244315230013,0.07023964586867086,0.06981131486255092,0.07130947869344706,0.07209533717491541,0.07382529201312303,0.07537669772184662,0.07712515261012001,0.07836311625810484,0.07945887144325643,0.07959747511825209,0.07949240063778656
1991-02-01,1991-02,1991-02-01,1991-02-01,True,0,177,177,171,174,173,0.06120128421091605,0.06138997812958959,0.061955632557530706,0.06331700537079737,0.06585727632385956,0.06690011925264164,0.06759996158756473,0.06708202574603549,0.06865460101366064,0.06966102470722621,0.07263302578840765,0.07377416842674307,0.07601085328055399,0.07694857966137746,0.07856448850253696,0.07906422411354852,0.07983373371855693
1991-03-01,1991-03,1991-03-01,1991-03-01,True,0,179,179,178,179,178,0.062225297552466224,0.06273830693953618,0.06359330016299841,0.06605716846906327,0.06838252367229128,0.06919464966721774,0.07002375195538575,0.07048915628670938,0.07224219930618923,0.07315258062007016,0.0759062758838406,0.07685192709424975,0.07872499132137893,0.07970107907895065,0.08096717795240532,0.08141016874296209,0.0811856980299876
1991-04-01,1991-04,1991-04-01,1991-04-01,True,0,180,180,179,180,179,0.05899030731612044,0.059397534086268425,0.06079025848262067,0.06324724565421053,0.06607494991036676,0.0674732114295629,0.06836156681852748,0.06910246993772662,0.07082881176969535,0.07218420948106855,0.07530675463859832,0.07658105901889167,0.07868364269240224,0.07955352357900564,0.08061694820186158,0.08090814804126578,0.08080680261211756
1991-05-01,1991-05,1991-05-01,1991-05-01,True,0,180,180,179,180,179,0.056443096289452925,0.05732606873422818,0.05859217062616144,0.061829585370732916,0.06398971483128568,0.06566364402542046,0.06655949986844142,0.06685733054920433,0.0689603497713725,0.0703855506560347,0.07406854964405893,0.0755651221229656,0.0780281736077333,0.07865513912667912,0.07996034201410122,0.0803560232311089,0.08070613326210167
1991-06-03,1991-06,1991-06-01,1991-06-03,False,2,182,182,181,182,181,0.057057701578034595,0.05885486245735954,0.05989985698015607,0.06151784944291707,0.0646383064519734,0.06601889186812965,0.06751071471468541,0.06683090222921656,0.07011788466317322,0.07157693507466739,0.07553785711372869,0.07732263427255993,0.07927975966569631,0.08049831958043431,0.08124381333354418,0.08196149402788194,0.08150795063373455
1991-07-01,1991-07,1991-07-01,1991-07-01,True,0,184,183,182,183,182,0.05685187501462615,0.0587530999495506,0.06100603732853343,0.06325045829529707,0.06595914113934793,0.06696014673738981,0.0683871869987302,0.06872428912314761,0.07117680074385264,0.07342977410446336,0.0771853809696935,0.07864757665606087,0.08055750268546026,0.08180677061163615,0.08230120894095841,0.08298478481790536,0.0827682272592385
1991-08-01,1991-08,1991-08-01,1991-08-01,True,0,184,184,183,184,183,0.05660657286508383,0.05827531655960978,0.060244184255426665,0.061911420277953044,0.06408352350811103,0.06503877938146799,0.06569960944898329,0.0673014687504761,0.0693855088884953,0.07122476618022727,0.07526369251681582,0.07724783994796157,0.07931985030199437,0.08054636776084546,0.0811022569331987,0.08212555779211074,0.08250339239017578
1991-09-03,1991-09,1991-09-01,1991-09-03,False,2,184,184,184,184,184,0.05444616719230978,0.0551766686721746,0.05543601866452753,0.05644717604716348,0.05924301789423507,0.06084075476943855,0.06141892408700953,0.06263393939595072,0.06467982359629426,0.0664401203617377,0.07079215000185135,0.07289604888462413,0.0752947040664567,0.077083841424588,0.0774134594876634,0.07880695173821262,0.07883975775762463
1991-10-01,1991-10,1991-10-01,1991-10-01,True,0,187,187,187,187,187,0.051978557996367886,0.05261275384335912,0.053075290526583274,0.054506025424868196,0.05602656657114829,0.05754013698640719,0.058799695338440684,0.059194765330777506,0.06166737463419242,0.06310450283865675,0.06721952779329601,0.06845254924901706,0.07175712511393063,0.0733652278171891,0.07378715444987431,0.07531802576994343,0.07597213222365093
1991-11-01,1991-11,1991-11-01,1991-11-01,True,0,185,185,185,185,185,0.04838268643549251,0.048990782319890715,0.049205137389581974,0.051062406238579744,0.052343395257955394,0.05391923671938033,0.05539616481230708,0.055687953419455066,0.058391305330408115,0.060401877659864364,0.06508799670231183,0.0668157895752087,0.07077613353902447,0.07245838931197308,0.0743764100511672,0.07574798864100148,0.07755324665854921
1991-12-02,1991-12,1991-12-01,1991-12-02,False,1,185,185,185,185,185,0.04464807757825713,0.04494168790330204,0.04566538937496012,0.046451547671105195,0.049172389542024915,0.050533936474076155,0.052067250593024916,0.05278509309085446,0.05554405207815854,0.05737980476793862,0.06285377878601565,0.06411741617191552,0.06859237859386819,0.07098469876490557,0.07268069744153512,0.07505381920994943,0.07593057632512044
1992-01-02,1992-01,1992-01-01,1992-01-02,False,1,184,184,184,184,184,0.03924885687226098,0.03955374993929862,0.03982330105432292,0.04136541273983976,0.04318056929358724,0.04456074613371975,0.04606035016494861,0.04725964768879035,0.05020356463862115,0.052016692213341896,0.05826145977783634,0.059821385711937555,0.06426427787826983,0.06649548670235607,0.06793278088861149,0.06951727877789163,0.07144437218952347
1992-02-03,1992-02,1992-02-01,1992-02-03,False,2,185,185,185,185,185,0.0391116608949756,0.04008608128654333,0.0410339980141799,0.04284080563768155,0.04615822090631042,0.048345797965953584,0.05013904919713007,0.05093632167522067,0.05495116281723793,0.05809368439303747,0.06332698371519153,0.06509078727270615,0.06982282048573311,0.07127516043979858,0.07401902438776904,0.07527597196237784,0.07685558189471328
1992-03-02,1992-03,1992-03-01,1992-03-02,False,1,182,182,181,182,181,0.04099561619738382,0.04217521962059748,0.042993951785991344,0.0449583538567608,0.04818767870344221,0.05047546644791649,0.05276458330710834,0.05404094481698519,0.05705807871336878,0.059932163361595306,0.06509121702057356,0.06738089220368505,0.07105977011364169,0.07324468317104865,0.07450975945268395,0.07465962061107603,0.07621849049641831
1992-04-01,1992-04,1992-04-01,1992-04-01,True,0,182,182,182,182,182,0.04074031781676729,0.04201442377044776,0.043202969678284193,0.045094609359766814,0.048711606025377614,0.05085394136935922,0.05291078492362773,0.05503856938929533,0.058968726729333606,0.061708719487997464,0.0664905087567231,0.06819610009289033,0.07186649806434607,0.0737485668518196,0.0750469999888208,0.07549160416612569,0.07618474269894761
1992-05-01,1992-05,1992-05-01,1992-05-01,True,0,184,184,184,184,184,0.03689757441504424,0.03845353100634461,0.04037591293830117,0.042292527880791395,0.04551831785801876,0.04792458307195679,0.04996127213104895,0.052820894605099235,0.05713609968300437,0.06011473378645997,0.06548214434126634,0.06842577057391672,0.07195602395756409,0.07344851909005416,0.07589807236525122,0.07725034857466269,0.07809563040876877
1992-06-01,1992-06,1992-06-01,1992-06-01,True,0,184,184,184,184,184,0.038063425352419265,0.03972083729509535,0.04118329271228903,0.042673250232942474,0.04579539128202242,0.04824874080468297,0.05059839937385306,0.05250449292159675,0.05548874723472313,0.058829700199126804,0.06374883455798176,0.0671106169311292,0.06987171152152342,0.0722136057104811,0.07406679262140886,0.07571764840669866,0.07474964183281273
1992-07-01,1992-07,1992-07-01,1992-07-01,True,0,184,184,184,184,184,0.036058372600942815,0.03707487164130607,0.0387559366737548,0.039959615317637594,0.04228010133401259,0.043951136344169715,0.046162311989117896,0.04794902485426997,0.05084912531784761,0.05438010761929938,0.0597660282725825,0.062899791168756,0.06658469722978387,0.06919856625939194,0.07123742647124957,0.07312161742234584,0.07257836241122363
1992-08-03,1992-08,1992-08-01,1992-08-03,False,2,185,185,185,185,185,0.03225303859610377,0.03335114239126278,0.03472633222987922,0.036026828857294746,0.03842716372152659,0.040168904063387204,0.04240931410933856,0.0436970080913622,0.047256502374697695,0.050216276895834404,0.055797910841871426,0.05864503908387597,0.06296262333255272,0.064313656959995,0.06708703740481936,0.06891695342125463,0.06925759858490756
1992-09-01,1992-09,1992-09-01,1992-09-01,True,0,186,186,186,186,186,0.0319854607848715,0.03283621071066919,0.033384603563534086,0.034265185757934996,0.03633915370990935,0.03806165359593562,0.039530413692440786,0.040811737369430945,0.04403241032585669,0.04683900897208462,0.052769882361452726,0.05548188793978046,0.06074925013361299,0.06309209897684177,0.06596364550357252,0.06802622593639557,0.06717324199662399
1992-10-01,1992-10,1992-10-01,1992-10-01,True,0,185,185,185,185,185,0.026493905949985828,0.028003788206068202,0.028929650063499453,0.029665989505085217,0.031985719392744985,0.03385777074502783,0.0353110785472602,0.03648327575104321,0.03964941782973901,0.04261501669774384,0.04843583828918538,0.05222080472184215,0.0565590662347947,0.06006269514616419,0.06315516375351495,0.06555860067718523,0.06546464607598462
1992-11-02,1992-11,1992-11-01,1992-11-02,False,1,186,186,186,186,186,0.030742901531013177,0.033145648475000594,0.03479686085369716,0.03646806100003876,0.039119313696796776,0.04198171642479115,0.043477969902314485,0.04446662121474524,0.04808834837862529,0.05145483755098843,0.05741956683080132,0.06000687201936863,0.06424851482516544,0.06595747831641897,0.06943573297040381,0.07030608470996072,0.07185064723840102
1992-12-01,1992-12,1992-12-01,1992-12-01,True,0,185,185,185,185,185,0.033752836661376975,0.035519593970322914,0.03713894377331641,0.03855124323323998,0.04237569067442324,0.04494682684344479,0.04644111103143444,0.04764766336047244,0.05184838856949502,0.05457175936945366,0.05967475198724661,0.06244563103912367,0.06625003197901815,0.06797389917132954,0.0699612256854446,0.06974217575145283,0.07202673822171674
1993-01-04,1993-01,1993-01-01,1993-01-04,False,3,184,184,184,184,184,0.03152167094340026,0.033282968605433574,0.03414622875474946,0.0360504906552133,0.038624036998920835,0.041136582403516656,0.04264656253193767,0.044683879001291386,0.048289927261445535,0.05134744665403537,0.05589000584929015,0.05950422070758536,0.0627438475714394,0.06493608340954521,0.0665024630793154,0.06771053954764307,0.06885320400522488
1993-02-01,1993-02,1993-02-01,1993-02-01,True,0,185,185,185,185,185,0.029744380577315193,0.031512935827319365,0.0324374210177809,0.034436875181064176,0.03709736324252922,0.03855742524471727,0.03999548670206956,0.0415653711670878,0.04471897732679953,0.04771241191933071,0.052083457208320916,0.055839483362716456,0.05952526879855527,0.06104880875030094,0.06427514716114399,0.0662493406876762,0.06697314458559846
1993-03-01,1993-03,1993-03-01,1993-03-01,True,0,186,186,186,186,186,0.030066507674465497,0.03104953424679057,0.03156166257809046,0.03293093111273035,0.03453726663615849,0.03569362728520307,0.03707494957603682,0.03842964237449249,0.04087701232045553,0.04363341256942294,0.048594894351081455,0.0513661866307762,0.05515556284748251,0.05745988749562808,0.06027480472362453,0.06270085911470581,0.06167024351578881
1993-04-01,1993-04,1993-04-01,1993-04-01,True,0,186,186,186,186,186,0.02943402041993799,0.030577679619924737,0.03173928142938194,0.033230557954745533,0.03523337675849549,0.036572893649618056,0.03798721940945613,0.03905552607360009,0.04184798053179802,0.04486555991703912,0.04973892636548718,0.05259471966359447,0.0562763671000819,0.05913891550559781,0.061254594994266026,0.06276845026513383,0.06350036469052385
1993-05-03,1993-05,1993-05-01,1993-05-03,False,2,188,188,188,188,188,0.029122844731516308,0.03012157864858168,0.030967616250540366,0.03183298775942568,0.03358682803720166,0.03466692520139608,0.035994724240395216,0.03707693265363309,0.0396905259199325,0.04283757680387309,0.04754762886723977,0.050925791257117284,0.05477225185536238,0.056925420934369766,0.06001202597377452,0.060993382959029965,0.06287154785651992
1993-06-01,1993-06,1993-06-01,1993-06-01,True,0,187,187,187,187,187,0.031093447688925906,0.03255070720209658,0.03392315743841133,0.03509644331576924,0.03724018174495575,0.038605863918056774,0.040074545799613843,0.0412404595751253,0.042941952555515035,0.045939143045528985,0.050054399699198615,0.05286847909847891,0.05569426669237274,0.05836798188389432,0.060694826237268344,0.061637411650196997,0.06362485592008126
1993-07-01,1993-07,1993-07-01,1993-07-01,True,0,187,187,187,187,187,0.030358561935785667,0.03150508182360693,0.03275616225941251,0.0338650249111435,0.036163536681956696,0.037236443650625985,0.03852498249482024,0.039568409242451585,0.041981741731416826,0.043714922109647024,0.047383683966168086,0.05049530719881566,0.05312526456929678,0.0554384795004253,0.05735359258419853,0.05840998824056314,0.060411245227817933
1993-08-02,1993-08,1993-08-01,1993-08-02,False,1,187,187,187,187,187,0.03129338302776201,0.032938526127779956,0.03388586104558967,0.03563114630540295,0.037274632595920634,0.038893575014303655,0.04042700881135918,0.04156321339829793,0.0439776434026101,0.04588617132072153,0.04894792396914062,0.052129002790756385,0.05441062927475811,0.05620636698538084,0.05759879882087717,0.05851864468400982,0.06028542929188034
1993-09-01,1993-09,1993-09-01,1993-09-01,True,0,187,187,187,187,187,0.03055389628032801,0.03159893896908419,0.03245235614245405,0.03339095506256914,0.03512467623271039,0.036474263217629914,0.03736580627119483,0.03837286511909772,0.040319265381688514,0.042301327090605835,0.04502250789549914,0.048079230362242396,0.050183088111562475,0.05252047358575136,0.05431668155993422,0.05545248094355839,0.05642716631988796
1993-10-01,1993-10,1993-10-01,1993-10-01,True,0,187,187,187,187,187,0.029691399402734013,0.03089417763854638,0.03216959322905556,0.03372407140044489,0.03464862617755284,0.036054763072149824,0.03716704683507556,0.03804403944928315,0.04040883958655047,0.041517989219752784,0.04484210578969633,0.047122382313727465,0.04926347028017649,0.05114421430484839,0.052871782309102104,0.05441489446037332,0.05550187084165929
1993-11-01,1993-11,1993-11-01,1993-11-01,True,0,187,187,187,187,187,0.03138016854841785,0.03307568438361449,0.033982386376457174,0.03519517657570862,0.03673918120828326,0.03865060268661043,0.03980219200368048,0.04066951307774524,0.0427317581003779,0.04434937720551272,0.047337504884499434,0.0496103337908534,0.05197149037132581,0.053910361461532594,0.05475815968759093,0.05637610291620722,0.05744121479544143
1993-12-01,1993-12,1993-12-01,1993-12-01,True,0,184,184,184,184,184,0.03167865364813706,0.03335196592723178,0.03466336473124035,0.035915903858701484,0.03777000427340217,0.039298593411515016,0.0402957105093797,0.041606961264647246,0.04365098650867501,0.0453613513616655,0.04894919947568786,0.05135225969654562,0.053923475258021804,0.05602816258817926,0.05775706782780163,0.059250138107581285,0.06032278371424512
1994-01-03,1994-01,1994-01-01,1994-01-03,False,2,184,184,183,184,183,0.031073407342518424,0.03312789027036212,0.03453229260801036,0.037073087176654314,0.038714117171270525,0.04020101919349244,0.04123759598210807,0.04267313622745492,0.04472924408332227,0.04561247997250443,0.050331525156852575,0.052981406557038015,0.05499617679272217,0.05733753613250677,0.05862474824413536,0.05998867993372797,0.061322507681045114
1994-02-01,1994-02,1994-02-01,1994-02-01,True,0,185,185,185,185,185,0.030659833443338516,0.032589453942325514,0.0341014660277152,0.035818657264041744,0.037449154943175335,0.03893314064343588,0.0401762442698678,0.041460953056947095,0.0434514227155213,0.04512991033211387,0.048224089622733265,0.05098366733320608,0.05296301551238521,0.05496718840827647,0.05673982565539565,0.057900118577771574,0.05929713292293926
1994-03-01,1994-03,1994-03-01,1994-03-01,True,0,184,184,184,184,184,0.03546796213475421,0.0377726674421912,0.03851531553568016,0.041478410334754405,0.0437413045754045,0.045009481437961615,0.04641307476354112,0.047726795898225004,0.049895514247671496,0.0516632570627345,0.05481123889501981,0.05724781968611697,0.05920393815602273,0.061227604873663945,0.06270925548388348,0.06365551916567633,0.06327920870229428
1994-04-04,1994-04,1994-04-01,1994-04-04,False,3,185,184,184,184,184,0.037544155606937614,0.041148613968710064,0.04492851762067239,0.047635627721385125,0.050127257501871116,0.05219124124949965,0.05389987284297379,0.05527732851824204,0.05835869806197976,0.06053679559451086,0.06365945137108106,0.06624291547024243,0.06782075705368432,0.07003954730558201,0.07108867761434233,0.07253934873745604,0.07263246365499859
1994-05-02,1994-05,1994-05-01,1994-05-02,False,1,185,185,185,185,185,0.04037349203337786,0.04478893799412308,0.047941255822229814,0.050532724642841996,0.05227089367534901,0.0539165665351251,0.05582835137747801,0.0574315561446145,0.05966276411369626,0.06171606282937599,0.06475483904328941,0.06658366053960106,0.06711982915918498,0.0689644259079103,0.0698601193094667,0.07140689127686799,0.07170284007280936
1994-06-01,1994-06,1994-06-01,1994-06-01,True,0,183,183,183,183,183,0.04248314764452128,0.04763308212023168,0.05084825684153771,0.05281302397460881,0.054553600767808734,0.05616035598108883,0.05808129351311418,0.059035118377844274,0.06134622173510933,0.0629888417493338,0.0651480828270243,0.06685937045412213,0.06773781898976228,0.06931517746538239,0.07027321387513456,0.07151445409313993,0.07196977108074497
1994-07-01,1994-07,1994-07-01,1994-07-01,True,0,184,184,184,184,184,0.042873252578300665,0.04776040992252096,0.051913355400147056,0.05429203169428736,0.05591559212541303,0.05779622844181526,0.05964964534015432,0.06087895516089232,0.06211255519677037,0.06397022502655807,0.06724693409605227,0.06904922298938729,0.070259041110966,0.07152741168952773,0.0725193105555843,0.0736580527360653,0.07458410182836822
1994-08-01,1994-08,1994-08-01,1994-08-01,True,0,184,184,184,184,184,0.043875098296022604,0.048503805425061004,0.05155979672780592,0.053383363599195474,0.05506023090009074,0.05671325248986627,0.05838660064392918,0.05953163192978894,0.06105601112135596,0.0625893956928743,0.06525868384831342,0.06703491725365086,0.06810154950502643,0.06913528600699927,0.07019436978545426,0.07131778402877587,0.07264267369233685
1994-09-01,1994-09,1994-09-01,1994-09-01,True,0,185,185,185,185,185,0.04634311087494539,0.04933990395223921,0.052792292603755946,0.05474843239588302,0.05624007570243285,0.05785136925846185,0.05920511867352198,0.0605708069117828,0.062290522182938644,0.06359022816119182,0.0658665111794457,0.06756477112463061,0.06862430714145648,0.06980504098619865,0.0707683958423419,0.0718403345542951,0.07261770750704422
1994-10-03,1994-10,1994-10-01,1994-10-03,False,2,186,186,186,186,186,0.04925340286075521,0.054851867878691216,0.057278126389294096,0.0597688581819019,0.06082617929243846,0.06300471913427834,0.06439481170224878,0.0656479292782778,0.06761692174818876,0.06891834247563683,0.0711354615971358,0.07281697918298054,0.07355254293295758,0.07459498277071216,0.07566144435313459,0.07678741301186076,0.07721487757614168
1994-11-01,1994-11,1994-11-01,1994-11-01,True,0,185,185,184,185,184,0.051698719514428074,0.05661778940990713,0.05931935384893258,0.06151389524493409,0.06337994199435985,0.06545745819244567,0.06691573023230478,0.06817064319132432,0.0700872837463348,0.07131235484466758,0.07356262357236887,0.07507303331977264,0.07596472055777569,0.076729697869759,0.077918660638217,0.07911120042143441,0.07946056951467591
1994-12-01,1994-12,1994-12-01,1994-12-01,True,0,183,183,183,183,183,0.05663876718790372,0.06162080203476116,0.06477072010261593,0.06832294783572081,0.0702993751890305,0.0715578955920553,0.07239346638030333,0.07288422482394769,0.0744879562580715,0.07532683996654632,0.07639527883548611,0.07679226206552463,0.07699610463896886,0.07685253195996122,0.07764215472004106,0.07858793225792336,0.07871086894381427
1995-01-03,1995-01,1995-01-01,1995-01-03,False,2,184,184,184,184,184,0.058276087039475497,0.06492399288464976,0.06909881331301646,0.07163174714017878,0.07373583599622908,0.0744730728138662,0.07506746895566767,0.07582630084734782,0.07685133298208195,0.07705748240261166,0.07748523018145237,0.077547856147378,0.07728174153955723,0.07713465221839592,0.07779287509189599,0.07788265059637843,0.07790995438512037
1995-02-01,1995-02,1995-02-01,1995-02-01,True,0,183,183,183,183,183,0.06016942994190994,0.06389783188112295,0.06688770102658141,0.06848089959374261,0.06952867720198294,0.07075692592652905,0.07147353574098736,0.07186172756535002,0.07303451884424664,0.07388627325029712,0.07408394483778749,0.07442646193544611,0.07519535990359247,0.07536388225089422,0.07574999299560987,0.07562426768489293,0.07603783028744468
1995-03-01,1995-03,1995-03-01,1995-03-01,True,0,185,185,185,185,185,0.058737844956510556,0.06086791926059806,0.06236163730842476,0.06330351078801025,0.06464276282248564,0.06547687694961685,0.06616331211142037,0.06676870525773833,0.0675659460670709,0.06840596603748227,0.06911332913175867,0.06959794974547649,0.0703109529023251,0.0705591099664322,0.07176931356026219,0.07163548185736147,0.07152427122333263
1995-04-03,1995-04,1995-04-01,1995-04-03,False,2,184,184,184,184,184,0.058467702957340786,0.060145870234040374,0.06185253882225322,0.0632053424771221,0.06441538127120881,0.06499369771249161,0.06560806923768978,0.0662576394504692,0.06713350632586436,0.0677015635770589,0.0684627660347997,0.0688969954494349,0.06962469589554587,0.06987169916636171,0.07112916966152492,0.07107843089157093,0.07131984145286063
1995-05-01,1995-05,1995-05-01,1995-05-01,True,0,185,185,185,185,185,0.05838028934913885,0.05992584083140666,0.060999164310540845,0.06222984837161525,0.0634167118678194,0.06377322810124285,0.06430677134424205,0.06499350869853339,0.065788907092936,0.06651254090581561,0.06752128218419891,0.06803441177706138,0.06832520783021823,0.06871975697674051,0.0703433420638261,0.0703901920122896,0.07128355297495811
1995-06-01,1995-06,1995-06-01,1995-06-01,True,0,185,185,185,185,185,0.056092084212339334,0.056064226127137726,0.05563598614639207,0.055970056182191384,0.05630033565480486,0.056364503582033154,0.05595918109404317,0.05615151300365885,0.05657756573043744,0.05723260253675057,0.05827704207013891,0.05863203523576257,0.059214392466784206,0.0598803486126612,0.06167198443443525,0.062410181829599176,0.062435940872708075
1995-07-03,1995-07,1995-07-01,1995-07-03,False,2,183,183,183,183,183,0.055997605617300335,0.055202950051888695,0.05569457397478419,0.05573790127495811,0.05675250456808564,0.056726862145666634,0.057184171410627344,0.0570835130154829,0.05761244967655028,0.058107994366114364,0.05894035816438725,0.05884857184315416,0.05973643014043332,0.06072823590302696,0.06194480133328016,0.0624355224372663,0.06282504231059159
1995-08-01,1995-08,1995-08-01,1995-08-01,True,0,185,185,185,185,185,0.05545000828399662,0.055615286235889315,0.05583915509901431,0.05681485050145378,0.057149507156674696,0.05755730299377164,0.058369244905968516,0.05847372178438789,0.05957532500334254,0.06014568402482872,0.061322160274381664,0.06133634351458415,0.06259108723773338,0.06334945492945313,0.06463051869022357,0.06534816401572764,0.0660314482687968
1995-09-01,1995-09,1995-09-01,1995-09-01,True,0,186,186,186,186,186,0.05397055336462248,0.054348957755814595,0.054956331964880104,0.05599587614735039,0.05605149435142572,0.05620615402828312,0.05673969784535795,0.056824745539018194,0.05765355081123611,0.05802827899049447,0.05919278443193821,0.05920372299065456,0.060147845410676574,0.06076866748250639,0.06204120713283174,0.06278152571364129,0.06261740232059661
1995-10-02,1995-10,1995-10-01,1995-10-02,False,1,184,184,184,184,184,0.054193900107804546,0.0551329125155796,0.05532902552811802,0.05608081233253022,0.05616308138403538,0.057002629592301485,0.0571653875777196,0.05723032872480521,0.057874546836685574,0.05822892396274947,0.05906874370534812,0.05900708373259149,0.05993341173529197,0.06025557126822877,0.06137144503344472,0.06200075887132494,0.0618561560746784
1995-11-01,1995-11,1995-11-01,1995-11-01,True,0,184,184,184,184,184,0.0542505650023692,0.053998941081437796,0.053804305158107656,0.054513186580839486,0.05434982864197559,0.054653021860331275,0.05466312204376523,0.05443294080367029,0.05507600588045057,0.0554907659953604,0.056568072229752804,0.0565724481106685,0.057462540124937844,0.05832995532929338,0.059452374808727,0.05983661639315943,0.05997687207946996
1995-12-01,1995-12,1995-12-01,1995-12-01,True,0,185,185,185,185,185,0.05391265862316537,0.05343027287661679,0.0528843616271862,0.05324048527840026,0.052969178507692075,0.05307183517638602,0.05283679012860443,0.052438323934770735,0.05305132544077775,0.05329228034694306,0.05433273050339097,0.05418310152372307,0.05516540773018615,0.05617539414168417,0.05709552842621049,0.057427706086230615,0.05669820825551807
1996-01-02,1996-01,1996-01-01,1996-01-02,False,1,183,183,183,183,183,0.05118861473000871,0.0510923664863854,0.05129765782784241,0.051301866519623325,0.05131452592629569,0.05133606440399412,0.05143371860891482,0.051158525865001914,0.05181116975966386,0.051974104820588625,0.05310440944058824,0.0533182433235674,0.05412526423874204,0.05475349487444295,0.055515160835284474,0.05598860979437692,0.05589262017007602
1996-02-01,1996-02,1996-02-01,1996-02-01,True,0,184,184,184,184,184,0.049820645277097904,0.04898457776766575,0.048713298630153515,0.04855126470648078,0.04844329136996251,0.04847056291439139,0.04853533645551897,0.048607983954328436,0.04944756341438431,0.049893853684557864,0.05132830623461323,0.051766768748949685,0.05338520080423079,0.054822515746204455,0.05554861939211,0.05647375997857516,0.05639899497822197
1996-03-01,1996-03,1996-03-01,1996-03-01,True,0,184,184,184,184,184,0.04949319397101472,0.04881511867346292,0.049536910591208655,0.050032502575585516,0.05137602906503609,0.0513729463225061,0.05200051406247277,0.05183566248668243,0.05279134577623386,0.053435559930306596,0.05489628405534519,0.05544579881030573,0.05806725592195849,0.05852569537522733,0.059277376768027204,0.06033654282002905,0.059784302267207164
1996-04-01,1996-04,1996-04-01,1996-04-01,True,0,181,181,181,181,181,0.05136998369626203,0.05152154961595793,0.052566863658896484,0.05402068194490411,0.055265901634722926,0.05588106550712118,0.05654993540160504,0.05696725084701988,0.057972824043391026,0.05859305665306778,0.05996215574663429,0.06029900115125102,0.06100038589067405,0.06266057795431003,0.06312752060271438,0.06362147710088947,0.0628323546639766
1996-05-01,1996-05,1996-05-01,1996-05-01,True,0,183,183,183,183,183,0.05072515669161075,0.05210129776591809,0.05346057520394261,0.055191634089776676,0.057461198526475694,0.058118178987477016,0.05910721971115716,0.05946029756049366,0.060497973249865764,0.06147611511412409,0.06279415605207808,0.06315807931334996,0.06419233841695955,0.06583874139053573,0.06657696517582891,0.06708289871316885,0.06652548058228419
1996-06-03,1996-06,1996-06-01,1996-06-03,False,2,183,183,183,183,183,0.051772993457992966,0.053195385338491434,0.055067761093312365,0.057072456655083266,0.05923611077735164,0.060317222116870475,0.06134796480689525,0.061722267837947715,0.06296294461808662,0.06400670224232695,0.0653699646285433,0.06560007637037185,0.06634388792513868,0.06774144729810616,0.06821754435249755,0.06857712198870795,0.06801153698475088
1996-07-01,1996-07,1996-07-01,1996-07-01,True,0,183,183,183,183,183,0.05208973516985615,0.05350039263891116,0.05509103035857786,0.056731375984725566,0.05818959911455705,0.05888714400496313,0.060461264199275125,0.06052238143667147,0.06149854786842269,0.06262688021630393,0.0636690375112728,0.06417911927616005,0.06473890742737293,0.0657420983410717,0.0664926614389316,0.06693875230221934,0.06683232134486602
1996-08-01,1996-08,1996-08-01,1996-08-01,True,0,183,183,183,183,183,0.05208593545965454,0.05330484289168124,0.05532093925054519,0.05696396324705018,0.05809227145065935,0.05895691177339505,0.059445043761282346,0.05988710101882352,0.06091519865615132,0.061903211257522024,0.06292095451370264,0.06333463565619701,0.06390675440716105,0.06488361847767837,0.0658127173401485,0.06600952316646082,0.066012822441383
1996-09-03,1996-09,1996-09-01,1996-09-03,False,2,183,183,183,183,183,0.05277202902712354,0.05496900305927654,0.05664757867941087,0.05867637313122111,0.06050189518769935,0.06180477994838475,0.062022183237957065,0.06258597031432357,0.0636748241664559,0.06460235282145421,0.06569550350183764,0.06639130426820165,0.0669032311992987,0.0678147359731396,0.06837946317622035,0.0685673615998189,0.06852963778968818
1996-10-01,1996-10,1996-10-01,1996-10-01,True,0,183,183,183,183,183,0.05041982765696365,0.052492098177823396,0.05432742109230286,0.05636121743086533,0.057365693210118376,0.05839055847998763,0.05913407879489822,0.05942225967860674,0.06055757879158684,0.06138710508946127,0.06270408410230933,0.06314058754870853,0.06402027217866063,0.06524174068676265,0.06577868530004448,0.06590951865776228,0.06606433766197277
1996-11-01,1996-11,1996-11-01,1996-11-01,True,0,183,183,183,183,183,0.05132979317939013,0.05231468161256574,0.05313355222599123,0.054599133628375617,0.055552412797880785,0.05615517301745482,0.05660473792145837,0.057066818635214525,0.05799251214355679,0.058859342366194445,0.060022555588899434,0.060434341434372076,0.06128777838063309,0.06300211076325601,0.06314415320122707,0.06303396843280544,0.06333627333187646
1996-12-02,1996-12,1996-12-01,1996-12-02,False,1,183,183,183,183,183,0.050417363783911505,0.05169594359082042,0.05220568528707693,0.05335993722035286,0.054508650185580126,0.05469512305026196,0.05509049636141357,0.05537861980581642,0.05602149586757646,0.05659491173834019,0.057201075409611044,0.05786004605460687,0.0584001243040495,0.059469990776886715,0.06007125600914766,0.060069089709174045,0.06020680555180223
1997-01-02,1997-01,1997-01-01,1997-01-02,False,1,184,184,184,184,184,0.05145432922373046,0.05263552316169174,0.05384387611746707,0.0551636736416838,0.056714187573260355,0.05764917672260203,0.05818577511806177,0.05864638005769276,0.059701238793951436,0.06036151722011703,0.06150591880539724,0.06212627535990347,0.06309136356284156,0.06398778240882129,0.06444644889456713,0.06439922331933498,0.06477544962519857
1997-02-03,1997-02,1997-02-01,1997-02-03,False,2,183,183,183,183,183,0.05095114743449166,0.05202418147569427,0.053253045076050845,0.05464647542404043,0.05620881477863296,0.05696770937429196,0.05752643373136772,0.05794893061248508,0.05896315691991171,0.059643043094652466,0.06040906815563672,0.061263792249519174,0.062224130270040555,0.06283369732846175,0.06365180204869729,0.06377050128085321,0.06414732338112716
1997-03-03,1997-03,1997-03-01,1997-03-03,False,2,185,185,185,185,185,0.05166184236063954,0.053136422537929794,0.05451992609188812,0.056035364706152474,0.05793265595250397,0.0585577419429189,0.05945681110478467,0.06020627679500946,0.06108385900480111,0.06173648634298529,0.06266151857234149,0.06328657314743706,0.06403627162587452,0.06467937100983893,0.06513475778220851,0.06506337965274155,0.06501489840140556
1997-04-01,1997-04,1997-04-01,1997-04-01,True,0,185,185,185,185,185,0.0526157645943202,0.05439965147918722,0.05701038662258236,0.058934675817863096,0.06078926395992461,0.061486808961459256,0.06223948551640481,0.06308718733211995,0.06406529667184974,0.06495229364986517,0.06606254705084706,0.06640993295826066,0.06738767787060002,0.06784435062622839,0.06841328782956588,0.06839040227010439,0.06794337250517485
1997-05-01,1997-05,1997-05-01,1997-05-01,True,0,184,184,184,184,184,0.051986161886874035,0.0545961027843814,0.0565680342575477,0.05798657104516944,0.05978706310858718,0.06049810288745847,0.06105211349892167,0.061793734357760956,0.0627321332970642,0.06321539683259103,0.06401077264698911,0.06459018316537103,0.06551324933626668,0.06578912370112032,0.06640962045152228,0.06651064526629533,0.06600505736515773
1997-06-02,1997-06,1997-06-01,1997-06-02,False,1,184,183,183,183,183,0.05073040432360292,0.05364566551250093,0.05544176994349129,0.05726792267424033,0.058851798729094976,0.059695684200051335,0.060616905302248884,0.0614636753404253,0.062304571479375424,0.06275208121662688,0.06389203484002758,0.06438752254722818,0.06487792715416918,0.06552564469850555,0.06606618623266884,0.06623927585526697,0.06587643349079587
1997-07-01,1997-07,1997-07-01,1997-07-01,True,0,184,183,183,183,183,0.051393774879423225,0.05199903983512019,0.0543528197437433,0.05603892450900348,0.057836573509657575,0.058156704094372236,0.05902641784940885,0.05937117584989901,0.06036883256307187,0.060909262345938985,0.06220232157686016,0.06249759971868371,0.06311537895158567,0.06375800063251055,0.06423851394390474,0.06433110014176285,0.06371115900265512
1997-08-01,1997-08,1997-08-01,1997-08-01,True,0,182,182,181,181,181,0.05233508684484248,0.053158295659610964,0.05352281619775214,0.055277448344989884,0.05700555708777998,0.057174209895634265,0.057742111108182705,0.058062612548279983,0.05851441873344311,0.05879826197611681,0.0595523275529598,0.05993814580846588,0.0606252503954381,0.06111568566238246,0.061587554847297714,0.06170889346826356,0.061155692773599155
1997-09-02,1997-09,1997-09-01,1997-09-02,False,1,184,184,184,184,184,0.051684657480194116,0.053009001916893686,0.053832240868694925,0.05529401837080894,0.05712947003030768,0.057805580622059774,0.05834180586533358,0.058548842736587656,0.059308543262962275,0.05968603829676004,0.06069404542936331,0.0610807096974658,0.06179493778380147,0.06241732600924463,0.06281163673061471,0.06302535562705973,0.062062186367113435
1997-10-01,1997-10,1997-10-01,1997-10-01,True,0,183,183,183,183,183,0.05053025587397969,0.0518085121739811,0.052787257408280074,0.05453250292977283,0.05568475195451471,0.05629193020056639,0.05652080702497333,0.05662471417888993,0.05730842974219434,0.057631205605009526,0.058602864024289866,0.0585295097258024,0.059702602320947505,0.05994414127900348,0.06027513778887775,0.06049816941520756,0.05964484484972236
1997-11-03,1997-11,1997-11-01,1997-11-03,False,2,183,183,183,183,183,0.052223885522942215,0.0527912441738775,0.0533701860829956,0.053613912593598205,0.05611253368589694,0.056381506402575686,0.05662727241293779,0.05642064274113548,0.05692708049419328,0.05707377216538167,0.05740765502699713,0.05733800350777329,0.058721169817200936,0.05888621964625022,0.059100684465116037,0.059412700603712745,0.05832460383650026
1997-12-01,1997-12,1997-12-01,1997-12-01,True,0,183,183,183,183,183,0.05222000451575625,0.053607574065548426,0.054581771102375505,0.05456071983710391,0.056796856167644655,0.05701705656944088,0.05715966432682238,0.05705931713496255,0.057254357079311896,0.05756724632375593,0.05793558384230153,0.057450468345618504,0.058062010098266344,0.058121344397256455,0.0582247404728082,0.05829616620129276,0.057778997156979255
1998-01-02,1998-01,1998-01-01,1998-01-02,False,1,183,183,183,183,183,0.0525969039396785,0.05314014027118723,0.05330665401540471,0.053608003157763456,0.05490898300940413,0.055053334171736405,0.05502802877752501,0.05501433043214581,0.05518004063667546,0.05528658477079356,0.05551337896662117,0.05533944995299078,0.05559160120960354,0.05597988566476389,0.05611498668111627,0.05635109715009007,0.055818720955604126
1998-02-02,1998-02,1998-02-01,1998-02-02,False,1,182,182,181,181,181,0.05178464081498094,0.052057708407274104,0.05246816441268602,0.052026012341416766,0.05346550723007679,0.05350474294068558,0.05322313781587141,0.05305001202008157,0.05318422239598925,0.0531882480018384,0.054107837568435624,0.05376522537948874,0.053923480714409625,0.05515500280898758,0.0555134301077207,0.055492584869617126,0.05534046103498427
1998-03-02,1998-03,1998-03-01,1998-03-02,False,1,182,182,182,182,182,0.05248025834885272,0.0525625671891242,0.053449853534537156,0.05347321927909582,0.05493034149539836,0.05495200663906319,0.05523372885765815,0.055106423540053656,0.05521251566923108,0.055531378121585345,0.05598917305384797,0.05586395064211816,0.05578659595701989,0.05683236576915911,0.057065600674457935,0.0570892745907592,0.05612158181781436
1998-04-01,1998-04,1998-04-01,1998-04-01,True,0,182,182,182,182,182,0.0508677648210255,0.05158999891404434,0.05212182586401725,0.05283993667929645,0.05475730163121999,0.054823597111976895,0.05475825585728452,0.05464660664745029,0.05491105819054618,0.05512300699699202,0.05546008586637404,0.05491011840030596,0.05550320319193428,0.05591463560404184,0.05609501282293581,0.05605679716405411,0.05503167922112777
1998-05-01,1998-05,1998-05-01,1998-05-01,True,0,181,181,181,181,181,0.04999898086853745,0.05200884332405396,0.052873726620828565,0.053607542326805396,0.055331634185531255,0.055112624296374965,0.05517082027848877,0.05513642527323416,0.055240108574052295,0.055524995956828374,0.05583947853290098,0.055520716755901305,0.05633399262302731,0.056657574628587865,0.05678520690455573,0.05666279219316744,0.055802339725924445
1998-06-01,1998-06,1998-06-01,1998-06-01,True,0,181,181,181,181,181,0.049940154730273266,0.05211358901567701,0.052927089460790326,0.05346077081032491,0.05459144418452458,0.054651416824888596,0.054633316475365575,0.05441690504361662,0.054493220237039355,0.054827847239093216,0.05532970870376695,0.05449583362040818,0.05525748612816124,0.055510838158844736,0.055804274537050065,0.05586844122711041,0.05434755884009054
1998-07-01,1998-07,1998-07-01,1998-07-01,True,0,180,180,180,180,180,0.050570936980751026,0.05158530458937639,0.05266845962868035,0.05343514714217631,0.05419579769687125,0.05413432033702763,0.05409103426342293,0.05374595027352742,0.05408006091543064,0.054403407246207014,0.054486511926739985,0.05388173681155712,0.05448300383601204,0.054584144933568515,0.054877885228672096,0.054832592281686486,0.05349364460859003
1998-08-03,1998-08,1998-08-01,1998-08-03,False,2,178,178,178,178,178,0.05080865278747309,0.051580336423990056,0.05241615324284897,0.05343298034031323,0.05405813507196861,0.05390067850247145,0.0539706026679585,0.05387293658026648,0.05381831033865344,0.054240555565378996,0.05446114095269697,0.05426795895471259,0.054397980212999394,0.05463749629312084,0.0547628308917107,0.05462925327774401,0.053614128978816906
1998-09-01,1998-09,1998-09-01,1998-09-01,True,0,177,177,177,177,177,0.04869244358787527,0.04901823264393774,0.04886872328627326,0.04874838508624253,0.05028387499269956,0.05015585734851817,0.049137943196409295,0.048474247670726535,0.04921596635373009,0.04981997148221975,0.050207562710713666,0.04973424872400258,0.050816464160367565,0.050250163096658536,0.05114258736180286,0.05104591748487788,0.050076706409355756
1998-10-01,1998-10,1998-10-01,1998-10-01,True,0,176,176,176,176,176,0.042197921791273726,0.04312992043146488,0.04316960195871039,0.043382276946396396,0.044054002504565204,0.042844538471673216,0.04215776896719303,0.04130495444147543,0.0418750761196907,0.04188729035696745,0.04192495740859639,0.04205252796878288,0.042435762204163896,0.04245419361411344,0.043102825225926296,0.042896486859862304,0.04295524835901409
1998-11-02,1998-11,1998-11-01,1998-11-02,False,1,174,174,173,174,173,0.044340907367197264,0.044863416119323714,0.0441359457502333,0.044310893269582326,0.044811508860325755,0.04436915532273147,0.04403773077157394,0.04325197735206277,0.0445182403603652,0.04476510230602687,0.04532800077110462,0.046348579170113036,0.04683604704826058,0.046116370255054696,0.048008910331355646,0.04758314681690614,0.0478348462076036
1998-12-01,1998-12,1998-12-01,1998-12-01,True,0,174,174,174,174,174,0.04461516471568008,0.04467953748144727,0.04469731270851908,0.044712173547940534,0.04538076787129496,0.04497915665319031,0.044520451681865074,0.04409769145981649,0.044754062208088786,0.044674660252263215,0.04550922017444928,0.04478654830487878,0.046594518067457326,0.04572975942097746,0.04704414935713146,0.046684345715803044,0.04598342928583966
1999-01-04,1999-01,1999-01-01,1999-01-04,False,3,174,173,173,173,173,0.04449001103093849,0.0450779485268653,0.045071859907839795,0.044802878222693764,0.04615552178524801,0.04613586616748656,0.045823333160842195,0.0454130331437649,0.04598049864183637,0.04593092165346198,0.04639016440226595,0.046138614007938374,0.04719105658743805,0.04699575662213875,0.04768923594371668,0.04673287918397102,0.046241540667847546
1999-02-01,1999-02,1999-02-01,1999-02-01,True,0,172,172,172,172,172,0.044742331468499194,0.044849269683776574,0.04535936385515124,0.045242441784312346,0.04660343323791026,0.046599604501467884,0.046416491017576625,0.04599125194138049,0.04651069566109658,0.046781254934836855,0.04697821276979496,0.046528722922576406,0.04763379468840393,0.04790701190287797,0.04836990543660828,0.047502379418886256,0.047032408959602624
1999-03-01,1999-03,1999-03-01,1999-03-01,True,0,173,173,173,173,173,0.046635198332678374,0.04704087397817441,0.04785805589287064,0.05010900696586393,0.05109541431486881,0.051273721032013664,0.05164820478956758,0.05149183875648629,0.05206574217349542,0.052605015171244406,0.05327051687227593,0.05291690859869978,0.05447270828005996,0.05463333535795218,0.05491746194747767,0.05390616992457705,0.05329403740743027
1999-04-01,1999-04,1999-04-01,1999-04-01,True,0,172,172,172,172,172,0.04391574063404558,0.04447764061435883,0.04490194556016656,0.04829448516954854,0.04880101486270493,0.04947447223362906,0.04949797717385162,0.0496074705260061,0.05035874715272606,0.05110004035710635,0.051897619793918624,0.052103140134028884,0.05347762087820423,0.053939988788048704,0.05418433195896059,0.05330105000134983,0.05243787089127762
1999-05-03,1999-05,1999-05-01,1999-05-03,False,2,168,168,168,168,168,0.045664336910757164,0.04607237080598899,0.04602141800761855,0.04766279169668921,0.04941279601772107,0.049683951545918766,0.04999363559660097,0.05021726104460115,0.0507601078166558,0.05135037140807604,0.052129443807459964,0.05259879417827574,0.05345418205570569,0.0536196868358024,0.05384818819307728,0.0535992204833819,0.053363672587359814
1999-06-01,1999-06,1999-06-01,1999-06-01,True,0,169,168,168,168,168,0.046991691499471,0.04876935144160103,0.048754036086894416,0.05215907559207522,0.05319680472873568,0.0534220264296855,0.05442543864030171,0.05468525657458905,0.0556013733688175,0.05669888560522787,0.05741783492266478,0.05791405493560537,0.05904601239285315,0.059235872073639825,0.058995116450713286,0.058128591812947904,0.05647734452196919
1999-07-01,1999-07,1999-07-01,1999-07-01,True,0,167,167,167,167,167,0.04617610633263172,0.04926413898766738,0.04851151353690559,0.05258019236693924,0.05404943536607567,0.05428033911335138,0.05483336359403652,0.055140516667162125,0.055538691988551804,0.055957492090040875,0.0569162226929172,0.05807831239494235,0.058791111065625706,0.059159350541556424,0.05917236799901936,0.058700066728698555,0.05758366263898217
1999-08-02,1999-08,1999-08-01,1999-08-02,False,1,164,164,164,164,164,0.047685997046960964,0.048669178677545444,0.0489460007325222,0.05195520700689525,0.05410626053763141,0.054524538548461045,0.05541379633967526,0.05593969482308614,0.056596785240525256,0.05711585108522261,0.058495537345062985,0.05936983548818683,0.060284561427432756,0.06063058312693939,0.06036074597490193,0.0595651164209898,0.05832627639464291
1999-09-01,1999-09,1999-09-01,1999-09-01,True,0,165,165,165,165,165,0.048934213527622866,0.05114758223497729,0.0507760454199059,0.05463525871197205,0.05545041777964259,0.05620972820937112,0.05674264760364529,0.05666786345719198,0.05735633384564494,0.05775642045955079,0.05920523238818637,0.059651831911729056,0.06111056221799487,0.06139591430122741,0.06114024120715665,0.06036537626689115,0.05865188408474133
1999-10-01,1999-10,1999-10-01,1999-10-01,True,0,165,165,165,165,165,0.04822541950360887,0.0494519121430607,0.05065889350565574,0.05469554535458476,0.05547429307436445,0.056291141842782014,0.056772676177954395,0.05645759471601501,0.05730319428738192,0.05759122268615017,0.05913646503339056,0.05984769964898007,0.06056490614637084,0.06168825369608715,0.06118303707975137,0.0605422475230134,0.058772916900999686
1999-11-01,1999-11,1999-11-01,1999-11-01,True,0,164,164,164,164,164,0.050796701730581394,0.052320731386778466,0.05292145049872141,0.055413706186875786,0.05596858853268762,0.05710476036693946,0.05753181109134928,0.05754082025323319,0.058301152613637566,0.05830765286464093,0.05996323570062771,0.0607323799051004,0.060490322463797236,0.06158469842267936,0.06123128010410948,0.060792607135659836,0.059631818102775784
1999-12-01,1999-12,1999-12-01,1999-12-01,True,0,160,160,160,160,160,0.0520662141434004,0.05471378042175166,0.05583911080183342,0.057855688132003605,0.05853674519655263,0.05884915837164459,0.05926669075109275,0.059408691101298934,0.05968214065670251,0.05988185524316835,0.06103291728832955,0.06156494120143815,0.06149424569826117,0.062282446891796114,0.06208373985080035,0.06175934753490713,0.06133548724316438
2000-01-03,2000-01,2000-01-01,2000-01-03,False,2,158,158,158,158,158,0.053989673175070134,0.056935026038645975,0.05957894893408655,0.05981993132059844,0.06218843575979954,0.06267687220755824,0.06287117227346478,0.06289010466077842,0.06317820038980726,0.06362606664509922,0.06455162545929621,0.06532088242737372,0.06537395086929888,0.0658731986689516,0.06574104184665713,0.06553000707716021,0.0651918755067633
2000-02-01,2000-02,2000-02-01,2000-02-01,True,0,159,159,159,159,159,0.05642406215065132,0.058434879767418756,0.06114310370452599,0.06247067062192478,0.06392774960352389,0.06465826830849995,0.06496559387479645,0.0648386334920117,0.06526119808301645,0.06556598945423871,0.06561809900190194,0.06649135590946759,0.06609669718326845,0.0659154104974603,0.06548589237833316,0.06553562876018279,0.06503437304194412
2000-03-01,2000-03,2000-03-01,2000-03-01,True,0,154,154,154,154,154,0.057116079819580425,0.05925995789173844,0.061072895352954834,0.060825206815037364,0.0631403509265585,0.06361126870470805,0.0642785101878356,0.06421539495460232,0.06447895001275154,0.06482804037520304,0.06466402090268362,0.06549556239067034,0.06540365146062792,0.065243637007999,0.0647686780184231,0.06441909349822561,0.06216953838168602
2000-04-03,2000-04,2000-04-01,2000-04-03,False,2,153,153,152,152,152,0.058230076804228204,0.060599031845023174,0.06104309552907236,0.062052424651450694,0.06324292321722405,0.06333328746932754,0.06323178281212528,0.06336880045416686,0.06312571198450244,0.0629067324071867,0.06213868240246717,0.0621309538416159,0.06180148815503054,0.06114875681668118,0.06067409874691892,0.060032482798726826,0.060043962343869786
2000-05-01,2000-05,2000-05-01,2000-05-01,True,0,151,151,151,151,151,0.05862280642246664,0.06133611705066242,0.06189235088035414,0.0646245075235856,0.0658944242705355,0.06601023917233009,0.06638677883098354,0.06622827450104532,0.0657396505818736,0.06552423138169813,0.06533993615864124,0.06502948490751509,0.06476507745393804,0.06429858897074829,0.06337366648322953,0.06257090913479761,0.06098108736308868
2000-06-01,2000-06,2000-06-01,2000-06-01,True,0,147,147,147,147,147,0.05666722323916559,0.06159460139057915,0.06033053825737482,0.062288562187750224,0.06585568509265875,0.06560985247116942,0.06563281597264471,0.06512510006501827,0.06519622169516537,0.06436002275486165,0.06427576484271957,0.06361126044753347,0.06350778909509686,0.06297771659028323,0.06214628699967486,0.06135601670783933,0.06024579170842312
2000-07-03,2000-07,2000-07-01,2000-07-03,False,2,145,143,143,143,143,0.059045964533517584,0.061505002538165994,0.060559155907150275,0.0618354869368748,0.06337179996149658,0.06301738510381612,0.06295907662159894,0.062214308974428416,0.06227072430137736,0.061892633203224565,0.06158380994427812,0.06104567228191053,0.06111038374047528,0.060826621815339946,0.06028551211131726,0.05962961377370985,0.05863943379741324
2000-08-01,2000-08,2000-08-01,2000-08-01,True,0,143,142,142,142,142,0.06185571449941765,0.06276348018624778,0.06216737409347372,0.06322395885511718,0.06322729279767782,0.06266558034494053,0.062460636703722365,0.06163945531326828,0.061689421307931064,0.0615914411526052,0.06122555247792649,0.060778771774450985,0.0605372400240637,0.060164504415280845,0.05968766146843958,0.05922623181405803,0.058599967681525235
2000-09-01,2000-09,2000-09-01,2000-09-01,True,0,141,141,141,141,141,0.06218336617171461,0.06230987734989479,0.06185009023665698,0.06089421506626545,0.061432067470128894,0.061041304582507866,0.060430532443997514,0.05998791450959953,0.05962979239465856,0.059574782471716874,0.05909120498563165,0.05869914757568429,0.05859001531385199,0.05820383497702469,0.057634743958435965,0.05745908266997331,0.05538165922343152
2000-10-02,2000-10,2000-10-01,2000-10-02,False,1,140,140,140,140,140,0.06179918196625049,0.062115124983151256,0.0611172992097886,0.06079492813920862,0.06113360218821526,0.06064895653176654,0.05971475796418273,0.05891988509536575,0.05873368164446279,0.058621011637700324,0.0581006634442128,0.057859105348884984,0.058556401987601786,0.05855706240463308,0.058381938674287835,0.05850501923028921,0.05720350297999979
2000-11-01,2000-11,2000-11-01,2000-11-01,True,0,137,137,137,137,137,0.06313117574575232,0.062457043075719136,0.061343439090308226,0.061601286172297216,0.060939644902899104,0.05997281125082201,0.05882135917962865,0.05788455250063615,0.05809943295587124,0.057973166933108375,0.05742279605136879,0.05679429465122904,0.05754068836649459,0.0575095569027951,0.057333640749774754,0.05736619014417387,0.05649531160197231
2000-12-01,2000-12,2000-12-01,2000-12-01,True,0,137,137,137,137,137,0.061692065930326064,0.06078244610103092,0.059511793675180384,0.05841579839787868,0.058899421421401345,0.057588899573878236,0.05646031096167137,0.055467810788424304,0.05530784489423951,0.05548507399539235,0.054963819898938865,0.05400581808395369,0.05487476521982868,0.05466915067213219,0.054629561102051645,0.05495224487553966,0.05446073964674204
2001-01-02,2001-01,2001-01-01,2001-01-02,False,1,137,137,137,137,137,0.0582285887717125,0.05515516224310528,0.05224578183834672,0.05162439853231014,0.0513418204512599,0.050436836426588263,0.049113544652834046,0.04826467391416855,0.04847842407365426,0.048604271375718267,0.048230500122124965,0.04773957010443557,0.04890322249507662,0.049208618324668794,0.0492549186020977,0.04947869605654732,0.04900579144867101
2001-02-01,2001-02,2001-02-01,2001-02-01,True,0,136,136,136,136,136,0.049698409284357314,0.047772221120476986,0.045880734871835846,0.04679726987891832,0.046623817805013075,0.0462277573664947,0.0459562587259769,0.04555489584697837,0.04656106901235876,0.046878841151125374,0.04791723285575715,0.04819680655747764,0.04920532363887912,0.04986772909261232,0.05033031826795079,0.05101492429964478,0.0510656845816269
2001-03-01,2001-03,2001-03-01,2001-03-01,True,0,136,136,136,136,136,0.048154364037832534,0.04636527666665929,0.04518171715631859,0.044113213072592944,0.045130850605056796,0.04476218934407784,0.044499304363263804,0.04411718404383856,0.04502296066476547,0.045565377500045516,0.04649516547454524,0.046913667337317146,0.04795418591242784,0.04885905451133019,0.04926115562996569,0.05000160988651886,0.04831296272632519
2001-04-02,2001-04,2001-04-01,2001-04-02,False,1,135,135,135,135,135,0.042373692560189,0.04107751891478506,0.040847543491157025,0.0410783903775984,0.041589374430010186,0.0416617140842055,0.04207890744319202,0.04220227673855597,0.04354136584503908,0.04423058832065607,0.045698750227587744,0.04663181206578044,0.04803287140504978,0.04909727747683108,0.049934523567616566,0.05083958321957141,0.049700127854074835
2001-05-01,2001-05,2001-05-01,2001-05-01,True,0,134,134,134,134,134,0.03869366926361674,0.038615209409842574,0.03827319760538203,0.03981387166660949,0.040624484795950676,0.04116393374183438,0.041807862046399163,0.04233116074331759,0.044475076948624945,0.04580796263842108,0.04788758095327206,0.04893330986215635,0.05053209074579892,0.05169849684453385,0.05284637196071114,0.053688124934325634,0.053117994575446026
2001-06-01,2001-06,2001-06-01,2001-06-01,True,0,132,132,132,132,132,0.036487960635226836,0.03564086501452932,0.03583151423169478,0.038260445948661945,0.039930154143439846,0.040812585455738314,0.04194617952713903,0.04241698908669965,0.044869098428763965,0.04657627069597986,0.04891068426659357,0.049941119816359875,0.051485390486340266,0.05231782236109411,0.053515585559806754,0.05420362350644509,0.05401419613096398
2001-07-02,2001-07,2001-07-01,2001-07-02,False,1,131,131,131,131,131,0.03627133040731944,0.035726157644576796,0.036128725028209255,0.03782313212462863,0.03923906735847183,0.040214243149245155,0.041262914827285294,0.04149814123125151,0.04365145600197157,0.045381657826697556,0.04799441936902045,0.049671846764709454,0.05073927947591253,0.05197377668580462,0.05313369078888355,0.05368728424341428,0.05373943308989155
2001-08-01,2001-08,2001-08-01,2001-08-01,True,0,129,129,129,129,129,0.03500364911666274,0.03428342438153597,0.03457040631825272,0.03503666372066443,0.035747979283730164,0.03661934810439046,0.03768305152948973,0.03799229734500296,0.04036218971376385,0.04247863760802201,0.045276314849858196,0.0467749711248628,0.047936473517902645,0.04917113670430211,0.050388739595189504,0.05095031406467294,0.05149772307095872
2001-09-04,2001-09,2001-09-01,2001-09-04,False,3,128,128,128,128,128,0.03426353322286752,0.03382132496281763,0.0340645700227353,0.03431447884931799,0.03506164120298174,0.0363551014564013,0.0369546367998006,0.03759258697483344,0.03978935873691034,0.04198098251890496,0.04468988937586056,0.04619084175087137,0.047677029393302026,0.048825467082274414,0.05001834019799389,0.05061862491686303,0.049701275599375476
2001-10-01,2001-10,2001-10-01,2001-10-01,True,0,127,127,127,127,127,0.023442921594992318,0.023609200042432117,0.024149335542678618,0.02468414868987917,0.025214320938265155,0.026309610756801983,0.02727955324056546,0.027951782972809848,0.030442698834401028,0.03374458856118088,0.03728442484042601,0.040004931224056565,0.04193276757630816,0.04363156505669683,0.04549837377150907,0.046444372363669884,0.04622128142316258
2001-11-01,2001-11,2001-11-01,2001-11-01,True,0,127,127,127,127,127,0.020605536157124793,0.019694411255170182,0.02017272866483038,0.020783641289474374,0.021468868197957836,0.022942313867824818,0.024229064660567838,0.024863204419848357,0.027957539489946646,0.030442557675606535,0.03417631245678836,0.0372045882823431,0.03909876295305337,0.04061050285691173,0.04250671878413916,0.04305466078536286,0.04347365978079813
2001-12-03,2001-12,2001-12-01,2001-12-03,False,2,126,126,126,126,126,0.017700544516672856,0.01797068348202128,0.01907858002609632,0.0201971520977111,0.02192792507788312,0.02413982436764841,0.026369507184701123,0.02778632024184188,0.03123799436612427,0.03431728767121364,0.03839889757379832,0.04033206345932054,0.04354818245817951,0.04539819230166303,0.04727309590441157,0.047633500836284585,0.048267944817717054
2002-01-02,2002-01,2002-01-01,2002-01-02,False,1,124,124,124,124,124,0.017293176637566136,0.018331619095815748,0.020226961436638116,0.022083654087714132,0.02424080423151584,0.0270633695914709,0.02965893623066891,0.03204005295175588,0.03660555652862356,0.03953173453009144,0.043733075812592365,0.04577023165584257,0.04841919568372887,0.050249148299982324,0.05227394743038577,0.0522572821869383,0.05295912350566566
2002-02-01,2002-02,2002-02-01,2002-02-01,True,0,124,124,124,124,124,0.01746831330098041,0.018579092106447825,0.020578310742940125,0.02251183290179682,0.0242329130713906,0.02610207031569741,0.0284350132612107,0.030693833476099313,0.03454822165520244,0.03723209738103806,0.04172073742187701,0.04442561087530789,0.04652303774203587,0.048271691957301736,0.05010125904567672,0.050237781470521346,0.051253974731970756
2002-03-01,2002-03,2002-03-01,2002-03-01,True,0,122,122,122,122,122,0.017845687039173212,0.019008415408887,0.02105103808401137,0.02305140853301467,0.02521036715857618,0.0275271584417088,0.029717046052023088,0.03176848076788904,0.03509073390930854,0.037522590619703595,0.042061199490264795,0.04471301448417042,0.046701532326483594,0.04863532599698452,0.05053056976201926,0.050606722048763916,0.05028572468142956
2002-04-01,2002-04,2002-04-01,2002-04-01,True,0,121,121,121,121,121,0.017936094278936693,0.02126403900067929,0.024045158346590125,0.026738315757168746,0.029851910363600617,0.03225224514799567,0.035071422265515725,0.037043395940687264,0.04081067562200728,0.043119024794495704,0.04737582681072306,0.050213929657204975,0.05173161646323178,0.05312693288414915,0.05481600232972535,0.05492203387261424,0.05475665887601468
2002-05-01,2002-05,2002-05-01,2002-05-01,True,0,119,119,119,119,119,0.017662342157779246,0.018819107051314864,0.020680117859552927,0.02253485186627717,0.025001696055039525,0.027282310942046764,0.029905828691051184,0.03188424304338626,0.03542986924360996,0.03806221507635054,0.04238352025477001,0.04552548893287908,0.04746423789035275,0.049078948282893164,0.050683293283889826,0.05112913542775612,0.051525061813700944
2002-06-03,2002-06,2002-06-01,2002-06-03,False,2,119,119,119,119,119,0.017353913686145684,0.01886964553072915,0.0206375042814959,0.022357733297462528,0.024610811280561133,0.02717043003183006,0.029248003539183595,0.03127476859416754,0.034214985875193935,0.036677892571893925,0.04054957812312863,0.043608533956199375,0.04592595738128286,0.04795494926237698,0.04964849423238366,0.05039821898575759,0.05136867058577066
2002-07-01,2002-07,2002-07-01,2002-07-01,True,0,118,118,118,118,118,0.017042309076552346,0.017578137720222577,0.01858697236719338,0.01959497482234678,0.021241382197759603,0.02367650475435732,0.026396969366702296,0.028284469250650316,0.031140681807072676,0.034140604204553456,0.038249731631140836,0.04107781685712968,0.043478680533607046,0.04577542004914427,0.047424361430466085,0.04833573393484698,0.04943856201599385
2002-08-01,2002-08,2002-08-01,2002-08-01,True,0,117,117,117,117,117,0.016639301151758244,0.01645310104161048,0.016500181771931237,0.016547262502251997,0.01637083316741929,0.018422913891340358,0.01951238851242369,0.02117544455210183,0.02409843714348692,0.02710814907236283,0.03192582442919924,0.03538175926715502,0.03824707714369118,0.04135129425297271,0.04336516970159033,0.04464919928167754,0.046255532810595516
2002-09-03,2002-09,2002-09-01,2002-09-03,False,2,117,117,117,117,117,0.016028388982815774,0.015890459902578345,0.015977341876766072,0.016065068363368455,0.016353931227376432,0.017539076552147995,0.018502293476364843,0.019732413061067534,0.021456403305756214,0.02333487786547039,0.02763169611491465,0.03089222220913743,0.0340197572409076,0.037627569170081185,0.03885694800228414,0.04016661962273022,0.04075335998079913
2002-10-01,2002-10,2002-10-01,2002-10-01,True,0,117,117,117,117,117,0.01573157194972682,0.015261890318843754,0.015317462894659966,0.015358150021857772,0.01562712193755275,0.016527016109235376,0.01724597512060646,0.017773260416932005,0.01967568307021246,0.021756563184219768,0.02553704944925804,0.028347377465801484,0.03153695477059501,0.034694140713424235,0.03634608851977659,0.03777008449077845,0.038537563886871865
2002-11-01,2002-11,2002-11-01,2002-11-01,True,0,117,117,117,117,117,0.01421989870784306,0.014158596270849052,0.0143949390307082,0.014623648147370332,0.015163130587689753,0.016181014872903642,0.017070483607772687,0.01767978708357599,0.020353565218705617,0.022462747589731043,0.026615195038045204,0.029961209706173497,0.033296489074315976,0.03706450696039229,0.03908004148320332,0.04060453373500025,0.04191483038766448
2002-12-02,2002-12,2002-12-01,2002-12-02,False,1,117,117,117,117,117,0.012258075423246934,0.013088284331491925,0.014210101155035461,0.01534351628863229,0.016525083480362204,0.0180800184654856,0.019556075743907643,0.02073317448135522,0.02359765389855897,0.02618339431485446,0.030591861181369667,0.03351899137713243,0.03686530534778037,0.040073697317813704,0.041709290990857954,0.04289347147714608,0.043205874056563856
2003-01-02,2003-01,2003-01-01,2003-01-02,False,1,117,117,117,117,117,0.012091799726109324,0.012425496082387896,0.013056588218812788,0.013633619932357764,0.014236418270248484,0.015245671503273734,0.016360379339361145,0.017756755490022053,0.020195000600973567,0.022404963749395015,0.02707462019669759,0.030533749054245368,0.03366993557535522,0.03727576953204775,0.03900404914479925,0.04071010919218796,0.04175493723325539
2003-02-03,2003-02,2003-02-01,2003-02-03,False,2,117,117,117,117,117,0.011919622707173085,0.012245934683533412,0.012594381154623802,0.012933852592088261,0.013829499844762352,0.01485553867480549,0.01590648461856175,0.017265061630811537,0.020006125040845018,0.022558577560229606,0.0274484885235394,0.030944161913656343,0.03411644051555364,0.03737649049978668,0.03888413894165583,0.040423161869006095,0.041592977218441955
2003-03-03,2003-03,2003-03-01,2003-03-03,False,2,117,117,117,117,117,0.011884416789444647,0.011914648966048444,0.012092903477081118,0.012284331151855439,0.012561027087284422,0.013211880533120458,0.0139774542712929,0.014986221411595722,0.01710191995652586,0.019184660864808786,0.02351702711429387,0.02703440562442666,0.030212036256909984,0.03347122552239355,0.03532613813903536,0.03721660953525643,0.03793573699023534
2003-04-01,2003-04,2003-04-01,2003-04-01,True,0,118,118,118,118,118,0.011062925756458024,0.010962122663130937,0.011231831281267623,0.011505935104525113,0.012153771122776557,0.012829735570741753,0.013783097956569089,0.014789889698849113,0.01705551209890096,0.01972646091607514,0.024542499690085092,0.02833980220549961,0.03145076581577862,0.03491804069906412,0.03688430786957621,0.038700695833126755,0.039542592943098614
2003-05-01,2003-05,2003-05-01,2003-05-01,True,0,118,118,118,118,118,0.01094369464559609,0.0111361030303681,0.011265909358017797,0.011458649182136231,0.011898852046207357,0.012627060997860765,0.013745821877179367,0.014707864089141364,0.017066246811960322,0.019579812556418705,0.024646308839320754,0.028767814876945248,0.03162861796715745,0.03496019324431014,0.037007051260469825,0.03879151127147478,0.040049047891647045
2003-06-02,2003-06,2003-06-01,2003-06-02,False,1,117,117,117,117,117,0.011019306151483466,0.010986606646346644,0.011145557411219092,0.011308349174643928,0.011483633448173061,0.011882944983571184,0.012248071505362505,0.0130666588429556,0.014323814659717824,0.016149974878250786,0.02015625588268148,0.02380907770175825,0.026998788755097057,0.03042233751283576,0.03258831376930967,0.034280844141775575,0.03528800595464338
2003-07-01,2003-07,2003-07-01,2003-07-01,True,0,118,118,118,118,118,0.008649169046540256,0.009364209711615562,0.009881090434959515,0.010394026794619234,0.010867932344626647,0.011394978507760613,0.012125334718301078,0.012972536467926439,0.014802992332939226,0.0172839375869523,0.021377272161934642,0.025225366312434945,0.02838781097573034,0.031814254800362776,0.034061480317317414,0.03570493105404453,0.036929064908624375
2003-08-01,2003-08,2003-08-01,2003-08-01,True,0,118,118,118,118,118,0.009202068963092854,0.010195332297634075,0.011081398997411443,0.011955387224448173,0.013470273562426582,0.015128875966189644,0.016459275293938976,0.017712149649704613,0.020862760191771194,0.02430038153091855,0.02936460580918968,0.03364064733998347,0.03744280536931213,0.041068570050976166,0.04337722361165254,0.0449576358222606,0.04553702819830669
2003-09-02,2003-09,2003-09-01,2003-09-02,False,1,117,117,117,117,117,0.009759829061715545,0.010600551025720965,0.011866112344716805,0.013120299112837798,0.015118261965221232,0.016748673107562194,0.018431268368859624,0.020435546202197445,0.023396663161022464,0.026554267522428034,0.032264967454898597,0.036605156529999204,0.04015680718857144,0.04297545422713694,0.04510573885992388,0.04642072939499807,0.04728607669083273
2003-10-01,2003-10,2003-10-01,2003-10-01,True,0,118,118,118,118,118,0.009353938369413195,0.009911271150933074,0.010184699700099704,0.010454737406603194,0.011202467877774586,0.011881951892785753,0.01303655978642904,0.014521780248669309,0.016834380746993918,0.019595440070170774,0.0243754309632595,0.028716797643474623,0.03225686857529949,0.035249763354618976,0.03775799920291709,0.03938721250795645,0.04113077999515742
2003-11-03,2003-11,2003-11-01,2003-11-03,False,2,119,119,119,119,119,0.009497865299498537,0.010443006844395758,0.011744355758646352,0.01304456637088561,0.01388045752384955,0.015596391394545444,0.017298977550048864,0.018760167177761237,0.021533729609511523,0.024432220245652902,0.029250463358153525,0.033619538638852066,0.037201085246213975,0.03982002396508122,0.04211091761803316,0.04349098084395889,0.04533866806454248
2003-12-01,2003-12,2003-12-01,2003-12-01,True,0,120,120,120,120,120,0.009225910057959176,0.010484556198928843,0.01264610354738077,0.014791267384549504,0.016180469132477088,0.017716430335052564,0.019142005614319328,0.020916533272196582,0.023672043214436937,0.026237342795058644,0.0306974170070532,0.03462857213684636,0.03804858746405326,0.04054831084225498,0.04263500884100111,0.04374520326727335,0.045105536943709806
2004-01-02,2004-01,2004-01-01,2004-01-02,False,1,120,120,120,120,120,0.009122618945044686,0.010168022216263967,0.011451567017710875,0.012648159742428836,0.014298006247147395,0.0157547843915053,0.01745026081411441,0.019312506725498457,0.02248338873943112,0.024897319529366538,0.029577125782874223,0.03378195587201933,0.037252252297547826,0.04005551387007633,0.04229391529259925,0.04350385218070072,0.04536582057402563
2004-02-02,2004-02,2004-02-01,2004-02-02,False,1,121,121,121,121,121,0.009223860959365178,0.010085174549216118,0.011238227313658243,0.012332935382047164,0.01357304982049318,0.014992837143162277,0.01637391022111292,0.018077695325889313,0.02102301154366887,0.023662113477548846,0.027967663610644827,0.03190787167481819,0.0355732580016687,0.037914450524580284,0.04014229002297705,0.04136183897191792,0.04327617335942889
2004-03-01,2004-03,2004-03-01,2004-03-01,True,0,123,123,123,123,123,0.009440867205554272,0.00996591181338323,0.010809217290341532,0.0115681620476628,0.01209608745465079,0.013418843974240037,0.01504645724995511,0.016525300053295593,0.01902879652318449,0.021487458791080306,0.025963819129914238,0.02986229053975072,0.03319677653743969,0.03576588918130409,0.03818763779047534,0.03935938430065013,0.041057784038594405
2004-04-01,2004-04,2004-04-01,2004-04-01,True,0,124,124,124,124,124,0.009317380296537508,0.010053295923780325,0.010957020697992453,0.0118277715922494,0.012549086863805703,0.013716162724961622,0.015163912843630984,0.016280337595001273,0.018571516361006863,0.020687521897433045,0.025044594703455308,0.028705545054840263,0.03221842898676405,0.0348040304978002,0.037090768457068664,0.03838899651338296,0.04038498115685468
2004-05-03,2004-05,2004-05-01,2004-05-03,False,2,125,125,125,125,125,0.009842018371384698,0.011716932765149696,0.01408019417632282,0.0163905782690314,0.017847356738564905,0.019496891438535984,0.02171352236546268,0.02319804311618976,0.026376965085990224,0.028914892486224964,0.03321888012333948,0.03651827273976641,0.039785343893189745,0.04198961949170088,0.04398945638918292,0.0445131922077658,0.046602313862474945
2004-06-01,2004-06,2004-06-01,2004-06-01,True,0,125,125,125,125,125,0.011325240174580802,0.014145227778409448,0.01627835875501152,0.01838429341829064,0.020545954815321683,0.0223701655310831,0.024523650103563898,0.02591080131846016,0.028826488695631446,0.031447826607511484,0.03556400105560011,0.03882095321366278,0.04187557466540019,0.04395259966109243,0.045811787750472316,0.04664238734100869,0.04823960802305351
2004-07-01,2004-07,2004-07-01,2004-07-01,True,0,126,126,126,126,126,0.012239459076247948,0.01631511452893424,0.0182432898629968,0.019862852662190365,0.021365186947695628,0.02341163459929977,0.024983604651543714,0.0263957782293177,0.029015405840638428,0.031210346953267826,0.03465226996699067,0.03775497487913613,0.04048436269859357,0.04269829688241825,0.044465557956127354,0.045571789786546434,0.04712441053045114
2004-08-02,2004-08,2004-08-01,2004-08-02,False,1,127,127,127,127,127,0.014707458566286653,0.01753474079063902,0.019060583508826324,0.02055484448677682,0.0218769902748085,0.023548186411555948,0.025220787554346494,0.026489236943522027,0.028819032164876263,0.030905548331735595,0.03412851275018207,0.037164568846319176,0.03961191385699054,0.041606574835288304,0.04330525206167229,0.044655481081943574,0.04620412420061921
2004-09-01,2004-09,2004-09-01,2004-09-01,True,0,127,127,127,127,127,0.01570823531650779,0.017696942206278172,0.018596166535960242,0.01948930460135735,0.02049083787643358,0.021372929879269174,0.022949536914334094,0.023872281045442624,0.025404679178190656,0.027272473359481558,0.0305603932016526,0.03350908828899867,0.03621001589299695,0.038255148015064425,0.039842173232737865,0.041400784576996835,0.04226610865301048
2004-10-01,2004-10,2004-10-01,2004-10-01,True,0,129,129,129,129,129,0.01695408000567205,0.01985956830572507,0.020784188426519728,0.021575391150486952,0.023052717910981006,0.02393370398448062,0.025109637659669892,0.02620298294909638,0.02790180050169926,0.029111239407177313,0.03204860719999832,0.03451347162969209,0.037120312235916546,0.03904581820538619,0.04042733603195345,0.04204709050990196,0.0432232157757775
2004-11-01,2004-11,2004-11-01,2004-11-01,True,0,130,130,130,130,130,0.019433880183272047,0.021709934167427485,0.022291529638884814,0.022815631329787592,0.023223643407825886,0.02407201795958008,0.02494806996582473,0.02583980920218457,0.02729970781234876,0.02840385188491196,0.031196903963542088,0.03355270392032003,0.03608691335100025,0.03805727202049437,0.03939954434715705,0.04090650582951392,0.04240623392520033
2004-12-01,2004-12,2004-12-01,2004-12-01,True,0,129,129,129,129,129,0.02205724078258694,0.023801713998842657,0.025108732542579917,0.026390487264546375,0.02759691579375001,0.02854530265781986,0.029207281202300442,0.02991963645401995,0.031380666625354214,0.032556756965940084,0.03500638610659685,0.037192940016097756,0.03927785046923115,0.04099505606674755,0.042188727786571685,0.0437026050250696,0.044443619289978
2005-01-03,2005-01,2005-01-01,2005-01-03,False,2,131,131,131,131,131,0.022760573773663525,0.02591866168496602,0.0268745017318578,0.027728325781968075,0.02853210955467801,0.029731345719602297,0.030228032463374344,0.030660003038207546,0.0317349242550694,0.03251524558577966,0.03463964323438681,0.03632214533153062,0.038290989458477635,0.039733901656379814,0.040693837258530395,0.0420904610058471,0.04345325186448608
2005-02-01,2005-02,2005-02-01,2005-02-01,True,0,132,132,132,132,132,0.024958830524257795,0.027526603460024775,0.028499032482961865,0.029479747071368814,0.030595436583229187,0.03134763463396797,0.032015515573491256,0.03265377516274167,0.03342337190373164,0.034173793589946926,0.03559816408667365,0.0370746768546556,0.038258409184998156,0.039449040340264196,0.04036597350091493,0.04134815675978211,0.04271344502196619
2005-03-01,2005-03,2005-03-01,2005-03-01,True,0,133,133,133,133,133,0.02737536335210931,0.029745411729524922,0.030967073273109533,0.032154390035088506,0.033399193003952395,0.03410818023009731,0.03489796375611152,0.03554165167231225,0.036429942408437756,0.037265640642811675,0.03863934692606389,0.04002123019592436,0.04098203497836455,0.04185551929364926,0.042654455080560115,0.04361989381811837,0.04442215546475992
2005-04-01,2005-04,2005-04-01,2005-04-01,True,0,134,134,134,134,134,0.02784879679361672,0.03105239094400609,0.03256376161710506,0.03390977011740268,0.03508232962417161,0.03575585759190575,0.036481892285992794,0.037020309021433544,0.03780847003215295,0.03873779686902762,0.039985563160498026,0.04108202970014227,0.04201654052492013,0.042745193637759867,0.04334709146734268,0.04452897410828195,0.0453271446431857
2005-05-02,2005-05,2005-05-01,2005-05-02,False,1,135,135,135,135,135,0.02898170096536143,0.03149497038993049,0.03252592284559646,0.03352723371373572,0.03439445519373549,0.03493126670084552,0.035588910987614054,0.03604140919532695,0.03629467510859377,0.03686262246778473,0.037695886728063496,0.03860171625841327,0.039324994478353456,0.039811869265515394,0.03999488969703469,0.04176934351398902,0.042721888143712965
2005-06-01,2005-06,2005-06-01,2005-06-01,True,0,134,134,134,134,134,0.0296037758099886,0.030941973752079736,0.03194170999260933,0.03290629598880776,0.03350057968850962,0.03409264079023871,0.03438319835123596,0.034555249603472594,0.03455626987333022,0.03497770776060209,0.035458344170219,0.03607387264826224,0.03650727982147506,0.03641046119567562,0.03729464756258767,0.03880195950068243,0.039169954292645894
2005-07-01,2005-07,2005-07-01,2005-07-01,True,0,136,136,136,136,136,0.031474170130043486,0.03345563797365074,0.034957381896203295,0.036270576747178394,0.036242722113736844,0.036667836752784955,0.03709682411995214,0.03710957047962989,0.03714572156864222,0.0374427038202117,0.03772206121217142,0.038013096277189025,0.03867898468947655,0.038762052773882776,0.03931551381017111,0.04022474024673992,0.040755552279303164
2005-08-01,2005-08,2005-08-01,2005-08-01,True,0,136,136,136,136,136,0.03429141677982209,0.036775024839873514,0.037839786959195564,0.03883846734990588,0.03921834826114221,0.03958755672904183,0.03992481467704209,0.039960071691793816,0.04009031168780804,0.040438974500413984,0.04114564909552704,0.04127985224844208,0.041506730963442685,0.04141979849809301,0.0422468447781011,0.0428530151332834,0.043609499216773824
2005-09-01,2005-09,2005-09-01,2005-09-01,True,0,138,138,138,138,138,0.034142910153054117,0.035941970555650876,0.0362129987123602,0.03639097570442942,0.03668692426927575,0.036907959491166514,0.03693799371183748,0.03691184324250705,0.03708074856047594,0.037261457723061865,0.037679328985800946,0.038027755981415265,0.038465679370442714,0.038567589531811164,0.03954710591479905,0.04014826634768144,0.04089423294625282
2005-10-03,2005-10,2005-10-01,2005-10-03,False,2,139,139,139,139,139,0.03575586376287379,0.03958295095280114,0.040565972696099795,0.04138978762426114,0.041521800533234746,0.04173407878631066,0.04187741600713675,0.0416649879799269,0.04172983612779222,0.0418516680257203,0.042080833809653474,0.04202915605901267,0.042568359957551094,0.04289481698419004,0.04335420574786363,0.04369935778300705,0.04438381595533489
2005-11-01,2005-11,2005-11-01,2005-11-01,True,0,139,139,139,139,139,0.03918310561823526,0.04205866782869351,0.042758329918984046,0.04338246880777141,0.0435819125013399,0.04383742940660715,0.04360791124694912,0.04362060804079805,0.04375042944485659,0.04398507424021886,0.04421498622394351,0.04414537219106177,0.04458929579203237,0.04475131199590636,0.04527779120181986,0.04556327910189163,0.046344863592648215
2005-12-01,2005-12,2005-12-01,2005-12-01,True,0,140,140,140,140,140,0.03957684550041907,0.04278981973583428,0.043518622963218324,0.043980141776532145,0.04418938306701003,0.04376074874321034,0.043802274380422966,0.04382765860937452,0.04370585649810605,0.04376100664416925,0.044004236726862114,0.04397073587646213,0.04437066081144851,0.044629817116424865,0.04504127111730615,0.04524034772663973,0.045609996953995965
2006-01-03,2006-01,2006-01-01,2006-01-03,False,2,141,141,141,141,141,0.041229047863105675,0.04340631584811629,0.04350985433347402,0.043528685635598384,0.04341377723966481,0.043117492721658504,0.04298645824444707,0.04284563406969169,0.04266178036790979,0.042662600962264936,0.04259642337904313,0.04250445359743174,0.04267225110337086,0.042876580307575095,0.04319834923590542,0.0435301450475124,0.04406226235437774
2006-02-01,2006-02,2006-02-01,2006-02-01,True,0,141,141,141,141,141,0.04446211773046237,0.045551457603695285,0.04570912331059738,0.045855204503845746,0.04582311354084645,0.04564899439827976,0.045397028811002445,0.045304820546555324,0.04482360946098846,0.044990039104664106,0.04509109339268635,0.044634073588310966,0.045103416546196436,0.04521347832741945,0.045383451305968256,0.04538781883879868,0.04584536477921453
2006-03-01,2006-03,2006-03-01,2006-03-01,True,0,143,143,143,143,143,0.045796041721399436,0.046901256600385605,0.04691894305147104,0.046924395462890955,0.046904450410607514,0.046625526975393065,0.04658471604721827,0.04641231014027343,0.04612808957716755,0.04620531342125747,0.046131269702474074,0.04570749199133407,0.045869931644537454,0.04585724175491078,0.045979173599384415,0.04596349228234371,0.04579785825435823
2006-04-03,2006-04,2006-04-01,2006-04-03,False,2,145,145,145,145,145,0.04622671548883179,0.047838583794197184,0.048148730818723263,0.04845041432723407,0.04856964162222919,0.048180449250685826,0.04811444839101402,0.04787631411055666,0.047767177800024416,0.04779245103037859,0.047875508057788965,0.04773528155449784,0.04803756196440818,0.04812341632338046,0.048408354616460696,0.04849289395907255,0.04883635342444893
2006-05-01,2006-05,2006-05-01,2006-05-01,True,0,146,146,145,145,145,0.047711665959602294,0.04919695765157633,0.04931068914529194,0.049310681263242596,0.04941388333395704,0.049020412984357734,0.04911038911783549,0.048853321032085686,0.04892977248888512,0.0489708294595905,0.049287274238338646,0.049513368197763516,0.04981469447211459,0.050212849282838035,0.05063181387122935,0.050840768105301595,0.0516725517683117
2006-06-01,2006-06,2006-06-01,2006-06-01,True,0,146,146,146,146,146,0.04798569885281108,0.04994303721228751,0.050244131754473446,0.05036583505877936,0.04994647928429059,0.04985672454384094,0.049807289641270264,0.04957567920973374,0.04951001841988661,0.04942541279282946,0.049461920723301626,0.04960226459391837,0.04976559473681636,0.05012947922199369,0.050430772166805686,0.05065862260299766,0.05098404830319932
2006-07-03,2006-07,2006-07-01,2006-07-03,False,2,147,147,147,147,147,0.050287462650806226,0.05224975774426136,0.052190160891007,0.05204688773035488,0.05188275948647585,0.05144116159703894,0.0512920612465869,0.05092920204563107,0.05071702650999369,0.050686011831201125,0.05032866290794024,0.0503738063736247,0.05046561816023584,0.05059819179350689,0.050818696872574724,0.050968936295597615,0.0513176621642359
2006-08-01,2006-08,2006-08-01,2006-08-01,True,0,148,148,148,148,148,0.050793322678258215,0.05104070821796771,0.05074248297645639,0.05040356304757902,0.04986957098514263,0.04947197822368419,0.04929665327016495,0.0488047234689776,0.0485763740127888,0.048408132191268105,0.048100598459472434,0.048269748112198495,0.04835524429634373,0.048689605241852695,0.04892393377342322,0.04920322117521399,0.04966668965081265
2006-09-01,2006-09,2006-09-01,2006-09-01,True,0,148,148,148,148,148,0.04995064810781335,0.05047480556189282,0.04981158752417088,0.049171731328134315,0.048534043403808104,0.04803121150503448,0.04744864375878873,0.04701204608725624,0.04640179499555458,0.04620987080209947,0.046142114778477746,0.046249167229470194,0.04623452468801244,0.046608683444306416,0.046800355786001384,0.046943987507824275,0.04688309174781546
2006-10-02,2006-10,2006-10-01,2006-10-02,False,1,149,149,149,149,149,0.04858807891150029,0.049527459662027803,0.04892404119953028,0.04826003732077639,0.04750121380585397,0.046847695719416244,0.046260193172095156,0.04578845543333119,0.045223368086487144,0.045025221010735535,0.04486468792778342,0.04490129700448733,0.04490907758500817,0.04527115404674851,0.045401498377118786,0.045680789864157224,0.04594737958867769
2006-11-01,2006-11,2006-11-01,2006-11-01,True,0,149,149,149,149,149,0.05031416503216029,0.05034707973356218,0.049217958049655536,0.04808705733427746,0.047413064704343325,0.04676325262233779,0.046266908098824604,0.04580072478834328,0.04521508196950526,0.04492957721925166,0.04462080611603324,0.04466301698316939,0.04454370268837325,0.04485040109023095,0.045019121024854995,0.045210488481929365,0.0455979135380876
2006-12-01,2006-12,2006-12-01,2006-12-01,True,0,152,152,152,152,152,0.049923378203634954,0.049902604492379404,0.04864534061563521,0.04737471386973004,0.046197362219114906,0.045426953411150585,0.04492927406326026,0.044600974674858435,0.04384956762442834,0.04350870706690302,0.043243139568944954,0.043337373477882295,0.043111569049274066,0.04355272222835648,0.04375445097822226,0.04397585844821326,0.0442166071595622
2007-01-02,2007-01,2007-01-01,2007-01-02,False,1,153,153,153,153,153,0.05024583466566851,0.05029185482721755,0.04985668817653986,0.04935815567430996,0.04878662396255723,0.04827412470509675,0.04758051101261848,0.04724200743754546,0.046620647163677816,0.0463883881851729,0.04614686383223799,0.0461812253394242,0.04597156793109651,0.04629374648629624,0.04626889512938819,0.046390319620835875,0.0466458028077169
2007-02-01,2007-02,2007-02-01,2007-02-01,True,0,154,154,154,154,154,0.05095542587324883,0.050971919292489225,0.05064643009570286,0.05022092268557351,0.049798970352355386,0.049598264039057115,0.049141140163911745,0.048905295473144636,0.04851716074336148,0.048057231460321634,0.04762120974579963,0.04773420696445564,0.047555584891236805,0.04785350831780722,0.04785027096363799,0.04787850485346458,0.04819338929846081
2007-03-01,2007-03,2007-03-01,2007-03-01,True,0,156,156,156,156,156,0.0509462423454635,0.050333605922913575,0.04923756385182654,0.04813702041858803,0.046972022281017524,0.04648269375268766,0.04589209681337786,0.045499293947407815,0.0451354528855327,0.04466436850765241,0.044399822113073126,0.044379794861677015,0.04428884194516424,0.044846417256399984,0.045122284249877145,0.04525369502760852,0.04517713872747533
2007-04-02,2007-04,2007-04-01,2007-04-02,False,1,156,156,156,156,156,0.050065533420541104,0.049995524585237996,0.04922166676394883,0.04838250632161476,0.04750563876150644,0.04664011258306865,0.04596183024690155,0.04521774343684787,0.04501397187687482,0.044736416780031346,0.04475631992416472,0.04474460824832163,0.04482332322538866,0.04548572677076348,0.045901940822561625,0.0461680262691542,0.04650209650142098
2007-05-01,2007-05,2007-05-01,2007-05-01,True,0,158,158,158,158,158,0.048414912607885996,0.04932508251018419,0.04909356908048953,0.048768324736062,0.047792513425959894,0.04714243018221286,0.04640491074818697,0.04568361526931869,0.045163609691345065,0.04477412612335349,0.04473187461686087,0.04477209155737859,0.0447122002746787,0.045308965568429886,0.04568186381995582,0.04599630108939366,0.04655562066975097
2007-06-01,2007-06,2007-06-01,2007-06-01,True,0,158,158,158,158,158,0.04757415446843851,0.049143073530866645,0.04967773386323679,0.05005614822782627,0.049947654812989926,0.0495268374235416,0.049391417577304864,0.04903382471170695,0.048710565114269556,0.048509684360589056,0.048589305611476265,0.048556302459836935,0.0484103209617552,0.04887321866421587,0.049072668625850004,0.04918946912589578,0.049416339251912744
2007-07-02,2007-07,2007-07-01,2007-07-02,False,1,158,158,158,158,158,0.0486597493129971,0.04926568978036902,0.049297992188287613,0.04917814332973083,0.048622988692798456,0.04834611797915629,0.0481804529508219,0.04778089720226196,0.04780660243549298,0.04769220375175629,0.04805974424691146,0.048292613297632916,0.04809124995189064,0.048824145547439385,0.04940588343182897,0.04966876926899175,0.05018478446942349
2007-08-01,2007-08,2007-08-01,2007-08-01,True,0,159,159,159,159,159,0.04842491810041428,0.04887011581720397,0.04836613137754339,0.047837902344099896,0.046920866282181374,0.04627014786988989,0.045896848730208155,0.04538932872974559,0.045316771411192086,0.04515630846285263,0.04570445768903242,0.04584815006405293,0.04610085117188576,0.0469383480271173,0.047524216115155955,0.04779493337363989,0.0486026835085436
2007-09-04,2007-09,2007-09-01,2007-09-04,False,3,160,160,160,160,160,0.04418439746636538,0.04463055589575452,0.0435523304989581,0.04235039617837467,0.041384635677242626,0.0417563764090241,0.041245191519645084,0.04084665033887647,0.04132438240173652,0.04108876264509839,0.04186098118392186,0.04213198990576677,0.04270645215442432,0.04364691150695664,0.04498295700633114,0.04537809090917221,0.04625356381401106
2007-10-01,2007-10,2007-10-01,2007-10-01,True,0,161,161,161,161,161,0.038930577407071315,0.04113942624925827,0.04104303459485269,0.04096448808567482,0.04016295600093474,0.03977520799858335,0.03978805715894596,0.03963803206991787,0.039800158000839525,0.04007147812815893,0.04101540002346561,0.04196194382581345,0.04244089631051699,0.04351636318077219,0.044703478676410356,0.04539623079746478,0.04633531938508071
2007-11-01,2007-11,2007-11-01,2007-11-01,True,0,161,161,161,161,161,0.03773514899384529,0.03893061898498225,0.03878487208035104,0.03860818224111929,0.03783825267313356,0.03752012109866463,0.0374532965997366,0.037160879668375196,0.03722205721663156,0.037644341805819,0.03899884336105391,0.03985366992947627,0.040410129185629466,0.041613136936185374,0.04277375636158242,0.043537197248694356,0.044575462495472694
2007-12-03,2007-12,2007-12-01,2007-12-03,False,2,159,159,159,159,159,0.030027276658889806,0.03214754717896879,0.030682444337599993,0.029102934257457327,0.029182087144478515,0.02867314797115773,0.028820837188814813,0.028325212321710792,0.02810147795371141,0.02879377373352891,0.03129247088151586,0.032378921879354344,0.034022456212842715,0.03651711223618234,0.038419361184837145,0.03927599682606935,0.03913263963655719
2008-01-02,2008-01,2008-01-01,2008-01-02,False,1,158,158,158,158,158,0.032288215705201975,0.03269995009007896,0.031047787343288412,0.02935499487289367,0.029190966512486625,0.029002531638787184,0.028551226423914,0.028510642621800076,0.028207090806876948,0.028497232573009082,0.03126251660197115,0.032777299537096044,0.03430283308926454,0.03672407411656249,0.038678525341636336,0.039628388111251904,0.04023064042435686
2008-02-01,2008-02,2008-02-01,2008-02-01,True,0,160,160,160,160,160,0.020910610899895262,0.02123927276382452,0.02119282413186841,0.021048832542195493,0.020351144049262394,0.020414151815563022,0.020423267423948458,0.020566666545534164,0.021039269259416928,0.021858983181206073,0.02522618798213952,0.027468185174142117,0.030040174964245173,0.03339537790876187,0.035462724898170796,0.03649699099296844,0.03808447436735904
2008-03-03,2008-03,2008-03-01,2008-03-03,False,2,161,161,161,161,161,0.016760315614494353,0.017971586063160714,0.01696891103244981,0.01597403709731234,0.015582087576766884,0.015585661418720703,0.016140938353261202,0.016284996335808072,0.017205924333884594,0.01863401471533531,0.022577162503633164,0.025234611667570562,0.02827967572221658,0.032243259835665554,0.03484607361915145,0.03645763580170628,0.037004994086152106
2008-04-01,2008-04,2008-04-01,2008-04-01,True,0,160,160,160,160,160,0.013825846987787193,0.015256871189823908,0.015870682117849567,0.01647304630208699,0.017140880665634753,0.016970849621144656,0.01776999761753004,0.017859147509779294,0.017719497525779733,0.019543679166149547,0.02455873647810026,0.026589515218733362,0.027747161806183435,0.030998271138859262,0.03441242850494672,0.036961763259698334,0.038722596485135416
2008-05-01,2008-05,2008-05-01,2008-05-01,True,0,160,160,160,160,160,0.013909223334976076,0.016073556288782785,0.018132256002134667,0.02001749273580235,0.02142607140513632,0.02250587877013595,0.02312145385941498,0.02349548533551566,0.0231271462947963,0.025405442184610886,0.029139340524287353,0.030854116201248512,0.03185183795974402,0.03439099180299745,0.03696413325146001,0.03897770637394426,0.04095456144763955
2008-06-02,2008-06,2008-06-01,2008-06-02,False,1,159,159,159,159,159,0.018390799691033976,0.01984232793067039,0.02048862877974199,0.021109228900101893,0.02244477904648614,0.023324516904835824,0.024011633987375366,0.02496052983536786,0.026213647842235788,0.02798998463324581,0.03108464417155289,0.03285046817786595,0.03423344028825579,0.03653328019615774,0.039208508286135244,0.041292637074131194,0.041914844449044836
2008-07-01,2008-07,2008-07-01,2008-07-01,True,0,160,160,160,160,160,0.018241674854227265,0.02128322171753803,0.02245912269910747,0.023226826602118122,0.023577597618528873,0.02441320930877155,0.02509652549660321,0.026406219755886914,0.02726883684730795,0.029320131776399402,0.032274060164831184,0.03359526651222166,0.03451553105202951,0.03687087963832302,0.03924699311132527,0.04175953085262015,0.04272094974974828
2008-08-01,2008-08,2008-08-01,2008-08-01,True,0,162,162,162,162,162,0.01665797825320729,0.018733196598187264,0.020851724250533256,0.022394771849512222,0.022063419386793893,0.02263372219555604,0.023168626726184752,0.024808631267991134,0.025795415248514215,0.027802082076450733,0.030272583919833094,0.03216357327921574,0.033503835642649374,0.03594623118754225,0.03811083918664316,0.040969486448494186,0.042565688394947614
2008-09-02,2008-09,2008-09-01,2008-09-02,False,1,163,163,163,163,163,0.016995468778600777,0.019473034652900137,0.020131438406092,0.020886862539453946,0.020757726302428357,0.020851510019835016,0.021503600456218176,0.022326321270991656,0.02364545971451365,0.025107484398170454,0.02778037415121135,0.02994381424221606,0.03123237055279676,0.03356866975324555,0.03573634748162766,0.038349957389039555,0.03879641180983444
2008-10-01,2008-10,2008-10-01,2008-10-01,True,0,163,162,162,162,162,0.0076104258559046446,0.014473879957467885,0.016022355190869045,0.01686899902311632,0.017522527905621928,0.017061196512174245,0.01715015953201427,0.018082662165906843,0.01883771170220556,0.021837146700358804,0.025435362579855583,0.028801026703081368,0.03000800897098393,0.03451679457242143,0.03760353659865521,0.038833814398044716,0.04045534446591787
2008-11-03,2008-11,2008-11-01,2008-11-03,False,2,167,164,159,162,160,0.004677988864478172,0.010471786004212879,0.011818411869152076,0.013208508190713487,0.013557780914624458,0.012289214647339097,0.012548680826750267,0.01385181817535112,0.014240957390191341,0.01689196052413724,0.020027892877262643,0.027251072807104867,0.028877336732544383,0.03893080952842278,0.03998603721065474,0.03959901665215089,0.04976797381919898
2008-12-01,2008-12,2008-12-01,2008-12-01,True,0,169,165,160,165,160,0.00041967193503481427,0.004039387905273145,0.00681958183949194,0.007330525349955968,0.005965862019319004,0.007008537505528708,0.00748496861111627,0.008927308202038318,0.008924964962703634,0.011431373936657972,0.010220029957406456,0.017408099257533678,0.017938552305123572,0.030353336347581177,0.02974475822268274,0.028002465726334268,0.03369246887114176
2009-01-02,2009-01,2009-01-01,2009-01-02,False,1,171,169,165,169,165,0.0008688339528487082,0.002793544456140976,0.002774903920610983,0.003819199049496538,0.004529710198919533,0.005213719272279838,0.0060924802335762035,0.008018801924181257,0.009565472629051046,0.011055040030244032,0.011589461761339176,0.016627393884485614,0.016894566845284478,0.022950533700735683,0.024739300127408628,0.02393175701588635,0.03112288003398761
2009-02-02,2009-02,2009-02-01,2009-02-02,False,1,172,167,165,166,166,0.002572387798317021,0.0038142278638588598,0.004307137612276005,0.005126554491899943,0.004860856767958622,0.005651590492976771,0.007308614262356487,0.00861848008198749,0.009866792144644488,0.01250316747661948,0.013759269339621356,0.017472332089138645,0.022420634396392834,0.023339786901792357,0.027390712328509554,0.027938559305535845,0.036921998250143334
2009-03-02,2009-03,2009-03-01,2009-03-02,False,1,174,173,170,173,170,0.00263517061541809,0.004348422303544338,0.006128868280814691,0.006406607890828276,0.0065438189573096975,0.00693103974271096,0.008054992340127333,0.008615949174314652,0.010343652330484492,0.012538850277100319,0.015125187207018472,0.018363679435746332,0.02376480540746152,0.02780254347145089,0.03090848088494426,0.02935929614273812,0.03390209235429985
2009-04-01,2009-04,2009-04-01,2009-04-01,True,0,174,174,174,174,174,0.0019997744937685228,0.00389499113672033,0.004726953979963638,0.005828109427726978,0.006142699410553745,0.006422314600934651,0.007582205513481637,0.007960127529956194,0.009442849688800471,0.011708032205712374,0.013192795742031796,0.01656013157303641,0.01961478510152468,0.022940115164657656,0.025660143934958784,0.02727148690600551,0.03074081017854714
2009-05-01,2009-05,2009-05-01,2009-05-01,True,0,177,177,177,177,177,0.001458731182883122,0.0029762201272089204,0.0038195870144605527,0.0051436980974783365,0.005993084943253879,0.007339953048681155,0.008030724226267693,0.009007374147438855,0.011811266401939816,0.01376408445963385,0.016938675363001945,0.02027214301516758,0.023684494913139207,0.027751877590010892,0.03159862403428851,0.033162875240919355,0.03656427463796079
2009-06-01,2009-06,2009-06-01,2009-06-01,True,0,180,180,179,180,179,0.0011438428989964818,0.0028227447898663614,0.003453596612515647,0.004821376188148091,0.005731195803068808,0.006751294249877968,0.008328653066010688,0.009558341394048384,0.012055998869827668,0.01456065405162167,0.020540865674303067,0.025619840172512207,0.0296823486611241,0.03354993400256963,0.03682766662039509,0.03826424316180762,0.04180650585697361
2009-07-01,2009-07,2009-07-01,2009-07-01,True,0,182,182,182,182,182,0.0016569683217064713,0.0031903285510919118,0.004241189936707674,0.005316313993357532,0.005156161971481479,0.0068681061591961325,0.00881334532148112,0.010633475506673597,0.012481671847337455,0.01560742474083364,0.02117976123811278,0.025508816875289542,0.029755432925576784,0.032926736902115596,0.03607760282798988,0.03652046625414637,0.03829813268491115
2009-08-03,2009-08,2009-08-01,2009-08-03,False,2,185,185,185,185,185,0.001836409481366165,0.0027317318548639425,0.003315672582428903,0.005011900767617864,0.00746633155384265,0.009169871477542694,0.01057067624553363,0.011871981823568805,0.014677380101459333,0.017054768051467408,0.0223765309512661,0.026998443167367433,0.031234191734300285,0.03376268960717008,0.036735947330652184,0.03724782766755795,0.04055832494559518
2009-09-01,2009-09,2009-09-01,2009-09-01,True,0,189,189,189,189,189,0.0013128345013615616,0.0022487474462986093,0.002923224403673758,0.0038704864728130147,0.004207420143644264,0.0060450445550909735,0.007446461042749694,0.009201039898078436,0.012105203947560917,0.014093266123627685,0.018957218369429416,0.023539582338533312,0.028079825881252695,0.030557958574975872,0.03418954250169651,0.03498017537393347,0.03668227224930441
2009-10-01,2009-10,2009-10-01,2009-10-01,True,0,189,189,189,189,189,0.0009526442938487399,0.0014667027929403343,0.002440749969877745,0.003318525647622292,0.004160469406469032,0.005485752768477211,0.007097412384960278,0.008754441358452852,0.010868737519445032,0.013221899066980815,0.01780712796819852,0.022199693705682234,0.026573758712008323,0.028661465622794296,0.031474024725293766,0.03296016348007284,0.034727293010319925
2009-11-02,2009-11,2009-11-01,2009-11-02,False,1,191,191,191,191,191,0.0005308814060835293,0.001616379057247218,0.0024619948975354612,0.0038371298509759923,0.005005046316738924,0.006219471231239409,0.007455149947969346,0.0091632794268065,0.011919356293891327,0.014191205475523171,0.019176461381173262,0.023654304465865316,0.027833405071560343,0.030826646552253235,0.03321590589980892,0.035446679791213825,0.03706436107067935
2009-12-01,2009-12,2009-12-01,2009-12-01,True,0,195,195,195,195,195,0.00047674726010998435,0.0014209213015411977,0.0018579814366359124,0.002722700966904528,0.003612698670931181,0.004182657194249383,0.005357433339800179,0.006652378524914704,0.008915088934586562,0.01105130981581085,0.01605130388233423,0.020704935372806366,0.024831421227433183,0.02822657957734486,0.03127299299161959,0.03413065077617296,0.03456621433037177
2010-01-04,2010-01,2010-01-01,2010-01-04,False,3,195,195,195,195,195,0.0007084611609625423,0.0017590830445844477,0.003143002324571879,0.004398228289595552,0.006524654235765516,0.007826057603059622,0.009340884332042105,0.010822467997792705,0.01356544604922778,0.016149379751751188,0.02165621416853026,0.026826751705781984,0.03098564593368167,0.03439979993815671,0.03681923605739009,0.0390228134292835,0.04059556746129817
2010-02-01,2010-02,2010-02-01,2010-02-01,True,0,196,196,196,196,196,0.0009093788639164634,0.0016235400384699403,0.002292149805349985,0.003188951568338987,0.004281251585270394,0.005470908362137242,0.006994309952983984,0.0085601489842358,0.011309814006674846,0.01370308209139275,0.01908058919473267,0.024109730385003962,0.028517173771896394,0.03208113964870054,0.03469696494177532,0.03751789553420235,0.039916692829406
2010-03-01,2010-03,2010-03-01,2010-03-01,True,0,199,199,199,199,199,0.0012489481158525016,0.0018524722320311818,0.00238235621105112,0.003064789751282128,0.0037112401414881088,0.005012220576478639,0.00634055375731582,0.007979896525198002,0.010237871201152321,0.01329664547363612,0.018276283314645408,0.02322687910213684,0.02777346085481958,0.03129497444367343,0.03409924799791633,0.0368488677179272,0.038788346026832704
2010-04-01,2010-04,2010-04-01,2010-04-01,True,0,202,202,202,202,202,0.0015695149415251462,0.0023716361403899357,0.0029897271898367203,0.004338867787344731,0.005899684766290259,0.007458731007498761,0.009026533491951722,0.010520807165062608,0.013252044464429616,0.015998001590779364,0.021785237865108917,0.0262592067821725,0.030724953813327086,0.034042210349860894,0.03656639287143865,0.03899065956729458,0.04170517751542252
2010-05-03,2010-05,2010-05-01,2010-05-03,False,2,204,204,204,204,204,0.0016431468520087989,0.00242786749902768,0.003050949067711847,0.004434375525057594,0.005845999585841291,0.007172739182046822,0.008467250308686674,0.009756308428985942,0.012101566908816544,0.015136540280143043,0.020511516445584008,0.02495217639589601,0.029038488396245746,0.03234282035241875,0.034920142900494645,0.036961610039101075,0.03996950512278063
2010-06-01,2010-06,2010-06-01,2010-06-01,True,0,208,208,208,208,208,0.0015221645864694157,0.0021904804478185967,0.002610877571382319,0.0036696504111249266,0.005390466491787016,0.006097036640999072,0.0067752905341806995,0.007417595943175431,0.009656683887469427,0.011893357955065395,0.017163219756595613,0.02088980506161103,0.025369483705781966,0.027777801360706632,0.0304775081285192,0.03329408121596849,0.035398305436293395
2010-07-01,2010-07,2010-07-01,2010-07-01,True,0,210,210,210,210,210,0.001669881544897411,0.0022011353306161875,0.0022318600510345767,0.0031208447945140967,0.0042448571226275135,0.0049637169246469414,0.00552244929547619,0.006003415215953006,0.007338509825542625,0.009760017322929214,0.014925371428930701,0.018293101181880635,0.0224327760340017,0.02490189656466378,0.026896964076882836,0.029984772701639854,0.032442179832376704
2010-08-02,2010-08,2010-08-01,2010-08-02,False,1,212,212,212,212,212,0.0014206689243974472,0.0019363473007606386,0.0021465084814653174,0.002820748312482497,0.0036445823918644414,0.004430432682059414,0.004814378553101394,0.0053772961441793925,0.006156682076794912,0.008179061690084068,0.012516194264234342,0.01662990444708712,0.02103960917289413,0.024083193620744743,0.026095526809180765,0.02990973606425039,0.032876411785418475
2010-09-01,2010-09,2010-09-01,2010-09-01,True,0,214,214,214,214,214,0.0012988254334437483,0.0018456722877837055,0.0019290465097632217,0.0025087729062244456,0.003617835929851331,0.00410043109623215,0.00457635614451565,0.0049504546137735675,0.00591999690314092,0.007367697789390113,0.011042253949502074,0.014189959327398909,0.01804838344331949,0.020559316406342402,0.02305904125715887,0.02614052963156311,0.027727696979156176
2010-10-01,2010-10,2010-10-01,2010-10-01,True,0,216,216,216,216,216,0.0014793458441050731,0.0018796737562445096,0.0020701818082767237,0.0025102429492269663,0.002713504387224639,0.003185226704299753,0.0035033101066686513,0.004178144613690568,0.004797988065430129,0.006424005715290308,0.00954316308707156,0.012710341156640076,0.016562365447130443,0.01934729278247307,0.0223459932707895,0.02538347888671749,0.02742401701409816
2010-11-01,2010-11,2010-11-01,2010-11-01,True,0,218,218,218,218,218,0.0011787217443201322,0.001539678989299371,0.00190370213607747,0.0022903988981467244,0.002523532013171993,0.0026051627291739654,0.003052634377997326,0.0031528982370842575,0.003581233722998941,0.005001327118177456,0.00819465610984413,0.01180594795778592,0.01600741793094395,0.01947760584052885,0.023176424582556185,0.02605803903370703,0.02888229231877262
2010-12-01,2010-12,2010-12-01,2010-12-01,True,0,220,220,220,220,220,0.001557961189318136,0.002000726244204016,0.0023645508745782882,0.003075949231693002,0.0037833078830385894,0.00460988978276734,0.004973572329961025,0.005211259173572562,0.00653979991202855,0.008431818993168009,0.012610375351992945,0.016524090128269074,0.02032562267781136,0.023814989497120017,0.026222094603305657,0.028966270301184763,0.030936353996624685
2011-01-03,2011-01,2011-01-01,2011-01-03,False,2,222,222,222,222,222,0.0013427389354144868,0.0018687945987700264,0.0022118996174713,0.003066706905900708,0.0034444184739565167,0.0038657818053845928,0.0050578996741605965,0.005803297004190897,0.007600958997799627,0.01029916841589576,0.015484005943904507,0.020396962188298756,0.02472896163919065,0.027990390264435436,0.030156436850224122,0.032915997631222174,0.03528742316521707
2011-02-01,2011-02,2011-02-01,2011-02-01,True,0,223,223,223,223,223,0.0015221645864606287,0.0016752180955051813,0.0019858701635595568,0.002899629404911642,0.003518761417701484,0.004149510766701121,0.005049515268921381,0.00577247638316417,0.007829477013500915,0.010226011697953095,0.015351176578407661,0.02045042482398946,0.024992550019800323,0.028507414119046753,0.030989310630605327,0.033959198322753965,0.0366441773165971
2011-03-01,2011-03,2011-03-01,2011-03-01,True,0,228,228,228,228,228,0.0013130592799663317,0.0016040479780272626,0.0017357188176377058,0.0029463657143085635,0.002662240528349158,0.003713642957038043,0.00504265594580121,0.006346608268381246,0.008519068745727705,0.011332693248151724,0.01624515862538949,0.021306667472378377,0.0254057469389057,0.028753070884039163,0.031070699464100047,0.033722161740745674,0.035872546365550526
2011-04-01,2011-04,2011-04-01,2011-04-01,True,0,229,229,229,229,229,0.0006214817591686511,0.0014757679948672556,0.0018704921515579039,0.0032819651518088406,0.003989316681058906,0.00528842122465796,0.006702253176978258,0.007956096140280531,0.010490138342695817,0.012939013773870564,0.01798118609322035,0.02273683753073087,0.026587197995009252,0.029710215367468543,0.031869452307922166,0.03428683907196765,0.03656625988228522
2011-05-02,2011-05,2011-05-01,2011-05-02,False,1,228,228,228,228,228,0.00030438658108972855,0.0009722436990972563,0.0012712001313683256,0.0022371302501968133,0.0028156821412022117,0.0038435527647784616,0.004572702631257116,0.005881506316496867,0.007815749910976945,0.010218584671766015,0.015104602043780979,0.020015396988984253,0.02395804335963201,0.02725797203287102,0.030061277557432733,0.03287913477752779,0.03565573776684604
2011-06-01,2011-06,2011-06-01,2011-06-01,True,0,232,232,232,232,232,0.000408345329392199,0.001014840765233197,0.0012048044475421128,0.002149734415100053,0.002489034303941871,0.0027506246006361677,0.0035242665031496264,0.004298315574492015,0.0056676575001256444,0.00733190088834338,0.011645257713665915,0.01616113360012683,0.019953953872241054,0.023272738097168674,0.02596305537089824,0.029077148330242237,0.03137944219298848
2011-07-01,2011-07,2011-07-01,2011-07-01,True,0,234,234,234,234,234,0.0002124341091659134,0.0009776812101533845,0.001167572725938575,0.0022970163437075345,0.0027374260414754865,0.003687913586648167,0.004348810984231268,0.004752950534633513,0.00679424997551621,0.008455924555369636,0.013257629318163443,0.01797234653950821,0.02246820593237786,0.02587180150834245,0.028537627414822183,0.03190505910773453,0.034474800142289964
2011-08-01,2011-08,2011-08-01,2011-08-01,True,0,235,235,235,235,235,0.0008547884594234118,0.0013950863747558687,0.001714685416954229,0.002684037015111011,0.0029888817282503516,0.0031417520298779892,0.0033164141444087594,0.003526888866265789,0.004340027979643501,0.0055962832079373154,0.008976066326925373,0.013362862839532473,0.017249472649034307,0.021109127734653392,0.0239951590694732,0.02727245955172579,0.030093384848102606
2011-09-01,2011-09,2011-09-01,2011-09-01,True,0,236,236,236,236,236,9.693016853884353e-05,0.00041991877614285406,0.0005860621681137094,0.0013711062682081206,0.001034840721742923,0.0012480416607638734,0.0017948894872635579,0.0018607720087413437,0.0022562748426574793,0.003168570431440589,0.005436727214844029,0.009156991119012019,0.012502831777344483,0.015026010822931146,0.017508737006477433,0.020555256960845564,0.022932420007914615
2011-10-03,2011-10,2011-10-01,2011-10-03,False,2,235,235,235,235,235,7.020621779069188e-05,0.00045706783389710964,0.0006775437409451388,0.001364968612398786,0.0017860562623274628,0.002165114511617423,0.0023923781747178133,0.0025224192793328218,0.0032575863828041025,0.003919331843101061,0.005876179976722997,0.008699439947248982,0.011056967794437662,0.013351397678511375,0.01498825472286516,0.016767110285167516,0.018784435435219786
2011-11-01,2011-11,2011-11-01,2011-11-01,True,0,238,238,238,238,238,-6.522830284931173e-14,0.0004267151343073655,0.0006319483147770111,0.0015898255902544469,0.001569868868438793,0.0018758707690953967,0.0021816880164269407,0.0024769019363816837,0.0031077652969141827,0.003954749665998605,0.006087212566307886,0.009304342382408704,0.012305318992829047,0.014890481538767155,0.01697981749331725,0.019147604660507866,0.02159485372099022
2011-12-01,2011-12,2011-12-01,2011-12-01,True,0,240,240,240,240,240,-9.80600620995821e-05,0.0004747374127589078,0.0006592501294229197,0.0015345848419927306,0.0018710087111243837,0.0024033335201229735,0.0024807964935662343,0.0026985559991938675,0.0034521778568365304,0.0042377788317257145,0.006780982427151227,0.009882374545457633,0.012835760355557767,0.015601102783769914,0.01783732138248174,0.020097620137767377,0.021912042029312302
2012-01-03,2012-01,2012-01-01,2012-01-03,False,2,239,239,239,239,239,0.0001906919497743081,0.0005277436086341643,0.0007455777665145663,0.0014151057706148127,0.0018735740195093204,0.0021495158210930597,0.0025145415030286347,0.002586756598619138,0.0034725698971819763,0.004231923725132849,0.006243314093186762,0.009110922107691325,0.011868416412450072,0.014335272705313637,0.016484723041611325,0.01867486932460962,0.020546219141350925
2012-02-01,2012-02,2012-02-01,2012-02-01,True,0,241,241,241,241,241,0.0005709706335265249,0.0008585037476462491,0.0009640905790277584,0.0015627267904653182,0.0018113666292574502,0.0020903073461311372,0.0022039341303263173,0.0023540062606687497,0.0026666321905526318,0.0031672053753632914,0.00475884743207153,0.007417352473162645,0.010200393200803012,0.012870859236033762,0.014861430002444158,0.017300382786540152,0.01942649452183536
2012-03-01,2012-03,2012-03-01,2012-03-01,True,0,243,243,243,243,243,0.0007080062791115747,0.001171643489983394,0.0013856398745639566,0.0016142191148087637,0.0022593699287036064,0.0025327725064735428,0.00280546190160341,0.0030379692911080055,0.0037501616039644354,0.004497531715614275,0.006681107246795844,0.009070849776628594,0.011651519820253878,0.014628342340318139,0.016957618786133444,0.019193278600419635,0.021026055808289777
2012-04-02,2012-04,2012-04-01,2012-04-02,False,1,244,244,244,244,244,0.0006654229466741927,0.0013103298424569903,0.0014398277071459122,0.0017945697258413495,0.0025774813884814033,0.0029718337147672837,0.003207205531393602,0.0033906292790633562,0.004379877866305409,0.005237996995787682,0.00763377902234504,0.010300753529550375,0.013339225127484122,0.016038746343184637,0.018740169660429646,0.020998029515278814,0.02283246998641471
2012-05-01,2012-05,2012-05-01,2012-05-01,True,0,245,245,245,245,245,0.0008380254319547536,0.001441318281487778,0.0015442867882987316,0.0018272390772941587,0.0023832668523295028,0.002483945647601667,0.0026539487039840917,0.0028068403366189485,0.003517200483797182,0.004210012403854941,0.006316350241568579,0.00855107732690734,0.010913418732421543,0.013673809391565199,0.016386559166485896,0.018647878613802602,0.020586647649190475
2012-06-01,2012-06,2012-06-01,2012-06-01,True,0,247,247,247,247,247,0.0007102713902875496,0.00113992015049459,0.001462776896667713,0.0017616854792351687,0.0023491848436308885,0.002573214697563109,0.0026017705970095926,0.0026214432773421542,0.0031693099288668054,0.0036570178126252343,0.005195700430754536,0.006420903109305929,0.007991792571024522,0.009432483264706647,0.0113929968728481,0.013463979537108267,0.01509268699772436
2012-07-02,2012-07,2012-07-01,2012-07-02,False,1,248,248,248,248,248,0.0008450485352431613,0.00150523007659269,0.0017202966734655937,0.0021271495891406,0.002722189086173229,0.002805068375817199,0.003053428700325864,0.0030152372556615983,0.0035004581870391356,0.004152409273397749,0.00548847593972367,0.0069574228408997765,0.008849055931892252,0.01059277561618939,0.012724300221888812,0.014844770504430267,0.016596542921518728
2012-08-01,2012-08,2012-08-01,2012-08-01,True,0,248,248,248,248,248,0.0009161749140135353,0.0013887404051303209,0.0015480813338739812,0.0017072703921762102,0.002044032937000378,0.002179247877086066,0.0023800758693140567,0.0023313549248050744,0.0028303595527897144,0.0032847088672938586,0.0048771319080042,0.006548075079204645,0.008548829915232498,0.010404222508873082,0.01232814745163719,0.014397817468971504,0.01607667428521766
2012-09-04,2012-09,2012-09-01,2012-09-04,False,3,250,250,250,250,250,0.0009709929511522819,0.0013193934374543432,0.0014211737991884315,0.0017749141728315245,0.0021019887845880646,0.002239234294836765,0.0022989096570808065,0.0023696410435343103,0.002763351450411159,0.0031633435862172786,0.004491086594019405,0.006278971663607519,0.008422366843468754,0.010413232534539131,0.012597196738306992,0.014585987958739636,0.01636720896495102
2012-10-01,2012-10,2012-10-01,2012-10-01,True,0,251,251,251,251,251,0.0007589713054755735,0.001277242654290885,0.0014719580329989543,0.0017016572270246175,0.0020686335334170873,0.002229383906810933,0.0023698083549540234,0.0023924667536960797,0.002739433742637172,0.0032039133300628617,0.004636731481383779,0.006285329503219474,0.008379674788233083,0.010604799111395023,0.012874961497882831,0.01499798959584017,0.01699528123282375
2012-11-01,2012-11,2012-11-01,2012-11-01,True,0,252,252,252,252,252,0.0009245558756788301,0.0014970705819971452,0.001609531743504271,0.0019886785861220574,0.0023586394500135256,0.0025478893622391677,0.0027210085634893698,0.002926322798311963,0.0035040288040016606,0.00393839823238257,0.005663016936049898,0.007505218342869975,0.00973976485478334,0.01189857353922736,0.014065752361691523,0.01621125403192107,0.018168941392371584
2012-12-03,2012-12,2012-12-01,2012-12-03,False,2,254,254,254,254,254,0.0007610098874238274,0.0013610929223811592,0.0015227442019784372,0.002009362367899898,0.002340745166467222,0.0024312252295036253,0.0025723076991513282,0.002621953518958963,0.003032239459584058,0.00347983253244455,0.004716742294609295,0.00631933133511826,0.00847205619915014,0.01061299590868029,0.012802956710618416,0.014915587612367675,0.016871895237565673
2013-01-02,2013-01,2013-01-01,2013-01-02,False,1,254,254,254,254,254,0.0007435690082032952,0.0011330083090939434,0.0012813595290022152,0.0017209427741349263,0.002135126306755667,0.0023021893528167503,0.002427922310508133,0.0026323151293212855,0.00315448547677516,0.003843749278126513,0.005588898202223886,0.007690695721792626,0.010070051711312283,0.012645349014424509,0.014944588961598844,0.01718397969324642,0.01921145716991797
2013-02-01,2013-02,2013-02-01,2013-02-01,True,0,257,257,257,257,257,0.0006642902452216979,0.0010461097822025555,0.0010727674811424612,0.0013917175779956643,0.0020210415904734938,0.0022870891551058105,0.0024899565836815586,0.002729618181977726,0.0034810140959759847,0.004285886443159917,0.006587331823870097,0.008927621216943443,0.011634893906683097,0.014311816355300516,0.01679184943208373,0.01911797111181185,0.02123222223583489
2013-03-01,2013-03,2013-03-01,2013-03-01,True,0,259,259,259,259,259,0.0010242263739593095,0.0012296546792060262,0.0013555485644072944,0.0015398196740295893,0.0021373114732489693,0.0021696223318424285,0.0021885740336429036,0.002498462842952087,0.002922333537896163,0.0035369353519246137,0.005398421537656059,0.007489742547145303,0.009937337538145135,0.01242549293149311,0.014862022544333263,0.017188345545200268,0.019230483609567913
2013-04-01,2013-04,2013-04-01,2013-04-01,True,0,260,260,260,260,260,0.0006595335367386546,0.001048828641090167,0.0011344179569113067,0.0013658646350356242,0.0019875302270049135,0.0021240320302444646,0.002242216103578742,0.00244864154713427,0.0029518470809242305,0.0035445177384488963,0.005482954680090093,0.007574582152742412,0.009873261929352756,0.012437433080602111,0.014852873141293688,0.01711387516515466,0.01925183370525369
2013-05-01,2013-05,2013-05-01,2013-05-01,True,0,260,260,260,260,260,0.0005073238374825342,0.000763800957189767,0.0009765579974553955,0.0010748993782403917,0.0016304247683463714,0.001756603575307963,0.0018897440312375014,0.0020826323381894084,0.002568426359898703,0.003089470055626356,0.004596454282708484,0.006515343163209288,0.008595868735046391,0.010904337075185993,0.01315509909400225,0.015316636896914983,0.017250056949551895
2013-06-03,2013-06,2013-06-01,2013-06-03,False,2,263,263,263,263,263,0.00036689787429731926,0.0007061085441340718,0.0010112302884717368,0.001451768838331851,0.0019142575280232325,0.0022306108636921665,0.0026909757134347193,0.003011070842040805,0.0038713366594703147,0.005049779517803128,0.007752750801372372,0.010407304586968459,0.012904228070669927,0.015510284867299903,0.017994783575175418,0.020186912974020164,0.021900197554141534
2013-07-01,2013-07,2013-07-01,2013-07-01,True,0,264,264,264,264,264,0.00015807894150607482,0.0008630349913445401,0.001014969546658357,0.0015205253215245745,0.0021297865805865886,0.0024904809434158023,0.0031470277750920875,0.0036207549749593805,0.005074036977409201,0.006886110160458594,0.010629635549915912,0.01398271195004954,0.016872707803690698,0.01959499011277577,0.02209143842659938,0.02405170368012353,0.025818576454657897
2013-08-01,2013-08,2013-08-01,2013-08-01,True,0,264,264,264,264,264,0.0004058539223086103,0.0007311771616759282,0.0007603049327675237,0.0013595111287015593,0.0018237688195395629,0.002198414969746569,0.002879980991085433,0.0033839215370763146,0.004838419274549156,0.006814804858944355,0.011270172265915491,0.015104150250712661,0.01862221756813163,0.021882771796497474,0.02448251762130108,0.026458494934494058,0.028556451976857036
2013-09-03,2013-09,2013-09-01,2013-09-03,False,2,265,265,265,265,265,7.926533416509087e-05,0.00045661462025292025,0.0007934485264035067,0.0014243297847790336,0.0021659435634979233,0.003002485362016233,0.0037139760214780155,0.004299516648900302,0.0061578903926045115,0.008458305981534985,0.01320480361876057,0.016997088657243257,0.020591607613762445,0.023604932967942194,0.026272691907551254,0.02820046073988568,0.02983545125455011
2013-10-01,2013-10,2013-10-01,2013-10-01,True,0,265,265,265,265,265,0.00015219039518988227,0.00047745579262842877,0.0005904261318351898,0.0011213240851115959,0.0017437070317249828,0.0023448820984381356,0.002915114224369081,0.0033183984595609958,0.004776267116721684,0.0067616195098061695,0.011024232686151669,0.014482407102735918,0.017890670451579757,0.021017277084297025,0.023810069376697267,0.026010045673983215,0.027849346667424967
2013-11-01,2013-11,2013-11-01,2013-11-01,True,0,266,266,266,266,266,0.00040585392231160097,0.00082361290149358,0.0007265996783387512,0.001300112808026698,0.0019155588883647487,0.002241122518604293,0.0027307718295305327,0.0031892189745144515,0.004528799803013727,0.006341512630957583,0.010361136276502057,0.013849598659183195,0.01729070170693294,0.02065961194898877,0.023565443722794253,0.025786689017718672,0.027686269740516155
2013-12-02,2013-12,2013-12-01,2013-12-02,False,1,268,268,268,268,268,0.000671312517509822,0.001022998187393615,0.0009134378171685024,0.0013358349589013953,0.0020452059394749683,0.002176127660100934,0.002504263016941257,0.002887814458518136,0.004120970969852297,0.005968173500661907,0.01034975126932847,0.014212660010374314,0.018439757382264183,0.02198849708537993,0.024875655772440653,0.02737768442605799,0.029180945040674405
2014-01-02,2014-01,2014-01-01,2014-01-02,False,1,270,270,270,270,270,0.0006572684564005425,0.0008902232552742316,0.0007374763048412853,0.0012982939251971037,0.0020395493384452127,0.0024042303936177723,0.0030599370582793718,0.003906447951523871,0.00556813573504495,0.007940614534969328,0.012978361008416492,0.017367574311312143,0.02119097719358547,0.024766269603925965,0.02727707513005404,0.02953110417136055,0.031222577185121912
2014-02-03,2014-02,2014-02-01,2014-02-03,False,2,271,271,271,271,271,0.00037867646210328987,0.0006251543403705946,0.000744727243029059,0.0010071649354773165,0.0016747273032792593,0.0019920046505410797,0.002397140765181262,0.003005475699910813,0.004651562172585062,0.0067041657374538,0.010927199260667764,0.014593946322726753,0.017977919243830458,0.021061255530333275,0.023507622286076096,0.02552364023860226,0.027086345414331324
2014-03-03,2014-03,2014-03-01,2014-03-03,False,2,272,272,272,272,272,0.00043507157620471137,0.0007778476050860472,0.0008887942039325331,0.0012023728268074853,0.0016518164451942603,0.0017988630635881007,0.002440856213206636,0.003020089369673345,0.004753869167034045,0.006874122512873838,0.011135415043315762,0.014830949355292583,0.018349921347389414,0.021238986563569446,0.02345766910525995,0.025549740166427994,0.027029192100507353
2014-04-01,2014-04,2014-04-01,2014-04-01,True,0,273,273,273,273,273,0.000395437046985183,0.0006142801786593122,0.0008115218434221463,0.0012155211839396307,0.0017792578208909436,0.0022880571846821437,0.0033671287303135176,0.004355853193494526,0.006706080096134177,0.009166303132451693,0.013868946655129322,0.017543185921352095,0.020957265232888427,0.023655733548818475,0.025602898257227908,0.027252083974793836,0.02853718485941042
2014-05-01,2014-05,2014-05-01,2014-05-01,True,0,274,274,274,274,274,0.00022715535129181897,0.00043124440625827453,0.0006554565829102804,0.0010052753139676686,0.001540941911327324,0.0021910179776959077,0.0030155111120953124,0.00409079831159555,0.006396194272242626,0.008743958972639295,0.013249924684744655,0.016785416169926414,0.019853524275406084,0.022557182717139756,0.024373112485587614,0.025946402955534024,0.02715951526293711
2014-06-02,2014-06,2014-06-01,2014-06-02,False,1,276,276,276,276,276,0.0002849089101654976,0.0005025994477160405,0.0006756738793474216,0.000992518821232511,0.0015619367726058824,0.0022492438563022966,0.0029618993872886083,0.0038861182728787613,0.006103013286100333,0.00844322698412883,0.012705252571362242,0.016089972222716922,0.01901049506703765,0.021550558343858592,0.023296413344718568,0.02485611873733578,0.02603091507924034
2014-07-01,2014-07,2014-07-01,2014-07-01,True,0,277,277,277,277,277,0.00024844521416625,0.0005834705178523532,0.0005562119518029287,0.0011854948936931196,0.0018176989273969413,0.0026425850843468687,0.0036059972592311505,0.004701255705174996,0.006833462448113096,0.00916041491721202,0.013447180485684456,0.01681700032856275,0.019590278800131186,0.022089530583660043,0.023739526988712133,0.025268601266585915,0.0265255063576993
2014-08-01,2014-08,2014-08-01,2014-08-01,True,0,277,277,277,277,277,0.00025841007147486947,0.0004176535420584825,0.0005704301366285151,0.0013352656987824158,0.0019627467111508726,0.0026424028991076636,0.003692834611391293,0.0048474303584084485,0.007136184425421684,0.009679125050531229,0.014141822054352412,0.016911166916832494,0.01946486919625425,0.02188748991984578,0.023355697488046143,0.024700187165278317,0.025868130929309317
2014-09-02,2014-09,2014-09-01,2014-09-02,False,1,278,278,278,278,278,0.00017755602403165597,0.0004720182931800001,0.0005127691134476495,0.0010555398769514022,0.002150904163344556,0.0032291614617460163,0.004439697854235004,0.005414871231895596,0.0077196053877705015,0.010223151644807535,0.01451296169362852,0.01713863874844411,0.019641556478107617,0.021448120313496546,0.02263758872731969,0.023975794685714345,0.024801312131777158
2014-10-01,2014-10,2014-10-01,2014-10-01,True,0,278,278,278,278,278,0.00010145962006549074,0.0003483406552337451,0.00043104249560358115,0.0010448552339294352,0.0020948752512137906,0.0030413387839911153,0.0041639426098946065,0.005393075722708075,0.007946017908086987,0.010391212202844951,0.014409395245901496,0.016956608779935073,0.01962798423527001,0.02137780190239572,0.02255206288356523,0.023658679379129525,0.02456325773991846
2014-11-03,2014-11,2014-11-01,2014-11-03,False,2,280,280,280,280,280,0.00013271343034126256,0.0005236668192017448,0.0007103975491475419,0.001407843624089728,0.0023213329200022542,0.0035277906125203867,0.004286045862121287,0.005316948146144406,0.007626623055027812,0.009905438534937718,0.013941607690705857,0.016560249082580997,0.01933557794698707,0.020813893806156177,0.02203883667118909,0.02317987251837797,0.024324746710564223
2014-12-01,2014-12,2014-12-01,2014-12-01,True,0,281,281,281,281,281,0.00012886375898164525,0.0007357082167247164,0.0009783723279375531,0.0016693684195513096,0.002211830604430427,0.0028865123470080594,0.003925418496277264,0.005031947110259172,0.007391621767155046,0.009598819913953014,0.013081895941277524,0.015514741117902337,0.018212628700593463,0.01978584909417055,0.020907773673827103,0.022119227871385802,0.02306043694325398
2015-01-02,2015-01,2015-01-01,2015-01-02,False,1,283,283,283,283,283,0.00020292181373513578,0.0011245145449075684,0.0016751143147168157,0.0027077404838718104,0.003944194991580412,0.00497038091405987,0.005817897407427182,0.006890196069458935,0.009034612220545895,0.01105214967228581,0.014350830084991103,0.016120030790037907,0.018288739142693577,0.019383787665336504,0.020154806693244435,0.02089301783955027,0.02164234315417234
2015-02-02,2015-02,2015-02-01,2015-02-02,False,1,284,284,284,284,284,0.00013271343034117571,0.0005567429312023464,0.0009671612381965778,0.001758046796484198,0.0026830478270122473,0.0030173360464427713,0.003964889384329622,0.00469832040808324,0.006306559576715318,0.008029268870614939,0.01043213759674092,0.011914532166877819,0.013981467484574605,0.014982479456140972,0.015750821613706438,0.016531820139433964,0.017145977528240347
2015-03-02,2015-03,2015-03-01,2015-03-02,False,1,284,284,284,284,284,0.0001424518833465104,0.0007606297514165723,0.0012374475581535226,0.002476126874973879,0.003831037334720723,0.004722107158368874,0.005766664413390784,0.0067681340803679435,0.00903265133233277,0.01091703352442866,0.014115558783423228,0.015883471855044226,0.018049635938624086,0.019215655275834156,0.019923935746187633,0.02078798970280096,0.021296757655487098
2015-04-01,2015-04,2015-04-01,2015-04-01,True,0,286,286,286,286,286,0.0001626086844972711,0.000984025742207616,0.0015666822169836448,0.002642279822118002,0.0036099460382135744,0.004182734347930762,0.0048597420435126425,0.005399632700835254,0.007128768109344841,0.008751205045715593,0.011458214686613174,0.013282296539363157,0.015417714918772031,0.01663922553878049,0.017566461670681394,0.018521465187851006,0.018912646726149906
2015-05-01,2015-05,2015-05-01,2015-05-01,True,0,287,287,287,287,287,0.00010145962007629309,0.0004765532968792981,0.0014260555547559658,0.00289412733409965,0.003820415110686878,0.004720264873517352,0.005386718197594169,0.006163972894222306,0.008062059671481917,0.009680008533342383,0.012967654062205446,0.015119474328243829,0.01760018425688138,0.018949306436389028,0.02007489651621254,0.021000587343335073,0.021751171275729897
2015-06-01,2015-06,2015-06-01,2015-06-01,True,0,286,286,286,286,286,5.072948834344798e-05,0.0005639153087716653,0.0016885033900673448,0.003080587347974902,0.003955346590806962,0.005072305281692226,0.005740275577661891,0.006499331200858375,0.008321278777149173,0.010037647912662158,0.013301283257861693,0.015591745645316363,0.01811929360481365,0.019509324373658328,0.020756547131676933,0.021803803521146064,0.022235746413666057
2015-07-01,2015-07,2015-07-01,2015-07-01,True,0,285,285,285,285,285,0.0001472079192667455,0.001121340475356846,0.0017250014120987912,0.0033456999954600696,0.00436438914332262,0.005285053462686511,0.006024530617467377,0.0069213055911421986,0.008969793540137912,0.010908532944889887,0.01457246391515941,0.017218590711940877,0.020165829787770543,0.021789990485064845,0.0232914716695466,0.024354212805274573,0.024727412867218038
2015-08-03,2015-08,2015-08-01,2015-08-03,False,2,282,282,282,282,282,0.0005657610873015652,0.0014295331568826696,0.0021352906269021077,0.003553730816125795,0.004385743236082722,0.005207993687343504,0.006022518743654953,0.006749174729865595,0.008355166713513723,0.009901585710312388,0.013169384222784282,0.015491811189241502,0.017860083810556798,0.019176059856816818,0.020513505096558752,0.02154597473231678,0.021825948686079455
2015-09-01,2015-09,2015-09-01,2015-09-01,True,0,285,285,285,285,285,0.00028220398896658427,0.0025240159340008984,0.0029778939011635415,0.004212875927433682,0.004887094355700998,0.005904136238490964,0.006618724648418262,0.007280186667483024,0.009157402667829589,0.010480578096995801,0.01343380156605788,0.01523602515242506,0.017787432254957783,0.019052694554658908,0.02043487940710749,0.02160573765640236,0.021997377755606676
2015-10-01,2015-10,2015-10-01,2015-10-01,True,0,284,284,284,284,284,-0.0002226132492937363,0.000679978335794476,0.001760769583354768,0.003872358007904758,0.004542663879677168,0.005098329460203541,0.006069427393434694,0.0065515036345827945,0.007993336477274826,0.009312926866576716,0.012020739222056775,0.0138766540857698,0.016363303996130358,0.017654673115141063,0.019051515039597903,0.020362531544356265,0.02090657457298164
2015-11-02,2015-11,2015-11-01,2015-11-02,False,1,280,280,280,280,280,0.0006518334342459671,0.0026383027229433436,0.003286512336517351,0.004443957528929553,0.005515256942623501,0.0064129858267505625,0.007018606295553842,0.007820187026723659,0.00938172121138641,0.010813738306482336,0.013869217037580643,0.015837199573904864,0.01817581629361832,0.019400096538446085,0.020568686434412963,0.021803166247382696,0.022325397446473785
2015-12-01,2015-12,2015-12-01,2015-12-01,True,0,283,283,283,283,283,0.002026287500104843,0.00407880280708267,0.004344413833339899,0.007051506437251811,0.007673549192764793,0.007999048707047889,0.008733377190517437,0.009263200648500615,0.010576749134666077,0.011841399461367998,0.01444159975880133,0.016183577097286867,0.01812566106246255,0.019402898821807527,0.02032813232015669,0.02151154667193022,0.02181094489883775
2016-01-04,2016-01,2016-01-01,2016-01-04,False,3,281,281,281,281,281,0.0016920868053456916,0.004600844037668473,0.004997226281072726,0.007065255327718894,0.008789549741935137,0.00950151518488401,0.01020639846937732,0.010714365830780705,0.011939303616582672,0.013317076731928357,0.015891815594986123,0.017546968437478914,0.019582575060041445,0.020807023444448045,0.02161741100178559,0.022547153672411762,0.02297479888258926
2016-02-01,2016-02,2016-02-01,2016-02-01,True,0,284,284,284,284,284,0.0033048853272802043,0.004544067184012656,0.0040586038820165145,0.0063734827230140095,0.007219150384106093,0.007518918663914855,0.008063151533988974,0.0082324520435316,0.00904179084939672,0.010171637229575677,0.012411542510854006,0.013939974774639138,0.015835217660211516,0.01726736279661308,0.01839159615035457,0.019558574570141898,0.020331042362292894
2016-03-01,2016-03,2016-03-01,2016-03-01,True,0,281,281,281,281,281,0.0032760956526544155,0.004835987918992901,0.004064522197772219,0.006734053293129255,0.007751828966764786,0.008112100320246753,0.008399077939196671,0.008510964380548942,0.00887387635721422,0.009957987636241736,0.012287634977815994,0.013483114748106229,0.015485959159132551,0.01638914731221675,0.017410616379913806,0.01843518464625005,0.018778446413031398
2016-04-01,2016-04,2016-04-01,2016-04-01,True,0,281,281,281,281,281,0.0022105014451770503,0.003926321657822683,0.0045287478698959605,0.006011543604141393,0.006946839005954296,0.0070135466241208035,0.00726922471272136,0.007405063406945966,0.008059092983284454,0.008861010724133282,0.010811988502091412,0.012354119542355569,0.014441006911654418,0.015536042676830931,0.016624758857700078,0.017726881978882406,0.01829717029822346
2016-05-02,2016-05,2016-05-01,2016-05-02,False,1,281,281,281,281,281,0.002018129345786644,0.003925854007925606,0.0043361360163295245,0.005589351802729146,0.006563516350411097,0.00720550672932635,0.007698587506024342,0.007883290154160819,0.008768965329272533,0.009576224526756081,0.011931221030141732,0.013462710089804602,0.015438566675874833,0.01667063042389107,0.01767402724102611,0.018598894959107784,0.019223181605150078
2016-06-01,2016-06,2016-06-01,2016-06-01,True,0,281,281,281,281,281,0.002847739376763041,0.004731333283030647,0.0056932383686188704,0.006978339467785415,0.008070945675126312,0.00845665832913585,0.008879443074215274,0.009121595481425361,0.009841330261089905,0.010468155007091409,0.012706123720297197,0.013965371025972636,0.015690455361288387,0.016744065206591472,0.017555023575407606,0.018339995407072464,0.018604919720004245
2016-07-01,2016-07,2016-07-01,2016-07-01,True,0,281,281,281,281,281,0.0025071232622834675,0.0034212548549482007,0.003922444170328023,0.004812019702912715,0.005356345261041319,0.005763265474225446,0.005887795100631381,0.006057379481625883,0.006500640231788184,0.007040771321447011,0.008889736517563952,0.010107734623131467,0.011667984106506676,0.012720516414773134,0.01348730426418333,0.014373190729005222,0.01471656966116723
2016-08-01,2016-08,2016-08-01,2016-08-01,True,0,281,281,281,281,281,0.002650572597377945,0.003833271868826367,0.004398314846475496,0.005337661169158837,0.0063417703975522325,0.006548312064248247,0.006685860221989421,0.00677248662012861,0.007425887367558003,0.007964369833310588,0.00979317290999205,0.01093560198826633,0.012399310085626331,0.013565902622973077,0.014383265250939992,0.015087570282093803,0.015339092793259861
2016-09-01,2016-09,2016-09-01,2016-09-01,True,0,282,282,282,282,282,0.0032964889983982627,0.004600357455577781,0.00441999749529708,0.006411435753505648,0.007212246940745934,0.00756931051968816,0.007833988195751613,0.007973659120496034,0.008611010848518206,0.009193455029002229,0.011078833865305136,0.012064589679535997,0.01362834627143248,0.01443896869725958,0.015123343870720927,0.015529641380967388,0.015760537460671065
2016-10-03,2016-10,2016-10-01,2016-10-03,False,2,283,283,283,283,283,0.003091825036205403,0.00477153232680172,0.005394173002139804,0.0066638073948928,0.007286869021773114,0.007578756135025261,0.007820524289891323,0.008118746567781976,0.008720902815084652,0.009292259384659154,0.011022265695249665,0.01208869200859781,0.013583238891738136,0.014597044732605362,0.015270832400154555,0.01611159541789411,0.016594589873877155
2016-11-01,2016-11,2016-11-01,2016-11-01,True,0,284,284,284,284,284,0.003561464207530561,0.005038948908087712,0.005509726129783791,0.006949274769807173,0.007346244722820603,0.007757432171034523,0.008137017926205064,0.008538386934137158,0.009308275925690774,0.009949404863053903,0.01192871910346139,0.013271447084981403,0.015105594905241961,0.016256349221500203,0.017008729028886775,0.018159268251351224,0.01881360834559625
2016-12-01,2016-12,2016-12-01,2016-12-01,True,0,284,284,284,284,284,0.004707674446691196,0.006013642225612857,0.006550000325199744,0.008683363093040387,0.009976384086493883,0.010462922840784152,0.011208701228936946,0.011496237950389027,0.013003691952411807,0.014453768701661132,0.01766138440774014,0.019405389084799527,0.021628139724868666,0.02271281390583806,0.023848908228546253,0.02471998709633866,0.02513547010258948
2017-01-03,2017-01,2017-01-01,2017-01-03,False,2,286,286,286,286,286,0.005161177781718965,0.00632169359119686,0.007600700210944744,0.008799132988588011,0.01019036400665081,0.010812605557443861,0.011705147569151845,0.012240691468562857,0.01350350937582949,0.014858734954588247,0.017764054726161563,0.01966355410514646,0.02166079413890621,0.022783857038959437,0.02375119761665611,0.024630298191915617,0.02527916222755332
2017-02-01,2017-02,2017-02-01,2017-02-01,True,0,285,285,285,285,285,0.005045751330422735,0.006415290292313105,0.00700535507534369,0.008315451123643448,0.009671996082576517,0.010460298719169451,0.01148360019934406,0.012153136214329915,0.013797745169112146,0.01499153519095023,0.017766543723282843,0.01948699258230249,0.02158625858743941,0.02285102164666755,0.02389703529938345,0.02485253045803387,0.02557847203506666
2017-03-01,2017-03,2017-03-01,2017-03-01,True,0,287,287,287,287,287,0.006252500323378225,0.007826225551821577,0.008294172699749199,0.009264562984874183,0.010637007007388784,0.011536615424814663,0.012238348235693183,0.01289115929898635,0.01438161639036816,0.015828319036741943,0.018526884077465503,0.020154216930879456,0.021952114501221278,0.023056944308855028,0.024003905941217315,0.024689102437892702,0.0250169783830226
2017-04-03,2017-04,2017-04-01,2017-04-03,False,2,288,288,288,288,288,0.007565796496362619,0.009048434649282691,0.009450367522814652,0.010271013500423936,0.011187917231112636,0.011558968280064644,0.011949760309881997,0.012308951958447098,0.01342521699781975,0.014603278519780043,0.017213317123763536,0.018703171080319627,0.020438573025630118,0.021537337718752526,0.02254860160145439,0.023190196423314203,0.023701068391451526
2017-05-01,2017-05,2017-05-01,2017-05-01,True,0,287,287,287,287,287,0.008242481313158804,0.009830712517062275,0.009728409747649608,0.010966913342511878,0.011830140764986065,0.01207726747675529,0.012443624170465264,0.012747656406738776,0.013627342609913285,0.014759579836332783,0.017124687711902672,0.01857203569649904,0.02030972023062531,0.021418625428829576,0.022476396386734536,0.02313641419754878,0.023745951591503996
2017-06-01,2017-06,2017-06-01,2017-06-01,True,0,286,286,286,286,286,0.009716233877822876,0.010603730113787634,0.011004487383631181,0.011727902716799004,0.012110237151504147,0.01242783831309,0.01269319354670107,0.012887500882163354,0.013531844393560588,0.014570237706003925,0.016465896188089836,0.017732202550973734,0.019223534168966615,0.020324390448829957,0.02140804711718995,0.02204790488982912,0.022423511028334408
2017-07-03,2017-07,2017-07-01,2017-07-03,False,2,286,286,286,286,286,0.010354448163782226,0.011346531404247807,0.011475244672402426,0.01266127542193929,0.013173169462010354,0.013513502179515312,0.013875096731516056,0.014098036959923217,0.01493993788578652,0.015916500073191397,0.017976588385877852,0.01944713890995265,0.02093937349764271,0.022029465023729135,0.022764593143773944,0.023367796364587114,0.0238459058598357
2017-08-01,2017-08,2017-08-01,2017-08-01,True,0,286,286,286,286,286,0.010910981116446292,0.011396198059246002,0.011660149293285111,0.012327065472011314,0.012654933204407696,0.012959685494996799,0.013255287035866155,0.013400998921494383,0.014043255174024098,0.014958378182703536,0.016789630565195855,0.01808920995050259,0.019579916489711042,0.020826222523638777,0.021569728604376875,0.02232034449955178,0.023042920826678255
2017-09-01,2017-09,2017-09-01,2017-09-01,True,0,289,289,289,289,289,0.010088790232793507,0.010902037908148492,0.01177841079182601,0.012279846881519538,0.012753895423945366,0.013120374516859117,0.013233220201065434,0.013402469446056423,0.013973496033489415,0.014697385741066405,0.0163902545907689,0.017530965085139946,0.01893109957884233,0.02004646118739542,0.020741771523741244,0.021389802467962436,0.0219604836824009
2017-10-02,2017-10,2017-10-01,2017-10-02,False,1,290,290,290,290,290,0.010278877491764257,0.012024019134219468,0.012267091739156423,0.013325416232730593,0.013982880482147114,0.0142555293752313,0.014552531734095712,0.014859319562702856,0.015685828094917975,0.01642170333223457,0.018183149189428493,0.019447268548298462,0.02077339596365226,0.021847398284084538,0.022618201848467318,0.0231363661542691,0.023545631319334206
2017-11-01,2017-11,2017-11-01,2017-11-01,True,0,289,289,289,289,289,0.011575971324402627,0.012862165287716781,0.013690333845237209,0.014637477195889717,0.015107521299650263,0.015564435145150053,0.0158651776084669,0.016136773434899276,0.016800625435952236,0.01750392100433309,0.019013525384107194,0.02026296722589196,0.021406582162090924,0.022363191575532966,0.02309545715692158,0.02343676042733661,0.02373803823328281
2017-12-01,2017-12,2017-12-01,2017-12-01,True,0,289,289,289,289,289,0.012629291019894257,0.014487553440132663,0.01540108264912383,0.016485442530254975,0.017166473599726177,0.017310884965316922,0.01753555282382619,0.017709878725956463,0.01838475900322988,0.01890331602282752,0.02016353898492546,0.021094759249697236,0.021954335338835788,0.022706807144127795,0.02325952427874512,0.02355029137544858,0.02377081179593369
2018-01-02,2018-01,2018-01-01,2018-01-02,False,1,287,287,287,287,287,0.013936267928994737,0.01588181367125077,0.016952879488129638,0.01816262545308449,0.018622557699562066,0.018832904830378996,0.018976199927858536,0.01913218171312129,0.01955981203531368,0.02015878303181668,0.021511827860399284,0.022477384644061488,0.023263071494744287,0.02380213590725707,0.024305886130729936,0.024510145209452903,0.024815550974783475
2018-02-01,2018-02,2018-02-01,2018-02-01,True,0,287,287,287,287,287,0.014813816762610774,0.016480421982835388,0.016738307757451006,0.018860676249156334,0.020199445337976987,0.02069074964297595,0.021118040908942065,0.021537344874268182,0.022587874855708154,0.023372433709233916,0.024724037481546612,0.025696747616484193,0.02672404550661132,0.027277309485624207,0.02755694675720365,0.027726956977528396,0.027911980696638333
2018-03-01,2018-03,2018-03-01,2018-03-01,True,0,287,287,287,287,287,0.016146986236723077,0.018343656916376294,0.018348416642367377,0.02037989946108802,0.020932660407956837,0.02139449137864323,0.021763805164023382,0.022129796631102216,0.022919845163451483,0.023656025812201113,0.025005140181025513,0.025803418537807682,0.026767977121748637,0.02735612672617831,0.027733870863220773,0.02802949554150243,0.028156810443668995
2018-04-02,2018-04,2018-04-01,2018-04-02,False,1,287,287,287,287,287,0.01724609742056015,0.019232497140706295,0.019618396489576695,0.020855234658720304,0.021579978820819676,0.02187142959540495,0.02217811774379114,0.022505885983713385,0.02318305938604646,0.02366005456927791,0.024709924325362738,0.025423604771339623,0.026265423710789135,0.026706705265716592,0.026997064140017863,0.027166746946885128,0.0273417048717793
2018-05-01,2018-05,2018-05-01,2018-05-01,True,0,288,288,288,288,288,0.018334387060568808,0.020191253665008915,0.020826648097654533,0.022563652083749754,0.0236410049360892,0.024100792795568475,0.02456178310851041,0.02497879656301672,0.025822025271783386,0.02648160854997016,0.027500900841389373,0.02809311261475193,0.028775186951159208,0.029222496768619596,0.029410608071203086,0.029524091337025264,0.029632170045765766
2018-06-01,2018-06,2018-06-01,2018-06-01,True,0,288,288,288,288,288,0.01907679288091983,0.02080899014889242,0.021506907670337604,0.022678201791057957,0.023556624033924375,0.023997430697119543,0.024346101105443455,0.0246582224629335,0.025362418355801133,0.025963243903918812,0.0269357576511403,0.027449505617294395,0.028176508816325753,0.02857360914273018,0.028768007023115244,0.029024628803314117,0.029013647663504144
2018-07-02,2018-07,2018-07-01,2018-07-02,False,1,288,288,288,288,288,0.019429755711202187,0.021019085066031416,0.022370214693894826,0.0232754341058789,0.02440790191005549,0.024766369221179776,0.025161503495649058,0.025401672355853257,0.025955293435192157,0.026359872588131106,0.027130687228126907,0.02747783437973816,0.028041665697580456,0.028268387948614308,0.028403975794030117,0.028575466376788827,0.02866982008470951
2018-08-01,2018-08,2018-08-01,2018-08-01,True,0,287,287,287,287,287,0.02013232086301026,0.021973674960830754,0.023115459504177736,0.024281239275743847,0.025275625432469424,0.025797223632290478,0.026453651492617025,0.026662883676494952,0.02729533865404219,0.02767561343994703,0.028265956185782388,0.028636428215940313,0.029207181077579983,0.02956872411617525,0.029646914727815082,0.02984925938179439,0.030132331319537065
2018-09-04,2018-09,2018-09-01,2018-09-04,False,3,288,288,288,288,288,0.021140763491094516,0.022795860182956356,0.02362562833454602,0.024788919099775795,0.02534563169498283,0.025852636624438385,0.026186247700901326,0.02635549990356744,0.02685429775705505,0.02709117518499754,0.02750243285208978,0.027634977353956716,0.028021016950348664,0.028363213871002248,0.028484359829621487,0.028863796490373995,0.028974997843053484
2018-10-01,2018-10,2018-10-01,2018-10-01,True,0,288,288,288,288,288,0.02201647346873555,0.0237879698964014,0.024854924856923765,0.02606142220600899,0.026849917053410065,0.02739552363991909,0.02782529799283365,0.028056123848945146,0.02841474743872754,0.028721566197815667,0.02923168574476272,0.029475388299057017,0.02988167454591373,0.030248439771803783,0.030323071295641674,0.03067869491430416,0.030752420531337657
2018-11-01,2018-11,2018-11-01,2018-11-01,True,0,293,293,293,293,293,0.02319622992070416,0.024776879855014432,0.025650646799593634,0.026793535765905013,0.027447939114697378,0.027868292270991846,0.0281802167409473,0.02824963375843288,0.028585821191096025,0.02887525417142639,0.029192065639195342,0.029438698506249472,0.02997556238612846,0.030378838627093424,0.030657919470940424,0.031141879609281522,0.03150614289541848
2018-12-03,2018-12,2018-12-01,2018-12-03,False,2,296,296,296,296,296,0.023604266944830032,0.025422242520000585,0.026177919533031377,0.027085129735873334,0.02771048756912959,0.027954527976635862,0.028058009310207223,0.028026071847315585,0.028089278108707594,0.028015900208991015,0.028085517540479745,0.028142086309199548,0.028525735443283882,0.028738899784095412,0.029025961599596018,0.029568892126758527,0.02975230318721933
2019-01-02,2019-01,2019-01-01,2019-01-02,False,1,295,295,295,295,295,0.02397948322286929,0.024839734931832575,0.02538834059359812,0.02576866320099064,0.025279778829723397,0.025146029042945783,0.024768902099383972,0.024449195283938796,0.024180275078514044,0.024131583058115986,0.024320084612838848,0.024452787873935483,0.024850996122933598,0.0250730692314562,0.02562338044422708,0.026074036065182098,0.026449242344600925
2019-02-01,2019-02,2019-02-01,2019-02-01,True,0,296,296,296,296,296,0.023891735724314286,0.02453936441140248,0.025003290351427947,0.02549971762331279,0.0252719397318792,0.025236694945983466,0.025122279535123516,0.02489160264985398,0.024899350627413573,0.024759292422177316,0.02487546214710492,0.024925251505668232,0.025360539111501313,0.02571203573940236,0.02615994140194422,0.026638242014529988,0.027069705184638828
2019-03-01,2019-03,2019-03-01,2019-03-01,True,0,299,299,299,299,299,0.024312766001850693,0.024977757211017994,0.024972028599426987,0.025338989849089427,0.025537599009587755,0.025569112942703087,0.02563413334608842,0.02542806456383038,0.025276198956081547,0.025199908285715337,0.025389303106813876,0.02551170043023393,0.02606887424102248,0.026517255309451027,0.026904866265153073,0.027330248271096303,0.027690133165603877
2019-04-01,2019-04,2019-04-01,2019-04-01,True,0,296,296,296,296,296,0.02383174576159238,0.02427617213464045,0.02396010000228837,0.023710271854532464,0.02390212678672203,0.02377560681392257,0.023520602397554463,0.023131271157552088,0.02295005407388129,0.022820243219388393,0.0229691129131365,0.023088909200666877,0.023652695008999504,0.023951162229137946,0.024405805977658828,0.024784761451244454,0.025090015257487365
2019-05-01,2019-05,2019-05-01,2019-05-01,True,0,295,295,295,295,295,0.024075136406672575,0.02413174843854199,0.023671007405131957,0.0237351503709251,0.023340842665672264,0.023054893334089978,0.02329841031601954,0.022955649707128722,0.02264163685735541,0.02263144844269689,0.022712178934417765,0.02290283203375937,0.023498269934047526,0.023860847538629996,0.02436347085746117,0.02476081086198813,0.025084503911183515
2019-06-03,2019-06,2019-06-01,2019-06-03,False,2,290,290,290,290,290,0.023240880783539985,0.02270230307491965,0.0223671026263628,0.02102465204688177,0.020088228357048085,0.019273933614360625,0.018791830708785665,0.018250397852531235,0.0179844489922617,0.017907112784211074,0.018158837457770825,0.018275710338813714,0.019106451344811218,0.019534211195783018,0.019981043454741197,0.020550169787709405,0.020798791180764064
2019-07-01,2019-07,2019-07-01,2019-07-01,True,0,293,293,293,293,293,0.0211476114195908,0.02068634090366505,0.01992957666571323,0.019643244852054067,0.01907994237404821,0.01849222698660236,0.018308926600728314,0.017814382763428314,0.017520534202450904,0.017381145994691975,0.017584978136073893,0.01786978192130662,0.018511299512478895,0.018951820722002174,0.01946058611753855,0.02002530091385499,0.02039621477432032
2019-08-01,2019-08,2019-08-01,2019-08-01,True,0,295,295,294,294,294,0.020786286301397554,0.02033032636345827,0.019103498507505434,0.01918267417980227,0.018339101458535532,0.018040401488936486,0.017764456218129113,0.01732057637846994,0.01690864609323113,0.016771005168553794,0.016811220349595774,0.016812091919794395,0.01727577071978563,0.017697184939641813,0.018148086779694723,0.018646922811814563,0.018957259080607358
2019-09-03,2019-09,2019-09-01,2019-09-03,False,2,291,291,291,291,291,0.019476611399336572,0.01852056002864437,0.01753232526647422,0.01716512895962729,0.016390498457671456,0.015794087909974337,0.015101112892022543,0.014510651983984262,0.013959772686969268,0.013677942255084001,0.013511195734216186,0.013332113318807109,0.01382168185047756,0.013971351854977937,0.014094346697623815,0.014466365643128658,0.014613453504400667
2019-10-01,2019-10,2019-10-01,2019-10-01,True,0,294,294,294,294,294,0.017986276766049303,0.01782443885279572,0.017950301808570497,0.01745729207380863,0.017021092891772335,0.016706365549354736,0.016174680273367298,0.015539445343056565,0.015165759047822119,0.014924237207182783,0.014988754626714668,0.014946080178536344,0.015452475459865911,0.015718948616024127,0.01584446917194811,0.016250199640615928,0.016400783123121494
2019-11-01,2019-11,2019-11-01,2019-11-01,True,0,295,295,295,295,295,0.015206402668599697,0.015269193381823417,0.015269920570296297,0.016019277636066767,0.01587594444995795,0.016052472032355183,0.01590410373093584,0.015637720134502833,0.015452939286075055,0.015382042656643797,0.015370574230856901,0.01548056487613819,0.016044551079107922,0.016229304957621312,0.016480837168616157,0.016918752928727476,0.017155967378197752
2019-12-02,2019-12,2019-12-01,2019-12-02,False,1,291,291,291,291,291,0.01560425131920883,0.01580553971858898,0.015751585679371165,0.0158993316036304,0.01686449533795908,0.01658988606261994,0.016482512434936144,0.016125734280877387,0.015977678607502255,0.016088892391254443,0.016321206338167034,0.016468889606334046,0.017223339893453624,0.017565999559483774,0.017713625708356065,0.0181651528679501,0.018225187669666753
2020-01-02,2020-01,2020-01-01,2020-01-02,False,1,292,292,292,292,292,0.015224587561523707,0.015588246557390113,0.015094118515446404,0.015537443463372236,0.016116599455789523,0.016037255894831143,0.015943043751019268,0.015755714431770207,0.01582277179351689,0.01593208687521113,0.01643517738116281,0.01666762783641745,0.017355730774459188,0.017938207982611767,0.018243827359678635,0.018677531402094754,0.01881411400766486
2020-02-03,2020-02,2020-02-01,2020-02-03,False,2,291,291,291,291,291,0.015553324191484065,0.015395626116950457,0.014897702474086814,0.014558128491426153,0.014646932197066923,0.014270894467005472,0.013875929494337396,0.013589579256712494,0.013343860073330308,0.01322082122858738,0.013345978292985401,0.013483449303274988,0.014055510658113644,0.01444706736047589,0.01474502953659786,0.015058892224641648,0.015273418872076727
2020-03-02,2020-03,2020-03-01,2020-03-02,False,1,291,291,291,291,291,0.011835343473479224,0.010155262450010761,0.009276104411856818,0.009323811605849604,0.010138005333796772,0.009833250697673043,0.00946917591577559,0.00918640669033246,0.009031101492807019,0.009069186659217321,0.009400549301860031,0.00950689755452921,0.010228764176940151,0.010752056405201592,0.011075712955547993,0.01143750519538318,0.01169648799466919
2020-04-01,2020-04,2020-04-01,2020-04-01,True,0,294,294,294,294,294,0.0006753907644226581,0.0013112356500203602,0.000964089408859409,0.0014281701559414762,0.0015869521876382899,0.0019462990979452859,0.002045711343025294,0.0021385097499798593,0.0023005066919568897,0.002623697185819163,0.003248232934851014,0.0036305778492618864,0.00448267255843285,0.004918570982435806,0.005254585634298508,0.005794395630933772,0.00604074688597807
2020-05-01,2020-05,2020-05-01,2020-05-01,True,0,304,304,304,304,304,0.0010920949322057844,0.0011906789007434856,0.0015446233397830617,0.001694402183511617,0.001978112589357251,0.0020051919178169465,0.0020447913277307954,0.0020266969027430562,0.0022860198865844662,0.002543528150497455,0.003117103661635022,0.003658118437859237,0.004624818805048958,0.005163930606433131,0.005651843787308846,0.006063234903578143,0.006134280965368619
2020-06-01,2020-06,2020-06-01,2020-06-01,True,0,307,307,307,307,307,0.0014653914188010604,0.0016345709469106522,0.0017169502972553357,0.0018610064104016934,0.0019165298314699581,0.001714091622067697,0.0016953278190191773,0.0016452793175368683,0.0018062730517279598,0.0020149315057965567,0.002565451204929323,0.0031808412018406716,0.004294676526443289,0.005062295301680611,0.005632618005112992,0.006218611978894372,0.006616083418944323
2020-07-01,2020-07,2020-07-01,2020-07-01,True,0,307,307,307,307,307,0.0015618196792029629,0.0015972476105431874,0.00157353230440255,0.001653785753269473,0.0016679809337879162,0.0016621335465060556,0.0016899334618142125,0.0017021685663933413,0.0018021172939952583,0.001896411573955691,0.0025055700968895527,0.0032181647641576563,0.004307483640274613,0.005162760532505498,0.005800765524881163,0.006306196714864725,0.006798998448514944
2020-08-03,2020-08,2020-08-01,2020-08-03,False,2,307,307,307,307,307,0.0009246462244718206,0.0010397658698099632,0.0010840394632033053,0.001177804248720968,0.001520155601005094,0.0011489290035214142,0.0011568360180428232,0.0010994828743149125,0.0011591513244415001,0.0012268645529943016,0.0017129111599120431,0.002319196909293856,0.0032718596591323943,0.004017988137610573,0.004679896090015657,0.005101375962066203,0.005561382702919704
2020-09-01,2020-09,2020-09-01,2020-09-01,True,0,308,308,308,308,308,0.0009758629944964989,0.001136747020465971,0.0010618882809068783,0.0014019863753943792,0.0013679219763694623,0.0013754059172942149,0.0015245597468431173,0.001365619766901593,0.0013918266955520538,0.001501674792891524,0.002061467145359916,0.002624254419493073,0.0036873314178900623,0.004668184837479077,0.005520498392998163,0.006096118086696555,0.00679044829888254
2020-10-01,2020-10,2020-10-01,2020-10-01,True,0,310,310,310,310,310,0.0009100579276358852,0.001044750271432352,0.0009642027156573767,0.001242960558504251,0.0012433714172338333,0.0013787248959701215,0.001304258828857659,0.0013318899044960934,0.0014563443294190997,0.0016658218440431254,0.002091187645064656,0.0027878574936190752,0.0037389687715196065,0.004678241635033135,0.005491931153977421,0.006108811027547329,0.006855011914027285
2020-11-02,2020-11,2020-11-01,2020-11-02,False,1,309,309,309,309,309,0.0007565703860759861,0.0010565337677556842,0.0010314005148519617,0.0013833285380689293,0.0015963432478656723,0.0014228732953042685,0.001589144692674981,0.0015650776338350732,0.00176141143919048,0.0019526643819317848,0.0028922580396436247,0.0038413497328884196,0.005107865045293632,0.006262764487577614,0.007173842309325991,0.007886184163939138,0.008619715635339135
2020-12-01,2020-12,2020-12-01,2020-12-01,True,0,310,310,310,310,310,0.0008196771501230484,0.0009287407738730541,0.0009418880172233524,0.001089912146630018,0.0014218976963500417,0.0015326820611776947,0.0016792538457492743,0.0016985971394689547,0.0019634352751673246,0.002169251962833687,0.0032514905836739747,0.004316052268435708,0.005700535940343235,0.006887778864689268,0.00792672729148454,0.008629109947474,0.00937243396053087
2021-01-04,2021-01,2021-01-01,2021-01-04,False,3,310,310,310,310,310,0.000848535594057346,0.0008535200939469192,0.0008354246733989366,0.0010339142337412656,0.0010775930886741233,0.0010909299026043877,0.0011409288231419442,0.0011889664822024404,0.0013241481207896732,0.0015579039286113341,0.002433542683181908,0.003542216024848602,0.0048926635206066734,0.006411869799131597,0.007629708892103448,0.0084231508192327,0.009274364150525615
2021-02-01,2021-02,2021-02-01,2021-02-01,True,0,310,310,310,310,310,0.0007987485325029445,0.0006763523688116921,0.0008006979764277348,0.0008399487160508793,0.0010151317721133974,0.001063502526585482,0.0011058261818523332,0.0011422899312188877,0.0014475419877217175,0.001759234390125041,0.002961707745276584,0.0043617706465326036,0.006013411920967738,0.007753247386243527,0.009160689586460952,0.010239459514181449,0.010960858414544023
2021-03-01,2021-03,2021-03-01,2021-03-01,True,0,310,310,310,310,310,0.00037699890992750967,0.000574862282913847,0.000597674712744619,0.0007882361031309328,0.0012747185952241683,0.0011926225939542696,0.0013816511302509654,0.0013715906596704435,0.001846651692788286,0.0027276033997498416,0.004930820989825628,0.007054568404425231,0.009160892064014416,0.011114672556162842,0.012592311624294946,0.013648818422988547,0.01443960576194399
2021-04-01,2021-04,2021-04-01,2021-04-01,True,0,307,307,307,307,307,0.00018389950671458398,0.0003229716579005352,0.0003830717048376349,0.0008029913795238421,0.0011805485704120525,0.0013104974653396061,0.001574659957361654,0.0016933937780769187,0.0024299429630302047,0.003598336426117605,0.006527606254923544,0.009177211523417921,0.011707205991165228,0.01381559276136541,0.015312401320074744,0.016303566568650844,0.017023823864309912
2021-05-03,2021-05,2021-05-01,2021-05-03,False,2,306,306,306,306,306,0.0001670927857245049,0.00031300533408223046,0.00025366996247289786,0.0006255254655685813,0.0007799240725045455,0.0011067008670478209,0.0013690734186029838,0.0016419122445761704,0.0023380921541184176,0.0032993218509104736,0.005907928575656724,0.008435124050508495,0.010884753732109087,0.01302887736586563,0.014496487844351494,0.015570909390627021,0.016405787619636705
2021-06-01,2021-06,2021-06-01,2021-06-01,True,0,308,308,308,308,308,0.00023383683506171478,0.00029065703890105105,0.00023368049537116775,0.0006813296862289032,0.0008867328351641929,0.001124092895410631,0.0013018398392746905,0.0015280927877384589,0.002127494371332234,0.0031251860941134595,0.0056503197271226425,0.008185162584943216,0.010655802178768548,0.012917728676442855,0.014472613322698133,0.015531071502082711,0.01645124647491207
2021-07-01,2021-07,2021-07-01,2021-07-01,True,0,309,309,309,309,309,0.00042170900660904137,0.0003551356951335708,0.00047102707997006074,0.0009205179566977351,0.0013069820129182376,0.0018150801288832558,0.002226285712563889,0.0025112049457053833,0.003599902832201171,0.00463724341873553,0.00693819682764667,0.008983372447697572,0.010735644778568977,0.012468429969637727,0.013476866700677404,0.014280487291805257,0.01489541644898681
2021-08-02,2021-08,2021-08-01,2021-08-02,False,1,308,308,308,308,308,0.0004163179192795803,0.0004987480981198367,0.0005723017732599735,0.0007282474639448753,0.0009359402884928884,0.001162070149119252,0.0014367666417501445,0.0016069819514354644,0.002330299645254497,0.0031967149207896037,0.005190817829829861,0.006603348396262244,0.008059942140466125,0.009644306615036341,0.01052011822069191,0.011425299677854326,0.01215562282307151
2021-09-01,2021-09,2021-09-01,2021-09-01,True,0,311,311,311,311,311,0.0005247642775841253,0.00040587451407173535,0.00048167795199375376,0.0007260939898771975,0.001225625669974998,0.0016376318170642438,0.0018325210052635068,0.0021968453711435137,0.0030759341853848756,0.0040678273038057804,0.006317011568499619,0.007816480776163228,0.009421923259850907,0.010887770549877544,0.011626109453922204,0.012533051464586907,0.013170692661317117
2021-10-01,2021-10,2021-10-01,2021-10-01,True,0,312,312,312,312,312,0.00034180238155469983,0.000519135657036622,0.0005870256929437337,0.0008201573934229686,0.0012518440855745017,0.0016841815139356788,0.0020679640751909965,0.0026792369839280985,0.0038268187237386455,0.0048950648563449405,0.007514369715105198,0.009394586632812825,0.01112042337597708,0.012723330013911193,0.013443512417953144,0.014218646181366465,0.01486084631392446
2021-11-01,2021-11,2021-11-01,2021-11-01,True,0,311,311,311,311,311,0.0005003477762690304,0.0006591353667328912,0.0011322041142347143,0.0021456455035351396,0.0026095906594276984,0.0036110091308237916,0.004305496094351629,0.005078110057888738,0.0065648780631522696,0.007646832593817357,0.010335955675661097,0.01184508233427702,0.013412121748851003,0.014549599566472214,0.014676883114004514,0.015254168843741743,0.01570405504554907
2021-12-01,2021-12,2021-12-01,2021-12-01,True,0,314,314,314,314,314,0.0005089098784516944,0.0010121218352823758,0.0016106289846202963,0.002391751925993395,0.0032679504651068956,0.004209741255168014,0.004944827341071112,0.005565351759817637,0.0071878825426662666,0.008492009496634936,0.01055186886340087,0.01136857905801332,0.012497444267419906,0.013431619669902944,0.01333014863671131,0.013641571991969758,0.014144201070279952
2022-01-03,2022-01,2022-01-01,2022-01-03,False,2,314,314,314,314,314,0.0009658754677822033,0.0021648628529523086,0.0027705667943500284,0.0040691452521816295,0.005229696638334748,0.006198746047563379,0.00701287827303341,0.007732916534699913,0.0091388107292511,0.010283547785120684,0.012301428685917565,0.013557366234940499,0.014667954563934178,0.015549211336512428,0.0154337380339971,0.01574378590366807,0.016397830542413647
2022-02-01,2022-02,2022-02-01,2022-02-01,True,0,313,313,313,313,313,0.001905176091522534,0.004764704828465278,0.005823467636385915,0.007804473005901811,0.00902352243671373,0.01007300840948661,0.010875246744983899,0.011559018799380384,0.012770747088291125,0.013869338954266262,0.015513917918282194,0.01622136262033474,0.017135574460200365,0.017588976483046186,0.017490739449224222,0.017517322972166023,0.01793794908837535
2022-03-01,2022-03,2022-03-01,2022-03-01,True,0,314,313,312,313,312,0.0032559180271816163,0.005945512297029196,0.005336587108190222,0.009506464335793835,0.011115289873255179,0.012151857755219203,0.013023435347657616,0.01350659182000478,0.014445285170061946,0.015185436879502781,0.01593506206810449,0.016011121215367276,0.01661269877977084,0.016867106422107397,0.016773891654198098,0.016927165601213608,0.017325681059562073
2022-04-01,2022-04,2022-04-01,2022-04-01,True,0,314,314,314,314,314,0.005423164426624204,0.010701650067653423,0.012849476432912533,0.017421571940483424,0.020688948861203295,0.022461436030824317,0.0236993866824517,0.024627014117996154,0.02590492060855819,0.026341986670681685,0.026587390732190824,0.025434090140921958,0.02526350541514398,0.024817291957512637,0.024058538572045696,0.023700357310525708,0.023579481595725704
2022-05-02,2022-05,2022-05-01,2022-05-02,False,1,313,313,313,313,313,0.008791538596131578,0.013982524715042138,0.016161026350935307,0.021024768033192816,0.023475113977574673,0.02538854051173987,0.0261086288445483,0.027147578748590237,0.028773456461385634,0.029443563555150837,0.029864793738894495,0.029994306472857588,0.03035805183876992,0.030194185668977323,0.029658112247750976,0.029668938280784048,0.029562821961888395
2022-06-01,2022-06,2022-06-01,2022-06-01,True,0,315,315,315,315,315,0.011102902744875113,0.016144556656622486,0.017963764760001413,0.021539392843379426,0.022405183887073625,0.023855049554114705,0.025130079123112124,0.02621064577311581,0.02751629170623061,0.028343004385362254,0.029108856394630043,0.029177535463072897,0.029678670600187685,0.0293585046789442,0.028903593606538956,0.028928931923221265,0.028884821481133874
2022-07-01,2022-07,2022-07-01,2022-07-01,True,0,316,316,316,316,316,0.016895853283379645,0.024505100725821016,0.02453336159091128,0.027550812789636808,0.028101820524683987,0.028293703138723356,0.028374762751502577,0.028179424667422827,0.028608885423019786,0.028419413623503243,0.02873226996653589,0.02875560373964531,0.029270076448341727,0.02900191333621222,0.02852083511771856,0.028513774428454125,0.028590538244799405
2022-08-01,2022-08,2022-08-01,2022-08-01,True,0,315,315,315,315,315,0.02391791400635245,0.028900222371437845,0.028211657980360808,0.029234545398098204,0.029650151352473345,0.02966979962630645,0.02916194406124768,0.028474304286077886,0.028189239795840825,0.027828124604492646,0.026938738377776383,0.026230545967340216,0.026375765104603162,0.02594120483450622,0.02542545403211574,0.025309394998832252,0.02547225125321992
2022-09-01,2022-09,2022-09-01,2022-09-01,True,0,318,317,317,317,317,0.029365571286443584,0.033580910030878236,0.032360000108909256,0.03546196548321367,0.03473677514127592,0.03489131966836154,0.03484270124335267,0.03456822081697289,0.03511237525671716,0.03512709720377288,0.03465554093926157,0.033789395519478196,0.03405719706653145,0.033258034951348756,0.03260601976156255,0.03228241548828527,0.03208960385173787
2022-10-03,2022-10,2022-10-01,2022-10-03,False,2,317,316,316,316,316,0.03243614016670432,0.03929005674619819,0.037941706610909946,0.04113287432927448,0.042006085242735414,0.04200183107183414,0.04175927067542571,0.04089763871830104,0.0410376050363768,0.04068735698709249,0.03974168913504006,0.03843048783119012,0.03839584788725622,0.036981576827873425,0.036089088375668384,0.036135911072015484,0.035763268249674934
2022-11-01,2022-11,2022-11-01,2022-11-01,True,0,318,317,317,317,317,0.04060326978339936,0.04534722784582744,0.04382775916905989,0.04681710398588981,0.04636538896940053,0.046646500360526685,0.0461269487410423,0.04505960586252316,0.04470377987272368,0.04443965137215276,0.04340620709852373,0.04229775808577986,0.042152527938835054,0.04092354547136753,0.03963504597367841,0.03998297991680549,0.039789844234994536
2022-12-01,2022-12,2022-12-01,2022-12-01,True,0,320,320,320,320,320,0.042929240490324413,0.04607841898346751,0.04516221782110759,0.046018828971259085,0.04484923978134746,0.04444190304326334,0.043318746043467124,0.041881847124500216,0.040302939190106836,0.0389915330304537,0.037673200311903236,0.036371658829331355,0.03618854925404176,0.03532533035124881,0.03422000094744238,0.03462208063557598,0.03442248480161164
2023-01-03,2023-01,2023-01-01,2023-01-03,False,2,319,318,318,318,318,0.043970135287281276,0.04735992215902225,0.04483482691441338,0.046661619257460166,0.04621950094110675,0.04558806160109638,0.04418799691249836,0.04318911708398276,0.04153333484675219,0.04070960844044327,0.03938538065807121,0.03855859805178649,0.03810672804887069,0.03773490656068443,0.036787154495538536,0.03678947483661702,0.03672903612479502
2023-02-01,2023-02,2023-02-01,2023-02-01,True,0,319,319,319,319,319,0.04626039397462681,0.04750187769907771,0.04640606146597039,0.04623181029847604,0.04591689552278752,0.04423730133548398,0.04223030586129865,0.04054382741504554,0.038436711608073604,0.03730276322402889,0.035880761001583814,0.0348104407985195,0.034586025415661296,0.034126929307341854,0.033191788877733414,0.03349121311630232,0.033635386069295455
2023-03-01,2023-03,2023-03-01,2023-03-01,True,0,324,324,324,324,324,0.04812038502951845,0.05067133038086725,0.048506294986635126,0.05107301410216544,0.05114134091878112,0.050565856697192026,0.049380186830032397,0.04820176259809435,0.046318123698657024,0.045132668121481284,0.04336901287340849,0.04196467342078874,0.04147743869729368,0.04087611038903358,0.03948059857930383,0.03942369138529664,0.03914630775413866
2023-04-03,2023-04,2023-04-01,2023-04-03,False,2,321,321,321,321,321,0.047659184761080116,0.047556894288175076,0.04379618082983441,0.045322522534773396,0.04344478418551913,0.04194769866567103,0.04071462304426997,0.03922017108869712,0.03767092955012647,0.036623208280919,0.03573702411533644,0.03471839268377368,0.034868431298723246,0.0341675424623991,0.03355001907935352,0.03385415301067593,0.03361086022351469
2023-05-01,2023-05,2023-05-01,2023-05-01,True,0,324,324,324,324,324,0.050919459255804406,0.04976507253632585,0.04694812064863317,0.04806351227025711,0.04609523663737103,0.044065298578714225,0.04246323855527842,0.041080294358834,0.03921599282591897,0.03809525316663724,0.036843469002664817,0.036014993694988305,0.03613673201696815,0.03551040579224439,0.034762043252541536,0.03517745290222369,0.03514961942935823
2023-06-01,2023-06,2023-06-01,2023-06-01,True,0,327,326,326,326,326,0.0529872094926546,0.05339041543729614,0.04978997354385995,0.05091119189284749,0.04829249091964097,0.04651511622723468,0.04474032415644624,0.042928261579181226,0.04050114031985842,0.039326251739729715,0.03796037840846124,0.03665829286228603,0.036596303946144465,0.035873095512995105,0.03543245189594453,0.03563878514960218,0.03539355009625835
2023-07-03,2023-07,2023-07-01,2023-07-03,False,2,325,323,323,323,323,0.052831136427827226,0.05395155640994011,0.05306831282400076,0.053310736824150204,0.052938494198903736,0.052050481791877524,0.050358579236168495,0.048732865830718994,0.04630946319663627,0.04464681194934527,0.043009729442402986,0.04135151312392268,0.04063715634836066,0.039411946965811136,0.03836621311858797,0.03813463591318819,0.03765783207726746
2023-08-01,2023-08,2023-08-01,2023-08-01,True,0,328,328,328,328,328,0.05373834131523984,0.05407107763261538,0.05295739699157565,0.05287156225121442,0.05241637073252283,0.051156776556736644,0.049919715081108415,0.04852297904186571,0.04647933241480732,0.04488370745784219,0.04302402134205912,0.0415980692319881,0.041211431125776465,0.04044042749859849,0.039866153102205405,0.03981244778952133,0.03942438517398514
2023-09-01,2023-09,2023-09-01,2023-09-01,True,0,331,330,330,330,330,0.054080516505198635,0.05417441827780681,0.05337103930895622,0.05278313748493103,0.05150063632203831,0.050384982349725556,0.049251740575337856,0.048093117035285335,0.04616501858730938,0.04488950049386616,0.04364612815956082,0.0424150408650121,0.04238746131938269,0.04190053943929714,0.041326917860465134,0.04146814242885992,0.04105255126083396
2023-10-02,2023-10,2023-10-01,2023-10-02,False,1,327,327,327,327,327,0.05460947009829095,0.054882368181291455,0.054197005721502226,0.05415749396576516,0.05315136326410239,0.05248842654561422,0.05138417333625534,0.0503753883206583,0.04895105957287462,0.047856204793555936,0.04723374592484617,0.04656614571944595,0.04696853430014371,0.04646134682376519,0.04638468164453495,0.04647126943901275,0.04604343256102826
2023-11-01,2023-11,2023-11-01,2023-11-01,True,0,330,329,329,329,329,0.054191447176505356,0.05445689341071114,0.05334878721906333,0.05287514912331082,0.05163202491463666,0.05082332357417665,0.04956645583857928,0.04877485212318833,0.047687081442067916,0.04683700205762685,0.0463318635104544,0.04610210448386508,0.046827052543372785,0.046617441231931143,0.046655028360026086,0.046910266582577013,0.046759533795490665
2023-12-01,2023-12,2023-12-01,2023-12-01,True,0,332,331,331,331,331,0.05343912408639518,0.0530238501887653,0.050462982728018704,0.050124774024988945,0.048525147985180164,0.047204690833402764,0.045720019136359674,0.044626453316738555,0.043145253286885614,0.04232721177484526,0.041482184457875756,0.040870092187807947,0.04145864516988827,0.04145266172951315,0.041568177093471784,0.04173733520702427,0.041428568067168194
2024-01-02,2024-01,2024-01-01,2024-01-02,False,1,329,328,327,327,327,0.053454751907895934,0.05177888841663422,0.04835171521792959,0.047268237341328304,0.045734404065594314,0.04453574484179467,0.04373424459223612,0.04255150314487903,0.040923375060421825,0.04013560957260582,0.03927211776948581,0.03876518239718131,0.03904452029666669,0.03881889591820768,0.038981372008585154,0.03893521702793103,0.038750344766710736
2024-02-01,2024-02,2024-02-01,2024-02-01,True,0,331,330,330,330,330,0.05319930917237334,0.05102019799399256,0.04766494574517066,0.046263264320361014,0.04521092649069726,0.04333061365932997,0.04231086858001569,0.041399754193763155,0.04007072762529245,0.0391608444488348,0.03821996598775012,0.03770952516127464,0.037979635299009454,0.03796034871366986,0.038240909282441206,0.038355759654341876,0.0383045750113372
2024-03-01,2024-03,2024-03-01,2024-03-01,True,0,329,328,328,328,328,0.053428464494426474,0.052113770024896415,0.05006359340445964,0.0488100613398537,0.04790136388147065,0.04671420098910735,0.04555359881155724,0.04467742111605843,0.04315465021835592,0.04258732408908592,0.04176304734770098,0.041137843104056306,0.041386516703155414,0.041356630278325576,0.0415377071096958,0.04150074750968116,0.04125479132500358
2024-04-01,2024-04,2024-04-01,2024-04-01,True,0,328,327,327,327,327,0.053628953345993206,0.05235784197641968,0.0503117479355336,0.04996842656796172,0.04907142154220027,0.04805746687770496,0.04731336954114341,0.046426448630596,0.04518793892253122,0.04447021348809512,0.043483391622935755,0.042714069516330076,0.04277707182494693,0.04258188989458112,0.04264351616838732,0.04265496287255763,0.04243115723718863
2024-05-01,2024-05,2024-05-01,2024-05-01,True,0,328,325,325,325,325,0.05374555607161253,0.05312385266768758,0.05306812017795241,0.051338346381253015,0.0509291431508221,0.05020664884576455,0.0497158729845253,0.04904519600261196,0.048159364530651214,0.04749806330418358,0.04669447936270784,0.04595682557761052,0.04590484002651991,0.04571111053147361,0.04584185283359459,0.04576538394735178,0.04548691910280922
2024-06-03,2024-06,2024-06-01,2024-06-03,False,2,330,325,325,325,325,0.05370862631306947,0.053018413055368946,0.05160657498749574,0.051255823210110685,0.05028924042335684,0.04965054491913978,0.04830662625708008,0.048010292780634616,0.04684141088714667,0.04585334648100919,0.04520490196037642,0.044052698498896724,0.04452814147234654,0.0432676761642474,0.044633022953952155,0.04457923232937205,0.04436158355124087
2024-07-01,2024-07,2024-07-01,2024-07-01,True,0,330,325,325,325,325,0.05278641659719749,0.05249416918784451,0.05113974333777344,0.05050344528245638,0.04960822579558577,0.048514545287040245,0.047747084067465154,0.04691247638103892,0.04576484007686635,0.04512362731752497,0.044366202458751385,0.04375910778753509,0.043901428094425286,0.043736940443977815,0.044021487821312766,0.04420875451723202,0.044004837575780456
2024-08-01,2024-08,2024-08-01,2024-08-01,True,0,332,329,329,329,329,0.05214237953107488,0.049593812684885864,0.04656497462810606,0.04666781566391281,0.04444986316919422,0.043492165755670234,0.04199571149364434,0.04098480137472074,0.0397590554985757,0.03908184490702278,0.03827945426668516,0.037910466053553665,0.03832082245524035,0.03839143376103544,0.03900664259118631,0.039376918160665526,0.039369262939029474
2024-09-03,2024-09,2024-09-01,2024-09-03,False,2,330,328,328,328,328,0.049839811981395546,0.04670089995235126,0.044144681765801684,0.04290532075799383,0.04132555439140033,0.040197070778124046,0.03911932693329527,0.0382927090322991,0.037402392919319356,0.03688003632473454,0.036464225251927405,0.03622616300017468,0.036711300589600517,0.03697317495811275,0.037422066271823685,0.03796585089126471,0.038105802818891824
2024-10-01,2024-10,2024-10-01,2024-10-01,True,0,332,329,329,329,329,0.04533181047488312,0.042851251153592985,0.03965116855757294,0.03890202577166214,0.03773841530184401,0.03695411119461002,0.036283958230585084,0.03565727748549684,0.03515079834473825,0.0348744521260528,0.034955040840721985,0.03493507301592198,0.035492349207881406,0.03576823513026664,0.03639043123207577,0.037021247495076064,0.037206234550274074
2024-11-01,2024-11,2024-11-01,2024-11-01,True,0,332,331,331,331,331,0.043450316434151634,0.04320829994185675,0.04211742798295823,0.042092118896932124,0.042236393777394486,0.04214464449299208,0.04179177916531822,0.04151573413145592,0.041444982848133485,0.0414174102131301,0.041825932129830365,0.041829004765165656,0.04234477284668435,0.042668935661763246,0.042886247483944595,0.04334316991460502,0.04332232585781854
2024-12-02,2024-12,2024-12-01,2024-12-02,False,1,334,332,332,332,332,0.04398781668007439,0.043368012255955705,0.04266017489794473,0.04248019367532298,0.04272679886479263,0.042237030406642506,0.0417603948381309,0.041430763292038805,0.04114986781540563,0.04089243145816678,0.04080893659189579,0.04053199700616962,0.040894236316081384,0.04093466131462199,0.041091315631844684,0.04151403438996734,0.041507109109275346
2025-01-02,2025-01,2025-01-01,2025-01-02,False,1,334,332,332,332,332,0.042440303046472574,0.04203932553875059,0.041363271749427145,0.041210090105143385,0.04214151787586125,0.042117915758110774,0.04206310336426747,0.042025162511666415,0.04225534035042423,0.042499483760095325,0.04310625008738631,0.04341420454549002,0.04402634464570392,0.044473637361448715,0.04473245317003924,0.04531269220761478,0.045375016450768385
2025-02-03,2025-02,2025-02-01,2025-02-03,False,2,333,331,331,331,331,0.04229320497819662,0.04237037865379669,0.04148601511747711,0.04171067462667759,0.04226692368530601,0.042119493801317645,0.042078988038571685,0.04211139211148078,0.04223307444617996,0.042400190442462,0.04282062572121514,0.04313040614247834,0.043667912571333775,0.044131933503123416,0.04451469842681831,0.04492295691959094,0.04488717903776213
2025-03-03,2025-03,2025-03-01,2025-03-03,False,2,333,331,331,331,331,0.042256429926198234,0.0419205112521587,0.04022554266678414,0.04026068290332471,0.03996123487955261,0.03949291214078175,0.039313841886684436,0.039129432216358985,0.038981552991742524,0.03895366458410502,0.03923408441555887,0.0392745791106559,0.03991400425622525,0.0402332039316287,0.0406846825966571,0.041188155646551906,0.041340071306448574
2025-04-01,2025-04,2025-04-01,2025-04-01,True,0,334,332,332,332,332,0.042337324402109494,0.04146265536129075,0.0397561718363455,0.03984187860481097,0.03953120208177226,0.038893615339770184,0.03869251112774911,0.03840410017134694,0.03819301094382272,0.03818340328955721,0.038541633002750375,0.038876635750416534,0.03959646861377571,0.04009573574438804,0.0407371833941544,0.04132232687662171,0.04151607044362737
2025-05-01,2025-05,2025-05-01,2025-05-01,True,0,334,332,332,332,332,0.042240214442335645,0.04131075745839447,0.039456114392402174,0.038882964296368214,0.03838014431087861,0.03756398492598647,0.037110126526940596,0.03666430422237295,0.03647671183005118,0.036532398972710045,0.037133701965119004,0.03777605160363896,0.03895176493605568,0.03983685609311819,0.04084710229642474,0.04184893544670626,0.04221373346421446
2025-06-02,2025-06,2025-06-01,2025-06-02,False,1,335,333,333,333,333,0.042681180989993225,0.04205666547506085,0.04105436290151611,0.0409693708341964,0.04040768458133195,0.039904800243713685,0.039498721552303516,0.03903875004205297,0.03871403449694383,0.03866033983419409,0.03922299133739165,0.03981961942977638,0.041084868723628085,0.04196481644555843,0.042918162260800585,0.04395458066158217,0.044513344279006564
2025-07-01,2025-07,2025-07-01,2025-07-01,True,0,336,334,334,334,334,0.04252946347088486,0.04161833520413724,0.039889650771330505,0.03959593353500779,0.039098776258168454,0.038381525141146566,0.03791468944384214,0.03746616490915857,0.03719809678809715,0.03719008149723617,0.03762491010905733,0.038150049831111435,0.03915764002302562,0.04006138509933224,0.04097854063392963,0.041980933657426285,0.04252779384834508
2025-08-01,2025-08,2025-08-01,2025-08-01,True,0,335,333,333,333,333,0.04123678831394028,0.04007970658223115,0.03888234323504518,0.03854632969145886,0.03807197196304445,0.037359828023257456,0.03683100313469649,0.036412563591862235,0.03616487461733775,0.03616131014198311,0.03665409323144104,0.03731730066933143,0.03848102905399311,0.03946994498878807,0.04053330222608469,0.041621550121495744,0.042185707573936804
2025-09-02,2025-09,2025-09-01,2025-09-02,False,1,338,336,336,336,336,0.04028579424573546,0.03926283604052767,0.03802162166519851,0.037537329028003934,0.0375947191940985,0.03710451796353584,0.03654602393275317,0.036096292275269656,0.03583541983175366,0.03587043497909086,0.03637708044809657,0.03711082607580366,0.0384178697584814,0.03956767306277195,0.04074464662516914,0.04200638802302641,0.04294012779844804
2025-10-01,2025-10,2025-10-01,2025-10-01,True,0,337,335,335,335,335,0.03875644113212657,0.03757092474525699,0.03597958619214555,0.03577757475233107,0.035911405922097704,0.0356422303491187,0.03535987897559852,0.03509412363005368,0.035100658273029675,0.03528686027038624,0.03595683987479485,0.03661143722384242,0.037684066816652,0.038644752155421735,0.039491763249350234,0.04053286693019009,0.04109101538501665
2025-11-03,2025-11,2025-11-01,2025-11-03,False,2,337,336,336,336,336,0.03805052351997546,0.03739064602589985,0.03662619694516604,0.03636362058825353,0.036401102850786245,0.0361065875856294,0.03579229413049828,0.035575114081005096,0.03565257323248317,0.035784494108819294,0.036271941080575174,0.03686414546669318,0.03789947960261861,0.03880322564918239,0.03960231329804586,0.04057632550455206,0.04090901298382739
2025-12-01,2025-12,2025-12-01,2025-12-01,True,0,338,337,337,337,337,0.0372240468965424,0.03672040681616499,0.03565488764114177,0.035734389115649655,0.035870188015537124,0.03554682124988899,0.035257439542890755,0.0350696124770969,0.03499229141966011,0.035219049820338584,0.035908727816510035,0.036524029050458984,0.03756524561472627,0.038489138104624454,0.03932507783807992,0.04032677067163495,0.04096548851147378
