Month,y3,y6,y9,y12,y15,y18,y21,y24,y30,y36,y48,y60,y72,y84,y96,y108,y120
1972-01-01,3.833789819356946,4.011664520337936,4.176314446548925,4.328215931409075,4.467999994711023,4.596389736548797,4.714154501507193,4.822076868274776,5.011458718577188,5.170346674280433,5.416521561937319,5.5931662574952465,5.722703606261647,5.8200571164318555,5.8950607084409965,5.95421874103334,6.001885702142929
1972-02-01,3.5372597608065885,3.81864145017008,4.065234365315722,4.28186257460618,4.472639037580374,4.6410743770607406,4.790168612608892,4.922488566338039,5.145288908484592,5.323588484444756,5.58577796883603,5.764656022886147,5.891752123262694,5.985464887350897,6.056864834018141,6.11282885871029,6.1577682710942465
1972-03-01,3.561985216444149,3.7779883720483003,3.9771857729586184,4.160374869364202,4.328489529399473,4.482535194073735,4.623542053147141,4.752531933137169,4.978377541279659,5.167393824465535,5.459491844752985,5.668590919912411,5.821708294707542,5.9366861499800585,6.0252250060918815,6.0950398666921295,6.151285351286953
1972-04-01,4.100954649081828,4.429389790064804,4.701517281598915,4.927576454214144,5.115894475514732,5.273248587421499,5.4051591293648515,5.516126646292746,5.689250855952716,5.814664608227127,5.976644003576755,6.071585677990002,6.131829170722579,6.172952255390817,6.202797933648139,6.225529635735606,6.243491842326173
1972-05-01,3.6351691150540155,3.9462188824001525,4.211911372040908,4.4396046689355115,4.635395191132574,4.804341329947381,4.950646577047777,5.07780958923006,5.285895711582903,5.446648856739086,5.673173693481326,5.820877648726536,5.922653439836302,5.996247733085838,6.051666269060965,6.094813112836741,6.129332163412504
1972-06-01,4.114203603476575,4.291437990975163,4.452528001712319,4.598819169356843,4.73160665706385,4.852117338600752,4.961499267840212,5.060816521176506,5.23308818174881,5.3757754443307055,5.593841175355106,5.748335124242069,5.860756128446478,5.944859478015025,6.0094839223605785,6.0603803032566965,6.101357446181616
1972-07-01,4.4346987843152785,4.661661325951878,4.852511661474529,5.01350412853621,5.1497645697949626,5.265498716469283,5.364161534392845,5.448594916179682,5.583726835644629,5.685134492675877,5.822746577333757,5.908648711033307,5.965984295302552,6.006569453928778,6.036729315262013,6.060029638853961,6.078590458789773
1972-08-01,4.116127073156062,4.38215493120995,4.607428920485583,4.798817884118173,4.961976414876533,5.101565519934228,5.221432473825468,5.324757498103533,5.491863649734459,5.619016600746893,5.794756120042384,5.906857194457691,5.9828940722191,6.037307917011349,6.078021694967905,6.109602219381757,6.134815578660689
1972-09-01,4.921434382276274,5.065549763575305,5.194383625746966,5.30966228741142,5.4129226575079885,5.505529940791728,5.588694584338253,5.663488216516998,5.791642410275236,5.896321051733636,6.053875966958526,6.163882140908079,6.243208853067261,6.302231962474225,6.34744183892702,6.382984690168525,6.411572872406892
1972-10-01,5.167785466885888,5.286214908631408,5.391526680093545,5.4853037247604925,5.568934753608028,5.643637183229542,5.710477691621076,5.770390548706037,5.872604147455869,5.955677161850398,6.080014809011721,6.166355323089295,6.2284022441284845,6.274471858852024,6.309716673416135,6.337406166053818,6.359669275794815
1972-11-01,5.083487811893851,5.2242538435650765,5.3461358452587895,5.451981641628196,5.544181287363678,5.624743664418376,5.695359904825201,5.757455950828285,5.860719463148746,5.9421196859382635,6.059702882219197,6.13845589358666,6.193731163916979,6.234176893298707,6.264852467412257,6.2888339216974005,6.308063677916027
1972-12-01,5.176600552472764,5.263658536006548,5.344105204211342,5.418214388576396,5.486326073192121,5.548817830876133,5.606084031649076,5.658520982317564,5.750443263544529,5.827478157034525,5.946692475472851,6.032143069855357,6.09476504359028,6.141810393731528,6.178047328679253,6.2066251873903155,6.229650439587237
1973-01-01,5.382460764571125,5.506621837699721,5.6113223141022335,5.699897141158032,5.775084233185183,5.8391340516958,5.893898756029537,5.9409047733433,6.016461506472096,6.073489752270536,6.151475660675736,6.200606287931768,6.233626132809749,6.257109989313008,6.274613401703431,6.288159570255151,6.2989609228169146
1973-02-01,5.911523197233752,6.0098074917213244,6.088949458902625,6.152686026506224,6.2040239251693015,6.245382435997531,6.278708224671301,6.305567721325997,6.344683753431514,6.370140228926077,6.3975821082621716,6.409372608601405,6.414537880155321,6.416878596386832,6.4180003281751565,6.418584958811062,6.418924645117304
1973-03-01,6.017618190053166,6.152802251146134,6.2572868380593425,6.337494628344221,6.39854275205565,6.444504619664946,6.478619627145971,6.5034610679371525,6.533065500327867,6.545059950191998,6.5427081618540575,6.527236274924812,6.509817136606907,6.494036812145208,6.480690030543171,6.469639320685449,6.460505914219799
1973-04-01,6.853425919043348,6.873874974595929,6.882964351007949,6.883636778487064,6.878174644724843,6.8683402337073325,6.855486982148569,6.840647650851364,6.807942566308012,6.774383705324945,6.712412903759049,6.6613768951321015,6.621057118064177,6.589473537669531,6.5645740763621205,6.544685463401869,6.528550858117717
1973-05-01,6.73641701375134,6.728945616600857,6.720559773018505,6.711670920898809,6.702582692727465,6.6935155713724,6.684626223638204,6.676022626056356,6.659929336147406,6.645513081361372,6.621686735870276,6.603608679826973,6.589919310087722,6.5794396695682265,6.5712812328254016,6.564809104550473,6.559577827867866
1973-06-01,7.442303805951198,7.270904277120251,7.134970647158034,7.027374554947631,6.94240462214507,6.875486296576245,6.822956919037233,6.781885148397274,6.7252045878395075,6.6917836522260545,6.663040722525884,6.6575847812364675,6.660267061302709,6.66524200231834,6.670383484157804,6.67501496870055,6.678999065861726
1973-07-01,8.567086957616636,8.230243213593637,7.958848264246994,7.740140710074215,7.563850923196572,7.421714162918519,7.307078865611759,7.214591499880795,7.079664855088772,6.991594960733057,6.896108972781851,6.854565122387217,6.835984150896339,6.827281448965231,6.822903710281065,6.820475442314743,6.818967395043294
1973-08-01,8.966547767777834,8.793837106557328,8.642069058004667,8.508403138506,8.39040704355779,8.285996036011193,8.193381502770716,8.111027280941943,7.972000412211873,7.860398544114574,7.69570122126556,7.582929844305969,7.502615096681665,7.443309791208668,7.3980860993986255,7.362621995993154,7.334136509056826
1973-09-01,9.346447725546476,8.909157087207731,8.555190470816473,8.268462861540897,8.036010922614254,7.847385520520217,7.694162648338536,7.569549648575285,7.3852987308696845,7.262319710153543,7.123298547721327,7.057463121644177,7.024129596250798,7.005694928271905,6.994418816652538,6.986813464000116,6.981249480004127
1973-10-01,8.260055842781473,7.891325381447082,7.600238392806561,7.3710646316515405,7.191214960463206,7.050618482271029,6.941222703545731,6.8565924843647945,6.742108190147764,6.677299379472538,6.62781362156041,6.625835706921809,6.639158738757188,6.655712758334418,6.671359224137923,6.684973888644393,6.696501594425816
1973-11-01,8.066172023714453,7.728568715783552,7.462268349914262,7.252805798345887,7.088606620203865,6.9604135697456275,6.860826420790121,6.783932773006748,6.680297234463583,6.622086067562612,6.5787402532759325,6.578480311197849,6.591878949751742,6.607965464893596,6.623019868471785,6.636065451643521,6.6470899198974305
1973-12-01,8.25801575125927,7.871761775475071,7.566725185136706,7.326462222376145,7.1378115194089755,6.990243368632596,6.875337505183803,6.786364081961474,6.6657967431112795,6.597296927995387,6.544395076937421,6.541481997864365,6.554787226108477,6.57162361781378,6.587618427629831,6.601565434582327,6.613386139046258
1974-01-01,8.10165980236544,7.714061945386314,7.413190734183255,7.18101109797416,7.0031419994464095,6.868125122098033,6.766838936862111,6.692029366346816,6.5999809587287,6.558772531445521,6.553639392159668,6.588614209438871,6.631294462065082,6.670912029271693,6.704769570479546,6.7329427302011196,6.756286298333389
1974-02-01,7.581596682109459,7.246143303469752,6.99501836225172,6.809892416311122,6.676237313836599,6.582554370530174,6.519757487589659,6.480680317971446,6.452336662017264,6.4654950807541045,6.54609505409989,6.6435754392342705,6.732527279646955,6.807112719530001,6.867995550393429,6.917522025888745,6.958087579184522
1974-03-01,7.933233261762963,7.5878970288954255,7.324191156316907,7.1247673249939725,6.975833319277494,6.866436121794754,6.787888233013311,6.733308757880262,6.675436314430517,6.661685436044389,6.697112638136071,6.7598872982515745,6.822379000991035,6.876631333429177,6.921651318221843,6.958579143537449,6.988955145256388
1974-04-01,8.707667018140206,8.464849325077209,8.266446202264433,8.104069996476754,7.970938716566824,7.861566488273735,7.771513930421429,7.697186822607181,7.584614797235992,7.506565211209131,7.4123657283642626,7.362370075392388,7.333460690042707,7.315166854654962,7.302591056789873,7.293340560520651,7.286179558781639
1974-05-01,9.195486694776523,8.999652994486032,8.830204052701324,8.683144721833125,8.555124512243943,8.443329332511293,8.345391913850023,8.259317629497158,8.116284718046396,8.003637478784185,7.841095188684866,7.732355499066653,7.6560922895287735,7.60031673891317,7.558026876729472,7.524971199916397,7.498467647766137
1974-06-01,8.666008325495866,8.591950271358986,8.518180323038585,8.446031718206074,8.37641366469693,8.309915595451693,8.246888048676496,8.187505183643331,8.079765662405839,7.9861286271440175,7.835760499511565,7.724379317512111,7.641166360493862,7.577948319950934,7.528943029790831,7.490158471657825,7.458849640538053
1974-07-01,8.14850868977682,8.262677811891255,8.333725662400006,8.372123200099413,8.386053767398735,8.381891860098824,8.364583861373646,8.337950561883916,8.267754470053278,8.187320128213432,8.027584237605776,7.889844789015975,7.778651127626821,7.6905736473116715,7.620721923487669,7.564749110854685,7.51926419159723
1974-08-01,8.325086107894439,8.443193448710153,8.516585587618025,8.556125928019101,8.570304007964475,8.565732380433047,8.547541741600629,8.519694881506458,8.446487863697447,8.36271812983566,8.196495308867584,8.053232525768664,7.93760579188697,7.846027204175223,7.773403203146904,7.715210800860582,7.667922988947048
1974-09-01,10.1906098482072,9.884462527459002,9.630572248666857,9.419461900169457,9.243420953128487,9.096171245369284,8.972596561276292,8.86852375950212,8.705877015635895,8.587764931024497,8.4346716760599,8.344508481340117,8.287065155248014,8.24773482789774,8.219132483857017,8.19732074745258,8.180073237802544
1974-10-01,8.088884144706107,8.088900148773966,8.085582312732752,8.079908856361731,8.072628327066097,8.06430953199567,8.055381002107756,8.046162138888244,8.027727395723543,8.010188127734281,7.979634516683345,7.955485776846916,7.936796775932932,7.922317098682478,7.910969653553763,7.901935003692711,7.894618280453749
1974-11-01,7.974808886420145,7.9241120169296515,7.87901830947388,7.8388537254464605,7.8030265314399205,7.771017662858632,7.742372069014709,7.716690980340589,7.672868156639295,7.637242258264642,7.583904245625459,7.546855395203049,7.520226073761105,7.500451689421343,7.485322627093587,7.473436296542879,7.463879168800565
1974-12-01,7.8374719618752025,7.690084196959238,7.576384546749508,7.489306761338454,7.423222969400847,7.373654958418692,7.337042965613041,7.31056057714161,7.279486476159822,7.2675535395393736,7.272110854934844,7.290554743720386,7.3107654772596655,7.328914860794986,7.344206694172134,7.356844315542423,7.36727949122568
1975-01-01,7.149024105841798,7.1292514316209985,7.115666866949,7.106832656750059,7.101619017895241,7.09914040163821,7.098704713624891,7.099772884718479,7.104843265065631,7.112031758916142,7.12795290712704,7.14252684371368,7.154601910113873,7.164291313245047,7.172027999345476,7.1782498450553085,7.183315512974481
1975-02-01,5.693380969386098,5.842934652398861,5.976333680312512,6.095456535421406,6.20196470966503,6.297325520774847,6.382833209403685,6.459628250680617,6.590976946893018,6.698044129864778,6.858824442682258,6.970832068184514,7.051488601198655,7.1114500837276085,7.1573559065075205,7.1934357874200145,7.22245148040716
1975-03-01,5.704924348989282,5.793655180563708,5.880849105854999,5.965258524427144,6.046061743422174,6.122755924268914,6.1950742915063675,6.262922369809118,6.385409664364893,6.491321606326949,6.660547912246325,6.7853555197145266,6.878367921699055,6.9489301512496215,7.003584495512907,7.046820661895702,7.081714651829163
1975-04-01,5.67984668960004,5.976232587449343,6.218371455530994,6.416511370299851,6.578938167793395,6.712353789188581,6.822181378456841,6.912811349724883,7.050029036183316,7.145117458049712,7.2597852732414365,7.320563065284776,7.355658681608707,7.377839975450414,7.393073865075393,7.404272552902197,7.412938383011501
1975-05-01,5.643191586783381,6.0969218797330615,6.4583610995430885,6.745911481069444,6.97433410715163,7.155466648092721,7.298799922595763,7.411941013132541,7.570814808106325,7.667685759495603,7.758403719094341,7.784408664636275,7.786255719340719,7.780018222901873,7.771840232579364,7.7639050377135765,7.756861149792831
1975-06-01,5.199592612917206,5.551744156823819,5.848212285837946,6.098599071956765,6.310779596896322,6.491220066372382,6.645236446775192,6.777204856096285,6.988798656458432,7.147972698378267,7.364679674143331,7.500485372362373,7.591397557876774,7.655880550011279,7.70386079310799,7.740956423475896,7.770518961166616
1975-07-01,6.107181208294904,6.369024693469223,6.5802843207476664,6.7507942725990056,6.888471918042213,6.999691908325819,7.089587207908279,7.162291337654792,7.268794543415251,7.338795131378922,7.415703016071633,7.450116850594881,7.466201271466343,7.474237339123616,7.478636454387988,7.481317133008629,7.483131678720909
1975-08-01,6.707905941954405,6.920818709739535,7.09591811652484,7.240226786583035,7.3594373946260685,7.458167137662886,7.540163218949814,7.608468811480711,7.713439793484745,7.787835165718327,7.880811575336084,7.932852076429448,7.9645486114120585,7.985507230620621,8.000388176846819,8.011567841968965,8.020331883054174
1975-09-01,6.98065959398877,7.111177336040916,7.223715973772675,7.321053922031495,7.4055127674155745,7.479035330132205,7.543250034390596,7.599524034049724,7.692667888323801,7.76566683005307,7.870378368043607,7.939990668061154,7.988604911493053,8.024063180182926,8.050904523691782,8.07186540800638,8.088662907985096
1975-10-01,6.972815088624814,7.189594141814293,7.367239330447791,7.5130868461594345,7.633075095483367,7.732013290532958,7.813798170951559,7.881588905622014,7.984956637339988,8.057364372328557,8.146213813449727,8.19460334874672,8.223318707688323,8.241902300049029,8.254893969320142,8.264557296974377,8.272088071337617
1975-11-01,5.605828148516474,5.891784344036322,6.135084827331492,6.342775140731125,6.520674946768049,6.673597975195865,6.8055317170125775,6.919784333261546,7.105781554435265,7.248522417919223,7.447987217385753,7.576832042808019,7.665023883456942,7.728518043374562,7.7762033240722115,7.813271868048494,7.842902569306696
1975-12-01,5.958229609945657,6.163633439526952,6.345836120414697,6.507715153770004,6.651780158270877,6.780219395190416,6.894940748226813,6.997607720910758,7.172395966304106,7.314108066401182,7.525631578734917,7.672118379974387,7.777208009369369,7.855155243007512,7.914751060372337,7.9615553423013745,7.999180161449043
1976-01-01,5.473280159035616,5.689644264508052,5.883716364275962,6.057897285580202,6.214348324570648,6.35500808022818,6.481610192440108,6.595701191203706,6.791704124926206,6.9522872806575915,7.194796855721737,7.364668845430329,7.487414412806775,7.578855441968792,7.648946510745778,7.704072494178208,7.7484217161310776
1976-02-01,4.903095993029189,5.163337183165736,5.4001375931954945,5.6153952282914075,5.810952377639978,5.988565336514829,6.149885808677822,6.296450858869945,6.550870785325109,6.761779264362396,7.084403752602214,7.313173673044993,7.479731969256391,7.604375584053311,7.70016847894072,7.775620011536714,7.836370135841115
1976-03-01,5.5960833141401105,5.866327163709695,6.097589808721284,6.29613907908583,6.467175996021325,6.615022693710716,6.7432764802017955,6.854936236074978,7.038081269020811,7.179988081715574,7.380701763188478,7.512115859912007,7.602928968482352,7.6687195251454,7.718318354022325,7.756959739006009,7.787885590162258
1976-04-01,5.229788831162965,5.539734926268752,5.80256605341534,6.026177332095618,6.217074459714503,6.380625307720613,6.521265121001397,6.64266398327011,6.8393889632546845,6.989466023983647,7.197584443360299,7.330852581165125,7.4215011641550905,7.486493244610963,7.535178462801933,7.572967843017566,7.603149659725901
1976-05-01,5.147334375582669,5.451587546854372,5.710794529068528,5.932352215629127,6.122376536107178,6.285931399020733,6.4272158705544955,6.549717316099265,6.74949176513678,6.903150758448135,7.118487260854797,7.258033278937225,7.353769551805084,7.4227995644310285,7.474690477526632,7.515050032754151,7.54732105164815
1976-06-01,5.778524662189155,6.085266040826292,6.339678764327812,6.5512495908603015,6.727697320825713,6.875307215188655,6.999201587536462,7.1035588226534125,7.266686097840128,7.385184268823086,7.538847884242723,7.629402023755886,7.687123965637597,7.726660111916858,7.7554194433535075,7.777354305382632,7.794700719606314
1976-07-01,5.6420014709483555,5.90704286918508,6.133080950233377,6.326489632410821,6.492543319102343,6.635612778761712,6.759325389068733,6.866696323077436,7.042038352729621,7.17714425222477,7.366906271467455,7.49018894513581,7.574918836798095,7.636084314355795,7.682096315670942,7.71789827128881,7.746531694764755
1976-08-01,5.355142477919687,5.61556700687667,5.843027250814066,6.04221297964251,6.217102986106884,6.371077243049412,6.507010882891276,6.627353003205291,6.829315101223944,6.990297430787472,7.225926288449137,7.38592336444749,7.499251977686355,7.582652502746993,7.6461229810526,7.695839502892413,7.73574790691896
1976-09-01,5.269930544176506,5.479214514869428,5.668195919776769,5.838827204478622,5.992915959068081,6.132122321274376,6.257961212375219,6.3718078255698885,6.568372963360667,6.730337783994185,6.976471420717392,7.14992055798998,7.275719639288797,7.369646056857988,7.441736192399524,7.498476012445318,7.544141835115234
1976-10-01,5.223554502135063,5.386128010555511,5.5385305773069335,5.6806351282803895,5.812588034299691,5.934723177356701,6.04749736428243,6.151442245538397,6.335142438814631,6.490455434809861,6.733034242704802,6.908377735931506,7.037524487089664,7.134833985619053,7.209914030310102,7.269180956291181,7.316956931270303
1976-11-01,5.0347001811253085,5.179581897229899,5.322499612610834,5.461256107031037,5.594387187319651,5.720978714418399,5.840524959838466,5.9528193933853215,6.1558396526356525,6.331648277663207,6.612969532240471,6.820713541723681,6.975647263336812,7.093234369397767,7.184333700166016,7.25641037464447,7.314584391198465
1976-12-01,4.553749235925042,4.653878534459715,4.763782043476516,4.878673982804243,4.995042361805396,5.110355725226238,5.222833432161775,5.33126613364091,5.533207324411546,5.713342078878489,6.009893829053826,6.234181433251738,6.403720779464622,6.533380036166241,6.634264466501701,6.714272290699279,6.778930253475085
1977-01-01,4.542723982932532,4.657030806639494,4.776063862153915,4.8962475969263695,5.015017317855045,5.130580793236712,5.241732177630194,5.347707188586114,5.542630199494316,5.714392692904067,5.993923408554634,6.203331253313334,6.3607842528392045,6.480839930763851,6.574095501610085,6.647984889982141,6.707668546861004
1977-02-01,4.908953757008051,5.156558964881771,5.375869476394753,5.570449894243365,5.743398836147376,5.897409914777271,6.03482500667124,6.157680699498788,6.366571124313817,6.5356777861245865,6.787662284341102,6.961876472624945,7.0867239065620815,7.1792653614458075,7.249992285997427,7.305526473216328,7.350163755846475
1977-03-01,4.888867340536033,5.106071777135412,5.305335984013169,5.487767396923513,5.654538881722225,5.806839127594196,5.945837891098023,6.072662430172591,6.29400032107089,6.478584638543091,6.762756262161634,6.965469977286104,7.113597423768973,7.224689001604737,7.310173577776095,7.377552913993421,7.431824356709836
1977-04-01,4.65237473825877,4.928391865943138,5.167061356196182,5.374061039149643,5.554149125342244,5.711319185506688,5.8489282942355505,5.96980307657171,6.17051593650614,6.3284448673978435,6.556074060385095,6.708178645606184,6.814771253127825,6.8926894894429385,6.951750590936304,6.997907520789075,7.034911969767026
1977-05-01,4.919824184364275,5.1340627682653155,5.329363273000326,5.507182795945559,5.668957316178817,5.816071387935716,5.949838577773519,6.071489836755315,6.282924366180435,6.458442144904721,6.727331140888326,6.918265356045061,7.057396294542806,7.161567904072147,7.241650993688714,7.304739087172418,7.3555393084499
1977-06-01,5.251940509079276,5.394413978820332,5.531069869668634,5.660888142096942,5.783301760545442,5.89807499459475,6.005210153941216,6.104876515313168,6.283005402234616,6.435422389484328,6.676412894777177,6.852525222440599,6.98307666090361,7.0818141601761955,7.158159028298815,7.218496065080116,7.267166026593131
1977-07-01,5.296187772994912,5.387908372049009,5.485285662034691,5.584903389137644,5.684284909868498,5.781673962943076,5.875863282250664,5.966060964088049,6.132790733584956,6.280433865318722,6.521835768001174,6.703384115416636,6.840186907394572,6.944625453482689,7.025806067566798,7.090152514382024,7.142138572762377
1977-08-01,5.77180254495106,5.857262010220692,5.9453263325862995,6.033594877778417,6.1203587617056385,6.204436531291867,6.285046046317967,6.361704884581388,6.502294113656164,6.625818077565529,6.826284468382023,6.9761111691333095,7.088617262831265,7.174337627273503,7.240894708911969,7.293617854358793,7.336199316769827
1977-09-01,5.980453436247997,6.047924594639616,6.116967313616042,6.185828621300174,6.253268263618147,6.318436240029412,6.38077739669579,6.439957328520149,6.5482687279453,6.643237636819346,6.79705828635642,6.911831374778457,6.997934620973957,7.063503254399558,7.1143983994416065,7.154708293911306,7.187261382539586
1977-10-01,6.430328030904777,6.458031279568438,6.4921150772840495,6.530176285116793,6.570417558228162,6.6115111231437,6.652491682085908,6.692672382193743,6.768898712394579,6.838100920257628,6.9538776554344786,7.042588562998756,7.110124654990605,7.161980401960688,7.202417473711503,7.234525680940373,7.260490770674559
1977-11-01,6.591774479879536,6.685462489377991,6.767869038493814,6.840511779876043,6.904692391098701,6.961528270211007,7.011979505963218,7.056871830620131,7.132725217214666,7.193680445049258,7.283746312241897,7.34549265146613,7.389503169283779,7.422017136763365,7.446818150580335,7.466270158328454,7.4818958257308
1977-12-01,6.468689448869099,6.564271333946049,6.648810027698185,6.723716990452684,6.790215480400767,6.849365902333528,6.9020878004842405,6.949178916711489,7.029147519474552,7.093791118473977,7.189955948292372,7.25633170343641,7.303848566740153,7.33904708630664,7.365938178745008,7.387048319591643,7.404014246515642
1978-01-01,6.554967150752557,6.655196732029857,6.746038132631766,6.828328067792708,6.9028569711327545,6.9703627303518365,7.031527790011416,7.086978648294818,7.182972065175338,7.262304508853666,7.38325602070657,7.468753155604489,7.530880549824177,7.577320108096764,7.612986797953438,7.641069299848669,7.663675459808532
1978-02-01,6.800341547960866,6.897348263656625,6.984124829010169,7.0618167884711225,7.131446059237651,7.193922008206055,7.250052194335316,7.300552572906128,7.387126245403676,7.4578829656618835,7.564450971320968,7.638905081411409,7.692616268339162,7.732589793259238,7.763212596540918,7.787289376007911,7.806655892664502
1978-03-01,6.79802245649229,6.923540681274636,7.03264830923851,7.1277590905296595,7.210908082700445,7.283813538920023,7.347928393118675,7.404483127186538,7.498930315132252,7.573767118841201,7.682539593413097,7.755864790901738,7.8075537888061834,7.845478737544238,7.8742894007814765,7.8968339076439324,7.914920707552513
1978-04-01,6.778432083868658,6.947093118257935,7.087631249611178,7.205071999606933,7.303513572633537,7.386300996773857,7.456167211692032,7.515347421114497,7.608640780617151,7.677219772900821,7.767673808112574,7.82217703708781,7.8575620507223904,7.882126239320428,7.9001536254716775,7.9139773062637895,7.924942832269198
1978-05-01,6.960747479647501,7.150593032744353,7.3047569026888945,7.430077647193813,7.532072530358445,7.615193870068858,7.683035531618394,7.738499277638895,7.821217665666803,7.8772026668564346,7.942077200978186,7.974231129760599,7.991466963058816,8.001611933542486,8.008185769509556,8.01282388364346,8.016321653830824
1978-06-01,7.232907038287907,7.411600057341141,7.55559202273291,7.671647173553656,7.765209194680418,7.840659220091481,7.901523406713369,7.950639938472186,8.02232284577963,8.069143478092045,8.119972647049165,8.142149319192098,8.152113161465527,8.15681260609132,8.159199794595342,8.160539589795425,8.161381399824483
1978-07-01,7.510001037559101,7.712095000528063,7.870357344233005,7.99378425139222,8.089562331431134,8.163429133101998,8.219962215822527,8.262810890798832,8.318488561216219,8.3472841798859,8.36269268893785,8.354519199714323,8.340052827214398,8.325429327692623,8.312503978847202,8.30157880579514,8.292455993134581
1978-08-01,7.459718269226653,7.677645599534601,7.8468551767341195,7.97747420738324,8.077578473726684,8.153602849739347,8.210670216990447,8.252854934194575,8.304855087629575,8.328258438075217,8.33155191191664,8.312209226768385,8.288461355434778,8.26637936306569,8.24749419429723,8.231774243062294,8.218746833429632
1978-09-01,7.962870017001057,8.052108934852223,8.11862400537881,8.167376548546436,8.202296633025364,8.226492751545043,8.242419365883652,8.252010727103638,8.257943039917091,8.252913038239408,8.228807216812942,8.200769423044562,8.175476539271166,8.154372507541053,8.137186813002335,8.123223841084526,8.111794478930797
1978-10-01,8.727554464506884,8.66121205671483,8.605450603407176,8.558434543241642,8.518659914009305,8.484893064010096,8.456120853335868,8.431510170553208,8.392149646245256,8.362640130360738,8.32264615840645,8.297718896804112,8.28110055072492,8.269346650700257,8.26061646383748,8.253873888845535,8.248503721370344
1978-11-01,9.78058695322419,9.65917136897809,9.54745705488072,9.444920994120444,9.350981045844515,9.265028577525348,9.186451768001373,9.114651838760025,8.989114208309305,8.884209719808577,8.722358269056052,8.606670556463284,8.5220325600704,8.458510853743768,8.409610961275913,8.371058951938792,8.34000290923461
1978-12-01,9.687879348565064,9.619803685186266,9.548800447347245,9.477032187847442,9.40605166193428,9.336945496850543,9.27044634582083,9.207020192705487,9.0903085394674,8.987420597372143,8.819910083627393,8.694378496965266,8.599973757995743,8.52798371391629,8.472060667109393,8.427749559163736,8.3919569149136
1979-01-01,10.098150174605,10.113308356180944,10.099535491693793,10.06503303081707,10.016099349677253,9.957541042619567,9.892998296306894,9.825201956188204,9.68739890720516,9.55449099294144,9.320378305362059,9.133827929170781,8.988848701319952,8.876269054160872,8.787933541333707,8.717555070080449,8.660538508943592
1979-02-01,9.873344048713959,9.794773995517714,9.714591873299508,9.634775025908928,9.556718763455192,9.48137570498977,9.409364297729155,9.341053066301852,9.21613167263099,9.106688828869835,8.929565097740955,8.797492793196616,8.698449037957749,8.623042256446826,8.564517696500605,8.518168254967701,8.480739152524922
1979-03-01,10.028472861218152,9.940383017486587,9.855634410008456,9.774932773149642,9.698686130066594,9.6270838694888,9.560157438860378,9.497826678167513,9.386275676436306,9.290690990666786,9.139343050758441,9.028600524171132,8.94644706120426,8.884287021323491,8.836212596921591,8.798213214017542,8.767559355084087
1979-04-01,10.040638741257858,9.91125987499777,9.79604501291003,9.693313719354549,9.60158627634093,9.5195611190057,9.44609435074689,9.380181273852608,9.267595836088136,9.17596549577272,9.038604940269352,8.943074784161906,8.874357213574145,8.823304532863874,8.784234015381175,8.753532942876747,8.728845811846632
1979-05-01,10.042875843839353,9.9481034915701,9.861415321336542,9.78225288311787,9.710046846219196,9.644234802696426,9.584273396312474,9.529646208889927,9.4344896933784,9.35530069254391,9.233660687776263,9.147069872695958,9.083876259739448,9.03651840977966,9.000092511321487,8.971388415625904,8.948271430682698
1979-06-01,9.923225187683597,9.75572449742584,9.614898496269806,9.496124518334558,9.395614358930889,9.310260133077753,9.23750901795124,9.175261414910882,9.075662832936993,9.000946767213833,8.899603324087895,8.836377130592089,8.794194799832358,8.76434474119953,8.742166549288108,8.725034441559782,8.711388010203455
1979-07-01,9.430865244669636,9.233968656238819,9.076205459858004,8.94985896377441,8.848729399462448,8.767836189546012,8.703178601413637,8.6515433432655,8.57752621983423,8.530662260284853,8.482887655280214,8.464958190535423,8.459014501275044,8.457737351610307,8.458164110042105,8.459121853395148,8.460165479631197
1979-08-01,9.864746695475748,9.637295798046413,9.454211394163972,9.306825752937321,9.188165596968272,9.092620749231177,9.015677588299326,8.953704634818582,8.863552998253981,8.804994428366633,8.742103205357738,8.715303637028352,8.703726335447344,8.698600912990564,8.696233422973554,8.695062339690296,8.694423525883515
1979-09-01,10.713140906643495,10.484963334024435,10.291268873441853,10.12630460899935,9.98532656001066,9.864417489718875,9.760338235348945,9.67040631264011,9.524460842258403,9.412911355117142,9.257842594280568,9.15826645652237,9.090397706263362,9.041672454345573,9.005142233130261,8.97677377500889,8.954110185581447
1979-10-01,10.933157581805172,10.696610779400283,10.495756812523963,10.32464791971539,10.178378485738605,10.052896992946991,9.944852550498702,9.851469560987779,9.69986612353651,9.583935107232366,9.422673415381482,9.31904567372574,9.248378587429823,9.197626757857911,9.159569045130484,9.13001069719454,9.106394868263335
1979-11-01,12.96793712035532,12.69204852945247,12.448837379603454,12.23399414431976,12.043807817136361,11.875080723457907,11.725055539183046,11.591352782434454,11.364972352699159,11.182609956097336,10.912399110676285,10.726628452415142,10.593976985950716,10.495867332219536,10.420981834304317,10.36222544596377,10.315017164151488
1979-12-01,12.546144162505657,12.108091442296182,11.749751204574203,11.456113058745274,11.215034817204273,11.016690254501285,10.853123669120997,10.717890533751191,10.512518626082066,10.369537918997294,10.195807758972386,10.102617862524648,10.048145812224755,10.013346835200899,9.989251985413135,9.97144301205548,9.957616674105974
1980-01-01,12.821388891133765,12.318073218537304,11.90996228026348,11.57874792806452,11.309666772480151,11.090811478029014,10.912576133725201,10.767209564534806,10.5512630026698,10.406028265781774,10.239593626530542,10.158741595120828,10.11644665056084,10.092184965066208,10.076821101983372,10.066168388690224,10.058226370598236
1980-02-01,12.808078053120493,12.45182751722359,12.163355831910716,11.929589227761882,11.739989974836856,11.586063034876997,11.460958845233304,11.359153483238629,11.208476616953922,11.107744383945677,10.993539363044771,10.9391557783101,10.91142009565277,10.895952725540514,10.886414412081605,10.879938310817963,10.875178544979017
1980-03-01,15.630785317979003,15.331186171750824,15.055191654290805,14.801609155006057,14.569077169657543,14.35615082343156,14.161363324944679,13.98326913726513,13.671650767939465,13.411035681265897,13.008596945978033,12.7207116347484,12.50999027475626,12.351796272431303,12.229996221987946,12.133961859827881,12.056596323865103
1980-04-01,16.070562601821067,15.649942674379579,15.275616293596832,14.942048227384044,14.64437270115071,14.378316362385108,14.14012877714571,13.926520091496272,13.56185526619212,13.265250828995816,12.820932926206263,12.51213663347087,12.290107697717145,12.125198465217007,11.999013349465502,11.899867517740738,11.820146884650919
1980-05-01,11.018949974856652,10.81631260897948,10.657500153284985,10.533528797407508,10.43722058485849,10.362843797588443,10.305824582599122,10.262515751999567,10.205998689632827,10.176469534373636,10.159876747086376,10.16716899902366,10.180975284997677,10.195096562907187,10.20763227435758,10.218248931715408,10.227122632907012
1980-06-01,8.43834386268609,8.514873949413301,8.59722155513619,8.682214034844149,8.767538389861032,8.851541899705069,8.93307612008401,9.011375122258249,9.156569023580888,9.285541517423136,9.497033828872803,9.656473735366776,9.77677905384009,9.868692826542167,9.940168257410571,9.996835315328727,10.042622904912458
1980-07-01,8.100258059795296,8.208260514120823,8.315201293750892,8.419324366920101,8.519447871860407,8.614821689491253,8.705017089355408,8.789841555929982,8.943411466236594,9.076587938821149,9.289991418571239,9.44777244859722,9.565526173367571,9.654931169107646,9.724212344988707,9.77903360557478,9.82328354068007
1980-08-01,8.962690059725276,9.064352826200894,9.161558821679556,9.253669889888926,9.340350055919966,9.421483266618212,9.497110460019751,9.567381707168682,9.69279457395978,9.799942933031511,9.969099301657343,10.092549372578443,10.183990254795559,10.253116377614566,10.306551519328973,10.348776394665705,10.382833789790233
1980-09-01,10.277728038547805,10.43376915548369,10.557430847494182,10.655229583081685,10.732385513183283,10.793078894863704,10.840655952561528,10.877794127458468,10.92888927750568,10.958833658510212,10.98416175449309,10.98846549788135,10.9855102375423,10.98058337663269,10.975590932148128,10.971126310984994,10.967298252510071
1980-10-01,12.04762316054691,11.954761800696678,11.874625713191756,11.805257641724033,11.745020767335824,11.692544166318026,11.646677800203374,11.606455340027127,11.539816276679725,11.487527953321827,11.412416436599248,11.362405574054177,11.327443669582511,11.30192619407471,11.28260214691377,11.26750819155219,11.255410763014629
1980-11-01,14.134644322672848,13.801722932495752,13.524880060953398,13.294029517203201,13.100954592135704,12.93895583153769,12.802565832674254,12.687318228102148,12.50630217983631,12.373917341220459,12.20056671852428,12.09708990783145,12.03042191939064,11.984397243421588,11.950742849596017,11.924992807703536,11.904592308173088
1980-12-01,15.870996580258705,15.273980536156236,14.781102246560723,14.373225445499887,14.034812672243667,13.753240079027126,13.518243657714116,13.321471559779596,13.01665082380772,12.798075392239934,12.520003325760339,12.360357765857088,12.260860231262457,12.193864156347177,12.145689902488272,12.109208321013764,12.080476358794423
1981-01-01,15.250750910414666,14.521021464896677,13.940065597005933,13.478186561055484,13.111567265963595,12.821110805203904,12.591509119751194,12.410494970082983,12.156878285703462,12.002887685952869,11.860132581467843,11.820795138379697,11.819748439049429,11.831270687013639,11.84559136324307,11.859283470251118,11.871365253732849
1981-02-01,15.209209899053818,14.551325229336603,14.029260033763038,13.615744338812869,13.288925648846481,13.03129825819576,12.82884355501056,12.670339813104247,12.4510676626965,12.32115664540561,12.207991245934497,12.184804268713215,12.19336202772974,12.211111131704321,12.229790705107566,12.246727787854923,12.26133972247237
1981-03-01,15.285308588596525,14.79178723816677,14.3987444234748,14.086136558913736,13.837886992920115,13.641103919571846,13.485452144288171,13.362648478024402,13.190360934327463,13.08548846527642,12.987674942465455,12.96006924625285,12.958586312515035,12.965778423803767,12.974993030361453,12.983878443192957,12.991746024297155
1981-04-01,12.491005686203215,12.533291237934689,12.566002105777581,12.591139052565575,12.610296403194297,12.624743523189727,12.635490081562027,12.643338310932673,12.652754188880019,12.656654091943595,12.656176319140028,12.651540512290307,12.64624952409186,12.64143563208132,12.637356518666316,12.633976098709175,12.631180913768935
1981-05-01,14.94592164804514,14.763727307540485,14.605287943330472,14.46711916567942,14.346281749212022,14.240292783035107,14.147051715175188,14.064778742512702,13.92732189196391,13.818347922242408,13.659858699116253,13.552948726793007,13.47755206910516,13.422217365006654,13.380174088184022,13.347271929871663,13.320874139782592
1981-06-01,15.594650361983389,15.142045849361496,14.768486124846445,14.459435361003845,14.203092695954654,13.989871331040742,13.811977562740745,13.66307048672241,13.432518422035203,13.267323794535557,13.057402333957494,12.937075116446085,12.862188086123554,12.81181843085542,12.775626773962601,12.748232245899276,12.726662863455878
1981-07-01,15.25532780999242,15.002432177311356,14.785850594061488,14.599765953609952,14.439348118677463,14.30058053221852,14.180117997754365,14.075169934896014,13.902869565464771,13.769204550771521,13.57986392607294,13.455691193547514,13.369783225820314,13.307499751291267,13.260523541620277,13.22391578344688,13.194613249861199
1981-08-01,16.580551159444564,16.266022232975022,15.99990707941689,15.774017098619726,15.581615157788805,15.417151252157156,15.276047140129805,15.154520773414557,14.958221042190136,14.80909666479266,14.60342568172756,14.472553299103007,14.383943367931364,14.320608198841317,14.273254685456418,14.23653996427447,14.207234696785177
1981-09-01,16.685333802045992,16.55317168783875,16.420600993749016,16.29027181405115,16.164013935892786,16.043036716497628,15.928084347574847,15.81955604397954,15.6221780130107,15.450215612734516,15.173406836834793,14.967948247769433,14.81427079094236,14.697442008511628,14.606844730111321,14.535127858341207,14.477227914787541
1981-10-01,15.599165065870594,15.680461647613738,15.72482548382869,15.741540445680897,15.737832271168491,15.719302796016558,15.690274812876922,15.654065692904345,15.569602466542005,15.479527265391557,15.3086507039553,15.165416871235715,15.051295403596823,14.961505169213154,14.89054955351578,14.833801016823939,14.787732621566573
1981-11-01,13.310347130805713,13.485461348550972,13.622868563625051,13.73028381508629,13.813872967268589,13.878561002091237,13.928279265365719,13.966163718081313,14.015920161572502,14.04230974082373,14.058166341796454,14.053063886169763,14.042060977065153,14.030576800614941,14.02030727420839,14.011581288626218,14.004276208092712
1981-12-01,11.325306721243017,11.445537611653961,11.559681756374035,11.667223941786704,11.767950090614935,11.861862204896065,11.949113604957597,12.029959956946394,12.173761006712105,12.296181561890224,12.488747162084419,12.628828179879775,12.732391521522489,12.81059576624872,12.871010554354669,12.918734202138927,12.957219498861575
1982-01-01,12.55393920131199,12.773018046513792,12.948851903490315,13.08993960480221,13.203112643617587,13.293861995511488,13.366600910372354,13.424876215071869,13.508877282844574,13.56258603890791,13.618469132296967,13.640573113235515,13.648853823079738,13.6515666892269,13.652104227225939,13.651844616793454,13.651336180158232
1982-02-01,14.544721907977308,14.534968370355344,14.51634173986857,14.491633112726378,14.462963591126913,14.431931540268167,14.399728772731688,14.367232071772749,14.303705178463748,14.244437310542176,14.142878369940746,14.063596508304865,14.002634341798688,13.955568411214239,13.918754841384594,13.88947525514055,13.865776489450164
1982-03-01,13.216969952392668,13.349281480389184,13.444822138015418,13.51185163096978,13.556888459489276,13.585066933715924,13.600422051107438,13.606116685950719,13.59786497698183,13.574189666797377,13.51020025452571,13.446304192091546,13.39152600864787,13.346850106252706,13.310879474130731,13.281825140920613,13.258115429327644
1982-04-01,13.564135167363352,13.654906121198607,13.718537903577532,13.761258460516693,13.78796936520116,13.80251940828025,13.807922689275783,13.80653235710075,13.790280281708375,13.763962569965777,13.702513219581489,13.644807811921845,13.596493880504223,13.557528271862308,13.526333837248597,13.501212589702478,13.480744624777158
1982-05-01,13.29046003213937,13.388323002631521,13.457985501078745,13.505851206516546,13.536966788135368,13.555301001348342,13.56396727599326,13.565401132065723,13.553743194907252,13.530947732572132,13.474414184465937,13.419879657517765,13.37373393382514,13.336328293670363,13.306304942270366,13.282093828250028,13.262353280932802
1982-06-01,12.293186896650258,12.582734347795368,12.806963450444094,12.979502777821983,13.111214639325183,13.210749348537366,13.284989220671886,13.339404142890897,13.405227743594994,13.433215410928227,13.432179295228448,13.402202604005712,13.367340130177027,13.335436583804274,13.308335238828668,13.28584895672597,13.267244358141108
1982-07-01,13.274593592580446,13.512100936803444,13.689675979063054,13.820362695788639,13.914498090135405,13.980262046198115,14.024116771682557,14.051157847508033,14.06997345622596,14.059465768101262,14.000324426499978,13.929666526996607,13.865417813308275,13.811626646917228,13.767749893639133,13.732070710386823,13.702852687567917
1982-08-01,10.46043813395024,11.01702312715755,11.458439837965425,11.807836168318667,12.083758656855563,12.301062230503648,12.471640629300685,12.605012786646881,12.789071267572371,12.897598866521708,12.990935544395743,13.008652504818393,12.999942273720562,12.98378711069696,12.967091152725974,12.952051316053858,12.939113744590971
1982-09-01,9.510624046861052,10.106458178075924,10.584447404787653,10.967773849864576,11.275069049897274,11.521306273573936,11.718517972432975,11.876372619866256,12.103556495599996,12.248415734790102,12.39828811858366,12.456733932580672,12.477962076858972,12.48433848453068,12.485015324171266,12.48368416250847,12.481795124158227
1982-10-01,8.398763233639949,9.050773772391466,9.569282538847231,9.980991687371844,10.30731042236478,10.565399568514636,10.769010504559994,10.929158880511931,11.15259118118788,11.287162418663314,11.4094552795353,11.440447404651666,11.438166565199221,11.425379818256141,11.4106317002364,11.396843196613844,11.38478913077337
1982-11-01,8.056546254483976,8.48449443435172,8.834192423346831,9.120414855976675,9.355108380739535,9.54793680305698,9.706720706636386,9.83779203254568,10.036342455640106,10.174042309230133,10.340311425754244,10.428622251884077,10.47972550618132,10.512085267086457,10.534341833933285,10.55071891814529,10.563399395649963
1982-12-01,8.508590879654115,8.780614250818951,9.017244393975465,9.223661952501566,9.40423871048989,9.562669141894359,9.702079954009026,9.825121383072618,10.030759030155819,10.193850691596005,10.431159322953759,10.591315938173862,10.704300775858249,10.787238926451266,10.85026295546179,10.899587620272891,10.939162891953924
1983-01-01,7.936953364016624,8.21211090975995,8.456493271859344,8.673865634548356,8.867521383931448,9.040339863700021,9.194837660364623,9.333213975152725,9.569047306070164,9.7604898813539,10.046642780556972,10.245086379143428,10.387574697564048,10.49331786214435,10.57419083535843,10.637716621323827,10.688788389700017
1983-02-01,8.277363516543994,8.503974507797835,8.715102817508631,8.910954475241494,9.092026695528787,9.25900765584121,9.412701929726794,9.553975668007896,9.802807438270737,10.012422170939256,10.338575724072852,10.573521342373567,10.746213658981942,10.876178025210075,10.976384488619765,11.055455562225436,11.11918274247004
1983-03-01,8.016003524699894,8.189009261632322,8.357037718840544,8.518237694486436,8.67145190716389,8.81603794418638,8.95173029346496,9.07853453240593,9.306391803029195,9.502464583298288,9.81424723803004,10.043233371858593,10.21347313176295,10.342443350492129,10.442259399847105,10.521187875967131,10.58487253668382
1983-04-01,8.831384777363308,8.953529130022165,9.07536994199693,9.194657920330032,9.309854955789495,9.419959602797027,9.524371650698944,9.62278741188493,9.801433071627722,9.956773165428785,10.206350811538536,10.39129689803333,10.529503578771175,10.634515602463551,10.715925043720379,10.78035819190012,10.832373055073079
1983-05-01,8.150274863900528,8.297242665293574,8.443792954654791,8.587234659910273,8.725728823562175,8.858079398252253,8.983570913971834,9.101842974217053,9.316505395636693,9.503139942302003,9.80295968677496,10.0251133501044,10.191114457292125,10.317240824500297,10.415017016438892,10.492403121557208,10.55487413539319
1983-06-01,8.747852584994115,8.932912633108161,9.103402478194479,9.260055795159767,9.40371128558875,9.535259698099527,9.655605747989563,9.765641355575973,9.958182010400053,10.119215589848665,10.367892349865457,10.545790750666853,10.676008873464008,10.773768377262877,10.849038037081725,10.908385355850568,10.956195830085644
1983-07-01,8.961625667971317,9.158305851190127,9.335768297641529,9.495888333789171,9.64039565297967,9.770873940708158,9.888764608536958,9.99537324049381,10.17933727632481,10.330821899108033,10.560867725016282,10.722871563340655,10.84032101856466,10.927991534251458,10.995270475201941,11.048219279701767,11.090832107715064
1983-08-01,9.680456168488423,9.894807390526514,10.085688835158352,10.255885556738995,10.407849841756105,10.543738641916445,10.665447551478389,10.77464143723788,10.961151743500903,11.112945119178908,11.340490280687524,11.498738296040763,11.612569325599127,11.697137787126348,11.761857606330084,11.812713430155236,11.853607207715987
1983-09-01,9.532282784815708,9.824758506054213,10.07365068439873,10.28615238003343,10.468205903708528,10.624727108857579,10.759788653349819,10.87676984006851,11.067254988568422,11.213485534323846,11.417907846458274,11.550014167773327,11.640467403782129,11.705603405512418,11.754528082245855,11.792562945778855,11.82296734606752
1983-10-01,8.902858826042849,9.194346626850383,9.445763450580236,9.663290286080167,9.852093537483894,10.016498130980615,10.160130302102706,10.286035474845118,10.494510035284543,10.657972443481139,10.892580028097035,11.048641857250958,11.157673706840528,11.237220289018689,11.297445308610346,11.344480370552178,11.38217491649786
1983-11-01,8.692808850113177,9.03146684337132,9.32395074987784,9.577329854615634,9.797520958207107,9.98948378173215,10.157382343771186,10.304718350499687,10.549041124967987,10.74096483251927,11.017037136688286,11.201119257175893,11.329935424996792,11.424012791937908,11.495283178198488,11.550964285808744,11.595596618487534
1983-12-01,9.055355272776028,9.311610642781329,9.537378521121015,9.73670152234132,9.913056995517167,10.069438180413895,10.208423599891379,10.332236386303943,10.54175658545137,10.710427751039814,10.960166315949891,11.131734415070314,11.254185621534587,11.344724389231454,11.413819143131352,11.468026681197056,11.51157780457825
1984-01-01,9.197994475063085,9.47399903970014,9.715334720004659,9.926893337154947,10.11283163713075,10.276686149420227,10.421469620825286,10.549752035283317,10.765277718275284,10.93729989781443,11.189479644639247,11.36098828733466,11.48259791693761,11.572150886448185,11.640329902871803,11.693746366246115,11.73662995772445
1984-02-01,9.010340422658128,9.248337977977151,9.462692479585142,9.655787144735292,9.829802211019771,9.986720299438417,10.128335529793432,10.256264949483755,10.476725846028389,10.657988873224284,10.932799994472697,11.126022022099722,11.265966373388869,11.370366627729474,11.450456632363913,11.513475663036798,11.564187615189402
1984-03-01,9.422852152874123,9.677232286748897,9.902398408377637,10.102055249612672,10.279418805338734,10.437281156484643,10.578066915135308,10.703882299104666,10.917684851754183,11.090654199109817,11.348202012463506,11.526130755253066,11.653579911589915,11.748022562012128,11.820190279242823,11.876850332250898,11.922390174626917
1984-04-01,9.925146258866477,10.181499901573424,10.410372000326138,10.61492100288166,10.797947850499362,10.961931947719298,11.109064843826099,11.241281376658343,11.467589598218325,11.652219803947334,11.929739802897116,12.123254227242427,12.262685414741632,12.366377855694862,12.445780072892582,12.508193890269375,12.558390726348401
1984-05-01,9.974867104681653,10.283384635922285,10.55070207095364,10.783005785240826,10.985491822723073,11.162530955494276,11.317805460041322,11.454422555234085,11.681787182607605,11.86118324104491,12.120616735171932,12.294584058384743,12.416786692503653,12.506249592702847,12.574122284508562,12.62719281545836,12.669752000063166
1984-06-01,10.545792622694249,10.977660506480618,11.334447113926593,11.629921920643074,11.875268311616535,12.07957549342952,12.25023612516969,12.393267826893107,12.615150287268822,12.77457757104202,12.97801873945053,13.095312659980992,13.168687607774517,13.21823623926759,13.253934835954631,13.281001882415369,13.302334279163208
1984-07-01,10.376002501679928,10.967891444302316,11.445954775676885,11.832270431395244,12.144619124000872,12.397322218483891,12.601916073389397,12.767694785967015,13.011307730652293,13.172268153423142,13.35086482210981,13.432409297304371,13.471672082863115,13.4920876063335,13.503795124174506,13.511258741027367,13.51649751443574
1984-08-01,10.715644539858486,11.043194163880255,11.308704914685027,11.524115265518025,11.699051223115998,11.841275742080455,11.957050630170407,12.051428004747752,12.191513001336908,12.28560177783778,12.393169873086228,12.44519838457855,12.472267680406198,12.487703838800213,12.497425792405354,12.504138182996925,12.509128372722571
1984-09-01,10.866110767286774,11.189137251215143,11.448824709653234,11.65757982075409,11.825380079043263,11.960249322890956,12.068640185550596,12.15574168655606,12.281950489372663,12.363379550634113,12.44967399588336,12.48534500393462,12.499937674719417,12.505783944650767,12.508023359246607,12.50879250405788,12.508975719103741
1984-10-01,10.41234258630997,10.740677949639988,11.007209384127837,11.223791361192102,11.39998678764358,11.54351174763402,11.660593731209199,11.756260202921487,11.898806025096114,11.995141856706278,12.106488890970063,12.16142484830328,12.190712521662668,12.20785410050311,12.218906848598719,12.226676323993475,12.23252152322681
1984-11-01,9.172173750462829,9.53572325508353,9.835156116661821,10.082331463540134,10.286868532222865,10.456574438629026,10.597789715452654,10.715667490988661,10.897396529560536,11.026796336167138,11.189681079918696,11.281802204304784,11.338448389246683,11.376190970674774,11.403132838984382,11.423442380310336,11.439395207946303
1984-12-01,8.498014355965191,8.916773228433001,9.26618626625486,9.558590481823074,9.804053511364838,10.010798803359993,10.18555024583524,10.33381160925332,10.568095991827999,10.74088940153249,10.969866465428328,11.108662009024286,11.199204823464902,11.262275910421351,11.308666736222401,11.34428785607458,11.372565602808084
1985-01-01,7.987543802144874,8.40124301913882,8.759006101262175,9.069331000963981,9.339340164837608,9.575012203437975,9.781373467920664,9.962656609908002,10.263716308980193,10.500639629763294,10.842191679324793,11.070466993693822,11.230460712777818,11.347424785432091,11.436086763500215,11.505379174892266,11.560932467570952
1985-02-01,8.199818915496678,8.554423425230556,8.859366428916603,9.122435527979212,9.35012106607315,9.547840412551196,9.720122490434582,9.870759721769932,10.119316245606838,10.313360303473246,10.590384007997573,10.773612202923537,10.901125150596467,10.99392332786578,11.064075625568176,11.118816485612271,11.162665654776905
1985-03-01,8.886888482112557,9.234854557069593,9.532348655650653,9.787523352208384,10.00713831652657,10.196806473903916,10.361195687232353,10.504194122868343,10.73846277153378,10.919708475605459,11.175580758670632,11.342761062905334,11.458122201539123,11.541617894012955,11.604528220376054,11.653524008541686,11.692729573105808
1985-04-01,8.467622202769954,8.832821560158274,9.147524967809986,9.419562114903112,9.655471425935723,9.860721315363284,10.039892538834572,10.196828609102782,10.456406662899761,10.659668520783585,10.9509265517926,11.144337503047913,11.279303940442402,11.377697686166247,11.45215825921433,11.510296026100113,11.556881755809076
1985-05-01,7.946807500388524,8.29030103608583,8.59468821040434,8.864871263657085,9.105116042584072,9.319134410476343,9.510156418206105,9.680993375812962,9.971586700870551,10.20695018239641,10.557856815126314,10.800595052241112,10.974609537963712,11.103622825861796,11.20223648205036,11.279672555541278,11.34191654217142
1985-06-01,7.040642457884889,7.3403565002550835,7.608811695942275,7.84944507011559,8.065335701463454,8.259233724514216,8.433589392865176,8.590581349612918,8.859990470172615,9.08043728010498,9.412888951326321,9.645450519733439,9.813353016702854,9.93837092634764,10.034170942563224,10.109504258016482,10.170104917221277
1985-07-01,6.883496906247511,7.2076412014693965,7.498600531877325,7.7599095600919865,7.994758683205568,8.206016081104018,8.396251784209328,8.56776243597317,8.862574570790558,9.104265784061733,9.469521434541825,9.725548481820955,9.910626436075633,10.048538229595549,10.154265696860927,10.237426366969714,10.304332748535828
1985-08-01,7.289611095663509,7.607091411777011,7.8918089458708724,8.14730202253057,8.376753855374615,8.583018038879155,8.76864520113563,8.935909687960418,9.223221028399506,9.4585736339687,9.813934195374431,10.062812028302789,10.242625757871567,10.376571692371792,10.47923954192879,10.559985123242551,10.624944718189147
1985-09-01,7.166898461856009,7.480250145250491,7.759284544482906,8.008075291471627,8.230209024835084,8.428840227731087,8.606740989571598,8.766345855080651,9.038955176558982,9.260815256691435,9.593383699582077,9.824664225677857,9.991025972417795,10.114619687035617,10.20920471876152,10.28352788661508,10.343291916482865
1985-10-01,7.060403692525062,7.383861556625946,7.6718729452560455,7.928649445671207,8.157898401955963,8.362879857052794,8.546458184599942,8.711148593772213,8.992426087834025,9.221323617895763,9.56441255827189,9.802989937003431,9.974591500005443,10.102073986306529,10.19963326633519,10.276292750163758,10.337935087336927
1985-11-01,7.2772755934975075,7.50697572070594,7.719530412555609,7.915574599048064,8.095938313674946,8.261566857955824,8.413462410351372,8.552642028918209,8.79682828762794,9.001654168709116,9.318935072383596,9.546557378593915,9.713457850338623,9.83888274314332,9.93550934653755,10.011720514741636,10.073127399010243
1985-12-01,7.358541262759831,7.522835738195333,7.6816013561324015,7.833315582394849,7.977059575294263,8.11236017003095,8.239068357916976,8.357266301104886,8.56920890763254,8.751183659107548,9.039907461742944,9.251546960918166,9.408713333321202,9.527702102167364,9.61975912303371,9.692537362777495,9.751253118216322
1986-01-01,7.2860261067896275,7.368474752069656,7.456666444368705,7.547337089652065,7.638112582020689,7.727301874648081,7.813735123292018,7.896637410398655,8.05015677377657,8.1863415557699,8.409378953027838,8.577347164080237,8.704013993023926,8.80075635135275,8.87597290007244,8.9355999825448,8.983776688988248
1986-02-01,7.1850422166797125,7.295487106209046,7.405536236451176,7.5131913615875385,7.617088940061295,7.716344148220612,7.810429859939971,7.899083098155258,8.059945820137076,8.1997679652759,8.42432727473683,8.590679022887,8.714967111379382,8.809393361846306,8.88259184922198,8.940524326014629,8.98729055177852
1986-03-01,7.087551266916527,7.149573413170789,7.210169904133469,7.268571808758509,7.324283685587622,7.377014018417791,7.426621507160587,7.473073782222798,7.556746008292239,7.6289268961544625,7.743991057180005,7.828682842783695,7.891726113777747,7.939520997901112,7.976526848028498,8.005795476896319,8.029414225203084
1986-04-01,6.392116697515355,6.487231402721253,6.573860804210696,6.652674532365516,6.724327504911604,6.789447632157331,6.848628048811682,6.902422675400513,6.995863741181509,7.073379851524291,7.192047057586166,7.276253935143235,7.337588862616898,7.383500899605102,7.418791271498845,7.446590210090822,7.468973688547366
1986-05-01,6.152182187191875,6.299878039760775,6.430143348017058,6.545266651752919,6.647220430719409,6.737705762855675,6.818190646189803,6.889942871737819,7.011484606777954,7.109444432201433,7.254680496794904,7.354590278988184,7.425959307879328,7.478756644510845,7.519061591533428,7.550688002610696,7.57609958657024
1986-06-01,6.3766396936909375,6.604143613233235,6.802408203503507,6.97566015751396,7.127474596921146,7.260879675989847,7.378443916779975,7.482349185062354,7.656333207929522,7.794636925146744,7.996423503759464,8.13298950248748,8.229511301636462,8.300447047002232,8.354387912030209,8.396620476664106,8.430512814731856
1986-07-01,5.90340948290694,6.0883224225211094,6.25229151931048,6.397924012076522,6.527492013237903,6.642975249997142,6.746098633694815,6.838365200961864,6.995399937492084,7.122673595008926,7.312570765627817,7.444029298599539,7.538314213602604,7.608236752321497,7.661692406643296,7.703672329966116,7.737418037943242
1986-08-01,5.757779570941486,5.911600634635258,6.0532395446467735,6.183327104914766,6.30257649151563,6.411740287126207,6.511579675191846,6.602842863753596,6.7624860803474265,6.895960022356107,7.10200331708862,7.249353448837882,7.357189125476111,7.4381356766087015,7.5004559854460595,7.549591345184021,7.589174195237369
1986-09-01,5.16120033437155,5.291739513500206,5.420051705694761,5.544291460597468,5.663242264201114,5.7761585333107295,5.882643411052867,5.982554641397743,6.162944410584796,6.318939638030263,6.568214973753517,6.752076767697916,6.8891061582813125,6.993064188649543,7.073586776168639,7.1372874823898105,7.188697751911247
1986-10-01,5.306167378725765,5.497946128517114,5.674525285991363,5.8366946343040675,5.985345876047101,6.121419234740483,6.245865181100561,6.359617638303051,6.558592642611435,6.724943753437056,6.9817276264325,7.165356657776804,7.299738979609066,7.400611166605933,7.478271436681912,7.539501022688677,7.588826704095653
1986-11-01,5.306428562721333,5.441267662469299,5.574099226477345,5.702931072954448,5.826440853724747,5.943808456492109,6.054586307286338,6.158599407701414,6.346552338813058,6.509228261716671,6.7694010444961785,6.961442300252083,7.104628441225684,7.213283774875634,7.297456334001844,7.364049576189264,7.417796510161839
1986-12-01,5.503864249014867,5.591247539301453,5.684441291895924,5.78006715443168,5.875670986010751,5.9695076835787955,6.060372910480013,6.147471845450399,6.308649665495876,6.451529881798658,6.685381260636546,6.8613990514471865,6.994096548114908,7.095427798982796,7.174204758603567,7.236651078566305,7.287104224836578
1987-01-01,5.616585548905483,5.714446564534647,5.812681093948849,5.909306010822654,6.002950486700064,6.09270692600145,6.178015158077926,6.2585727786830425,6.405116668902496,6.532822122388505,6.7384396622864395,6.891088565643268,7.0052791441961615,7.092094973534729,7.1594206220547845,7.212716761735047,7.255745382977887
1987-02-01,5.681252896804047,5.767783927246926,5.856605453110804,5.945388594912499,6.032480980239517,6.11674556415033,6.1974350143194386,6.274094110958652,6.414524814999993,6.537769804842674,6.737566011816526,6.886755144816931,6.998724667894544,7.084011210720478,7.150220548630838,7.202663464612459,7.245016524970072
1987-03-01,5.581660870280585,5.68686842693971,5.789161557092107,5.8873815429071215,5.980799392933681,6.069005274588139,6.151823283138753,6.229246046288037,6.368431670624641,6.488258360688305,6.67888902875486,6.818953701560055,6.9231095847868716,7.002026814294151,7.0631092779273725,7.111411666354365,7.150386104041291
1987-04-01,5.779856440677471,5.9252362570307575,6.0592990322447955,6.182583251301883,6.295718800090306,6.399383411879993,6.49427122381034,6.581070547245585,6.733041477665521,6.860226240689338,7.056766138432632,7.197455591264443,7.300476708016215,7.377835818093505,7.4374059514134165,7.484378171809803,7.522220695302718
1987-05-01,5.8865298049083545,6.221260174642659,6.502347980183892,6.739129795611533,6.939251441866638,7.108981060246576,7.253463408136283,7.37692651394023,7.574100300660515,7.721639965941616,7.921077050064541,8.044988344776463,8.127397409414431,8.185586997549349,8.22876158579291,8.262085730783895,8.288617647319533
1987-06-01,5.975093683517802,6.343185947800445,6.647754172059449,6.900396579188491,7.1105395706544385,7.285849958086445,7.432568311982795,7.555778601647264,7.747495332775406,7.88585329608162,8.063560738585615,8.166939075260704,8.232114054249756,8.276387588663166,8.308414649223527,8.332758657161012,8.35197261001907
1987-07-01,5.655639584829039,6.030609455023503,6.344557179591511,6.608214974362692,6.830356887039396,7.018163456566777,7.17751760417206,7.313244832753475,7.528967392232598,7.689339993531121,7.90421116237178,8.036268148784222,8.123360061697955,8.1844976231504,8.229690695823825,8.264495622956574,8.292171978744255
1987-08-01,6.088955436470308,6.400634762185193,6.66897401629175,6.9007271545311575,7.101529265022183,7.276089058865507,7.428347391136436,7.561607916861934,7.7817920830205844,7.953979049227702,8.200311692613163,8.363606755117369,8.477422915135309,8.560334910562858,8.623050911513198,8.672005869124568,8.711227757531072
1987-09-01,6.23926279723723,6.581321028694917,6.872563144399237,7.121355830562497,7.334613740551052,7.518059472821835,7.676436052853638,7.813680717528886,8.03732201049139,8.209164305619511,8.449673046059841,8.605306164134255,8.711969092384534,8.788825646961852,8.846575897231522,8.891481882194421,8.927383365293176
1987-10-01,6.978267861492072,7.301109125907158,7.576314923162086,7.811686275256233,8.013676199820866,8.187630200789526,8.337982954846796,8.468419287535411,8.681300054991485,8.845204108584696,9.075189867956189,9.224441639339354,9.326940261285499,9.400895283197745,9.456511016534874,9.499777856699433,9.534378036643002
1987-11-01,6.106766317038176,6.4505581406735795,6.746412791768221,7.001818759957413,7.223021309562648,7.415236776787582,7.5828289835036,7.729454586218514,7.971595002814256,8.160828549728956,8.431332242135674,8.610496393870678,8.735299809610233,8.826181507640047,8.89491031157929,8.948551751529335,8.99152527381986
1987-12-01,6.128759906444888,6.459926788247214,6.745749405188583,6.993196891742016,7.208098189441246,7.39533599958395,7.559006859102103,7.702553370438372,7.940411187106646,8.127080630006395,8.395288835539427,8.573910167297784,8.698802077992852,8.78996571258243,8.859007001414716,8.912936859176178,8.956161140312684
1988-01-01,6.3200218838916555,6.601891422653149,6.845792130470521,7.057472124810566,7.241752168821726,7.402681379465015,7.543666066744119,7.6675764333895,7.873490082985555,8.035666647977598,8.269688303506296,8.426255633491254,8.536066138923259,8.61637854761824,8.677273463149758,8.72487206956462,8.763036092951111
1988-02-01,6.094608038018379,6.299251512191593,6.482291933108386,6.6461522963655515,6.792993298445958,6.924737030012496,7.043089895109917,7.149564340955997,7.332078171426276,7.4812307242318274,7.705845165473794,7.8627545577677145,7.975940707479854,8.060173615783341,8.124700858420576,8.175433824914768,8.216241319955381
1988-03-01,5.899424661442875,6.110762370252557,6.299462412907927,6.468123300151561,6.619050061705118,6.75428362860054,6.875628385868033,6.9846776783466895,7.1713461475366,7.323650421962717,7.552603656943669,7.712267965791147,7.827316438662439,7.912879052623323,7.97839981193315,8.02990278562233,8.071324758539927
1988-04-01,6.21769464246153,6.461380788124934,6.676721060298055,6.867370111122953,7.03648959072427,7.186815639494931,7.320717223736762,7.440246512031451,7.643067728265224,7.806869370388516,8.050287161939712,8.218125566061657,8.33819674706954,8.427104009808478,8.495011332558768,8.548312911629807,8.591147453249569
1988-05-01,6.443798469097093,6.68140457214335,6.892381581100895,7.07999664970729,7.24710580783158,7.396204642439769,7.529473221863712,7.648815779262498,7.85216604178288,8.017198187830477,8.26380477855748,8.434775622959295,8.557515878335698,8.648593780218174,8.718246257992824,8.772956375608501,8.816939896285545
1988-06-01,6.817153242313846,7.054140812803719,7.259492260334121,7.4379562093076785,7.593521368436464,7.729543145805374,7.848848574806196,7.953823342033256,8.128538178257873,8.266402829287172,8.465793941036704,8.59951173777378,8.69344732154106,8.762219098712432,8.814395358225685,8.855193215889635,8.887910749728205
1988-07-01,6.841481770345828,7.041742084153668,7.216654988347523,7.369826409825361,7.504315643683334,7.622721579315408,7.727254952460571,7.819798932235143,7.9751104762290455,8.0989091827579,8.280114571166123,8.403158313516714,8.490312901074207,8.554451792657666,8.603263681830908,8.641498167697948,8.672189747652546
1988-08-01,7.192702187579382,7.407578848542582,7.590984174850389,7.748041724508118,7.882993969590231,7.9993588575172305,8.100057951845402,8.187521388737702,8.330505442790976,8.440828545525674,8.596048163301704,8.697082946486017,8.766616326826194,8.816856059295441,8.854669577806696,8.884101515924801,8.907644467546282
1988-09-01,7.579541910448975,7.791817907457365,7.969140677220222,8.117705547547526,8.242571200489419,8.3478722203475,8.43699143016203,8.512699682720081,8.632566191353805,8.721208149017025,8.839109533009093,8.910912862175438,8.957929211753253,8.990767704088833,9.014963200643965,9.033560915398295,9.048333322703531
1988-10-01,7.586117173562111,7.7388445206561,7.867070269828245,7.975062083449555,8.066314384317081,8.143691592982771,8.209544464516666,8.265804623022309,8.355624454867563,8.422804777078667,8.513562268245796,8.569909868836902,8.607364077517634,8.633800682247465,8.653410959372968,8.668544913475912,8.680593250484128
1988-11-01,7.667125876068023,7.749298096392111,7.822578318111868,7.8880033186620935,7.946489559276419,7.998845958497171,8.04578567144515,8.087936848496335,8.160018705907518,8.21876336032284,8.306958825096672,8.368386603862302,8.412614487370043,8.445491488893701,8.470660499431265,8.490441641236162,8.506349531808088
1988-12-01,8.217757546633688,8.32435552766103,8.411020699286642,8.481562845253114,8.53905690240599,8.58598536495775,8.624353017623077,8.655779383731645,8.702792583358969,8.734767429203687,8.772133857211685,8.790930726591906,8.801183221138702,8.807324781584171,8.811364852036156,8.814246910364849,8.816435850132928
1989-01-01,8.58321570301068,8.711603968302267,8.811617693799816,8.889127259817778,8.948817001319698,8.994422160998159,9.028918795344168,9.05467593960881,9.087119878261065,9.102628429147032,9.107566205696736,9.098539753313531,9.086382400084542,9.074793528699466,9.064780748684763,9.056405830353349,9.049448660628864
1989-02-01,8.653587586474849,8.73557173035412,8.79694415323778,8.842185126717451,8.874845755497034,8.897736639594555,8.913078662980475,8.922623460025768,8.929539424647256,8.926312907796234,8.906595925652173,8.882757284864917,8.861006310957661,8.842769006675239,8.82788249017697,8.815772845335548,8.805854272696257
1989-03-01,8.905848057810838,9.04242564620175,9.143616673574744,9.2171928611534,9.269305701052133,9.304816474389673,9.327559878897114,9.34055452323886,9.346265421618908,9.335362782046241,9.292887975503305,9.245565736909935,9.203441941739884,9.168497995766451,9.140123101439638,9.117102947381136,9.098274202675663
1989-04-01,9.094179121000145,9.21527579383364,9.299861973537302,9.356335643852878,9.391304309129557,9.409954549515305,9.416346579390478,9.41364887794579,9.390281882657085,9.35356845384523,9.26879688245129,9.189605616570525,9.123442471429694,9.070135549704528,9.027482337426184,8.99314267121798,8.965167903093855
1989-05-01,8.860491950563656,8.967465817236748,9.045071316865739,9.099880498041165,9.137082516683247,9.160766875377435,9.174149472885976,9.179752913775998,9.175079483989906,9.157838808191148,9.109414308476099,9.060371044374762,9.018107910870238,8.98355634533577,8.955703594750727,8.933192073039326,8.914815537748812
1989-06-01,8.676087929793486,8.690631331863054,8.697228396267317,8.69793305281694,8.694338739279356,8.687676151249342,8.678890796536523,8.668704462600543,8.646179184872091,8.623010938580562,8.580154534121023,8.544819722227466,8.5168887711532,8.495003313844308,8.477746827481782,8.463961927206054,8.452778445333966
1989-07-01,7.972891294975379,7.9530354853385585,7.938981530045686,7.929406636614214,7.923268865501639,7.919749302222151,7.9182059463554495,7.918136965832067,7.920946042884195,7.9259932554916555,7.938198897374547,7.9498447670557075,7.9596571943213075,7.967595010350497,7.973959628082183,7.979089322437894,7.983270625916494
1989-08-01,7.723554339733401,7.619607988427124,7.54320315698341,7.488246040513588,7.449917966666563,7.424415092038258,7.408740541908729,7.400538510080937,7.399566924821791,7.411075270824121,7.448994314397871,7.489430031999899,7.524909952719046,7.554155018504566,7.5778272582011565,7.597000842186001,7.612670031409874
1989-09-01,8.020780315012534,8.076210042504332,8.116759119375901,8.145734041893503,8.165747964112576,8.178862413273393,8.186700430024107,8.190536848933073,8.18998058014964,8.182821647229334,8.160820896759615,8.13785141472817,8.11784277182762,8.10140414528658,8.088119740053637,8.07736900486696,8.068587087350206
1989-10-01,8.2013198460824,8.250116489563847,8.284068684358903,8.306599287716892,8.320400552610296,8.327585025029443,8.329805805182634,8.328352330115825,8.318203830114706,8.302712966970047,8.267339736606738,8.234469677724542,8.207066326420861,8.18501071466437,8.16737252503914,8.153176215514417,8.14161293171966
1989-11-01,7.797637606364936,7.792829056672974,7.789677613093875,7.78778895009295,7.786854128622196,7.786631814909445,7.786934128589393,7.7876153879906,7.78969119544051,7.792241086839428,7.797509439185961,7.80215735071926,7.8059480060653135,7.808966106722503,7.811366175141999,7.813292151473591,7.814858446317591
1989-12-01,7.57575673179183,7.573674089260965,7.574818144402639,7.578281689811697,7.583367419267235,7.589542630852241,7.5964033839940805,7.60364617387549,7.618436649334272,7.632756232730132,7.658056971051483,7.678262374149424,7.6939829356851055,7.706197726450878,7.715785226113254,7.723425130245285,7.729615133090073
1990-01-01,7.752923808881672,7.756208989788078,7.760520307116124,7.765493683279648,7.770855452607458,7.776402169103587,7.781984714872382,7.787495816376663,7.79802722963697,7.807653053430305,7.823854967183868,7.836328840514614,7.845849850258531,7.853170782224137,7.858884177755734,7.8634227537014745,7.86709384303348
1990-02-01,7.910418273774154,7.967966763831936,8.015416485760566,8.054629827526808,8.087118101633948,8.114108500705663,8.136598194878813,8.155398051320967,8.184445493285034,8.205195767565943,8.231444492267713,8.246394170481745,8.255645259621913,8.261839962934511,8.26627732010574,8.269629633479667,8.272266170765816
1990-03-01,7.908450445138955,8.016171791572942,8.102925264875923,8.172802947475496,8.22909747147906,8.27445828584484,8.311017369052166,8.340490362639827,8.383431222829078,8.41139760609657,8.441588715718366,8.4546016634181,8.460332812693578,8.462952449857662,8.464224339744893,8.464898904599814,8.46529857912761
1990-04-01,7.915076370912651,8.06075447100696,8.175399400579423,8.2653308788915,8.335602978087937,8.390255566672261,8.432516022305517,8.464961022688525,8.508210629983447,8.53193086510333,8.548199283189888,8.546386552553333,8.53911529990702,8.531019745826667,8.523619221203086,8.517269861462626,8.511929554734687
1990-05-01,8.052388171185493,8.247427261102754,8.401694867510606,8.523424044455023,8.619206892075077,8.694319557658396,8.752983095938518,8.798572819539938,8.860778077743023,8.896627333201167,8.92553531205939,8.928741158532526,8.923365281497002,8.915903928253266,8.90864251090398,8.902248984201133,8.8968057229443
1990-06-01,7.7215089437655955,7.826152079381519,7.912020204579865,7.982620698222925,8.040794170923899,8.088842386272697,8.128631507279469,8.161675444001505,8.21221298265113,8.247774417124178,8.291724290117036,8.315921043008876,8.330431176139397,8.339904404526331,8.346569586370236,8.351547839105576,8.355437040423888
1990-07-01,7.782597679896186,7.846401512874397,7.901607028130733,7.949516456506171,7.99122185745237,8.027640420692228,8.059543674182892,8.087581671312664,8.134171607251353,8.17086224193452,8.223801178750065,8.259214742259925,8.28405054624909,8.302213871758871,8.315985357269517,8.326749676728198,8.335380304917694
1990-08-01,7.483136806082157,7.503982824942834,7.530971291914742,7.561900231715373,7.595115952659484,7.629390444695444,7.663824908372661,7.697773987390856,7.7625584472430145,7.821695934027359,7.9211204601436975,7.997598423256933,8.055943851057405,8.100794974433848,8.135792432551114,8.163591254289729,8.186075726303109
1990-09-01,7.5042163461778,7.579798954365102,7.655571575933204,7.730031452157089,7.802141943937044,7.8712188774737,7.936842266565024,7.99878798552929,8.111425450718055,8.209539655500583,8.367444221425338,8.48462807622236,8.57227022256882,8.638894035483185,8.690557282794945,8.731453266221909,8.76446995774832
1990-10-01,7.359652522431598,7.426185400824831,7.495701935210945,7.566052647885248,7.635692476754304,7.703538527224376,7.768859010030965,7.831186770834499,7.945931257954721,8.047132320847277,8.211969811794095,8.335544215804928,8.428496468375299,8.499387265253597,8.554460048113311,8.59809903568849,8.633349463887882
1990-11-01,7.2016250759659,7.225140848110812,7.264310537091236,7.314089314795109,7.370652169097777,7.431124864318093,7.49337178828657,7.555828932143902,7.677216706338363,7.789882781681054,7.982087286198775,8.131622268893539,8.246397907876998,8.33492352769826,8.4041281429417,8.459153612095596,8.503683921342835
1990-12-01,7.233384594561598,7.219835446534647,7.226644580577069,7.248095962579879,7.279795441146789,7.3183855546144905,7.361319851808694,7.406684536915644,7.499398501940877,7.589219784271615,7.748005145428294,7.87486080124462,7.973578341625145,8.050289296361449,8.11050382435513,8.158487902768565,8.197366198913928
1991-01-01,6.570658159311873,6.619337958988685,6.678389866303895,6.743837582599298,6.812711429957717,6.882821564922781,6.952579735961919,7.0208594742838795,7.150154209575465,7.267332565687266,7.463069950690795,7.612862986961912,7.726824637628983,7.814294317352697,7.882488965819595,7.93663134222261,7.980412228632748
1991-02-01,6.063745438171242,6.1629909092307775,6.265667334462969,6.3688676837137335,6.470516241616565,6.569171699034771,6.66387356043304,6.754022688972143,6.919538539070513,7.065126822221378,7.301655604123052,7.47859486198514,7.611527619722257,7.712840657252884,7.791517335198825,7.853846583089391,7.90418877288118
1991-03-01,6.116447383501227,6.29035116884632,6.449667027479579,6.595347416931789,6.728381731950341,6.849759945955219,6.960447438535324,7.061368222622277,7.2373403403802605,7.383946285585371,7.609410477212236,7.770086973313321,7.8874267282205,7.975397197714199,8.0430763477164,8.096415274894442,8.139375044625144
1991-04-01,5.725438640219704,5.956379936384098,6.162913152481577,6.347781139303565,6.5134287488418945,6.6620300055702115,6.795514313322552,6.9155912477428325,7.121399027652337,7.289566213683007,7.542779576943812,7.719643040711004,7.84721198892432,7.9421435894186585,8.014864430043218,8.072038432037793,8.118026398390072
1991-05-01,5.520833336469141,5.747137240017524,5.952929017657513,6.139896786423793,6.3096713783453415,6.4638019318066275,6.6037412373323185,6.730838198502657,6.951370232937611,7.134099569140955,7.4134754662894995,7.611482694242026,7.755601301879162,7.863433219235762,7.946297311240189,8.011561713494077,8.064107993801976
1991-06-01,5.658665690091469,5.85900637667336,6.046587685274646,6.221319250316176,6.38343212343669,6.533376257708509,6.6717435896187,6.799210897231261,7.02433686829171,7.214541875263214,7.511403581137922,7.725844724295717,7.8837271845702634,8.002661528119836,8.094414539335908,8.166837600566502,8.225216652046253
1991-07-01,5.6629819350267185,5.901199729271961,6.1179790322524,6.315051776631185,6.494100173938497,6.6567287207239625,6.804446954902288,6.938660084971028,7.171652061927887,7.364809824057703,7.66030197794028,7.8698464597767295,8.022413647444447,8.136589791778333,8.224339298539222,8.293455974156366,8.349105797726759
1991-08-01,5.661212296861799,5.839916755042919,6.012491356320506,6.177314096633033,6.333411613477545,6.480289050319928,6.617799252080035,6.746042709197038,6.975931775760925,7.17325584289514,7.486238184544768,7.71559858577012,7.885898421953251,8.01481887081518,8.114554597514859,8.193401236762659,8.257011865364083
1991-09-01,5.358596810997962,5.477309578938068,5.606445334514042,5.740672102621877,5.876087796248017,6.009889996685252,6.140117397579817,6.265447855626711,6.498416580121644,6.705845771989939,7.046745114584036,7.304210124541397,7.498676374299457,7.647333807414596,7.762971849682646,7.854667867725962,7.928766207463498
1991-10-01,5.162763126780365,5.249043136593983,5.352415674545639,5.4662120744163145,5.5854588287654545,5.706494977813558,5.826671481554043,5.944115488722962,6.166129563472726,6.367016530848135,6.702096955869867,6.9582291827585285,7.152970512483821,7.302389212555795,7.418858997211495,7.511319022634575,7.58608023762477
1991-11-01,4.820081518648676,4.883495948274079,4.976536068492862,5.089292313033285,5.214277009336589,5.345887487410589,5.479983048547432,5.613552222360033,5.871200965368457,6.108722799016381,6.511547492484028,6.8235219613956595,7.062399887641112,7.246400111847823,7.390136286095312,7.504377007865952,7.596808418999754
1991-12-01,4.430381952536413,4.495496799460225,4.59441330403322,4.715963644867848,4.851699893877625,4.995292057906617,5.142053656559117,5.288568449981696,5.571848531554937,5.833550609012978,6.278201397500282,6.623060629155576,6.887319093283245,7.090954290694984,7.250065530092371,7.376542221904673,7.478880605730332
1992-01-01,3.8974719317266975,3.943703484388308,4.0309390416168505,4.1462583081780116,4.279844086065153,4.424300076963796,4.574112656312699,4.725226908908194,5.020505892658305,5.295881335172923,5.767596050845443,6.135746017762826,6.4187895239345565,6.637297683755004,6.808201375049011,6.944126237531833,7.054141914521863
1992-02-01,3.8081505139430716,3.9849036973221565,4.176500465732673,4.375200188570298,4.575344671178296,4.772876605538605,4.964962600659043,5.149698809705206,5.492830150983462,5.798117329198035,6.299491254932377,6.677937778594174,6.963691786227091,7.182093971181461,7.351968247768531,7.486663864757199,7.595506383716153
1992-03-01,3.9563579299827136,4.170857081505431,4.388002730939755,4.602911628369896,4.812168576661042,5.013472311056897,5.205360016145837,5.386993721395824,5.718319604266473,6.007861350456466,6.475318744890013,6.823159286264807,7.0837072369300325,7.2819429439288585,7.43573961809564,7.557516115561194,7.655844722907197
1992-04-01,3.8669833671098366,4.138049448609103,4.398242860793398,4.645565465515561,4.878894484766784,5.097748027479344,5.302105328474289,5.492269697649264,5.8322562896505445,6.123271388770665,6.5835686842168135,6.920054088561939,7.169535757521491,7.35824176184481,7.50416012098624,7.619486530617113,7.712514547207788
1992-05-01,3.507152672416613,3.7906927073202863,4.067569540099066,4.33431069135966,4.588683924238548,4.829381407571839,5.0557759048816475,5.2677333950100556,5.649442177982061,5.978656500331876,6.503346450172951,6.889466509256803,7.1768572177917225,7.3947226373326345,7.563401992672549,7.696811083780439,7.80446636200249
1992-06-01,3.6962283444479036,3.9236038664742816,4.153908628084977,4.381929879942651,4.60401958990553,4.81771720864391,5.0214561823688335,5.214336367889493,5.566237564031917,5.873812938166233,6.370468252741417,6.740087824458523,7.016971544069063,7.227645854348374,7.391096961568211,7.520519704726698,7.625023089693296
1992-07-01,3.5570312697484443,3.6940702975167032,3.8572292905515297,4.036218157070694,4.223368372436737,4.413040682618957,4.601159791997672,4.784849560781089,5.131783002241272,5.445437259242429,5.968214118082402,6.367575076990972,6.671114280476625,6.903966854625894,7.0854534610132,7.229519217631374,7.346004189588907
1992-08-01,3.2073731871938356,3.3273785077464773,3.477817848311852,3.6474609858940577,3.8278944934170376,4.012889771768354,4.197906034359093,4.3797001801428745,4.7253716192031385,5.03986264528956,5.5670259148420564,5.971568859471092,6.279804501220565,6.516583554184021,6.7012707404277165,6.847938193027851,6.966553330500098
1992-09-01,3.2390013570502023,3.2647525717433656,3.344360313226556,3.461523985751998,3.6038091325788235,3.7618026761359227,3.9284457916888194,4.098507845787822,4.434711109320567,4.7514682454192805,5.298785380545004,5.728747845770501,6.06045215676556,6.317006683046028,6.517874772060801,6.6777209426382615,6.807137141300951
1992-10-01,2.8042821297700935,2.8144810920179637,2.885750728413882,2.9999707348223765,3.143290928788206,3.3052011902728475,3.4777966004418293,3.6551976446311425,4.008382886769207,4.343155478476527,4.924527072501059,5.382969589115341,5.73734069229316,6.0117192902997925,6.226668383109454,6.397774367149069,6.536330482009463
1992-11-01,3.1726424835890374,3.3246924944129472,3.5016004289861358,3.6931592444255275,3.8917864572843612,4.091928751250292,4.289594525803385,4.481987672427835,4.844094881456286,5.170388850817551,5.712601173301886,6.1258107400381805,6.439462485169859,6.679896105684577,6.867214932635329,7.015877069355873,7.136063983119332
1992-12-01,3.310811976097382,3.532075285400933,3.7574006427701017,3.9813598195311677,4.200130742252501,4.411112244655169,4.612624121484901,4.803674337258674,5.152823831827035,5.4585125140972,5.952932456735921,6.3214008776919774,6.597639959198029,6.807918135273373,6.9711031203373,7.100333165978225,7.204688814489584
1993-01-01,3.0887211873352385,3.275145892310858,3.474039146444952,3.678172267637474,3.8822932910011936,4.082666829198767,4.2767142220692955,4.462732846952118,4.80699282786101,5.112196929771262,5.6117631677165924,5.987807104079136,6.271312182950715,6.487808539175516,6.656119144940774,6.789539445340914,6.897335986485869
1993-02-01,3.016874558334033,3.1388622516365743,3.2882353419186994,3.454620465937198,3.6302628270977966,3.8094370030377807,3.9879837783543923,4.16294676706903,4.494665639062051,4.795646194291398,5.2989353231346925,5.6844104305175875,5.977809895496004,6.203061034341922,6.378699734483368,6.5181567490296874,6.630929822776519
1993-03-01,3.083035493341719,3.102903054873095,3.1711844410523344,3.2732892004901952,3.3980826445140124,3.5371312686041807,3.684106780063366,3.834316089038141,4.131698653444469,4.412228574506394,4.89745483052622,5.278938127594294,5.573362133562824,5.801132977287352,5.979486737686424,6.121425934482991,6.236348198049075
1993-04-01,3.020090145199992,3.081637969634231,3.1823471443907456,3.309544996065693,3.4536267547654678,3.607378513373148,3.765443391115282,3.923901306036327,4.231590105746022,4.516939341642764,5.003393383807466,5.381649764701315,5.671897485421388,5.895728289416249,6.070692139386662,6.209801545020314,6.32237537364933
1993-05-01,3.020100560736675,3.0238779696122604,3.0808247337125643,3.175262627608154,3.29520049931875,3.4315320217944247,3.577401715049135,3.72770465558122,4.0276625281109055,4.312566876365535,4.808179389494455,5.199491453309387,5.502169963776751,5.736607970748796,5.920303269451901,6.066545787405025,6.184974991514204
1993-06-01,3.224989272120902,3.293630494193767,3.394594262498484,3.5170793839081367,3.6529237544620656,3.796019394781691,3.9418515311575026,4.087136043323577,4.367432893127257,4.6258751837095895,5.064241549942109,5.403778966497826,5.663776901505949,5.864051631036027,6.020503794718831,6.144852318133915,6.245462407275518
1993-07-01,3.108397264810544,3.1823171155312404,3.2834154038415284,3.4022997441117635,3.531893946677245,3.6669223959382853,3.80350404443998,3.938833293846489,4.19844195104288,4.436571777519207,4.838649139516125,5.1489750670441286,5.3861540173286375,5.568660398011916,5.711149716730745,5.824364746431043,5.915951202865189
1993-08-01,3.1695838705333186,3.2929102688230074,3.4287372919683174,3.571034825455959,3.7153734866303028,3.8585565090055214,3.9983313299084315,4.133164159530587,4.3844473490627305,4.608747652542973,4.978240726929806,5.257839334474736,5.469248598718396,5.630954750826663,5.756785267368613,5.856581841239736,5.937234127707033
1993-09-01,3.1087441541202807,3.1692806280476744,3.25484396826303,3.3569295211284857,3.4691203259237833,3.5866233535023566,3.705904214009001,3.82439993237392,4.052337672151698,4.261939033289992,4.616625169391747,4.890844590409085,5.10062037162874,5.262122188543614,5.388247840162086,5.488476462921332,5.569564107995492
1993-10-01,3.043877836091976,3.1224122158995953,3.2197524848832653,3.3288753685049324,3.4445244104316712,3.562813043137061,3.6809124848801393,3.796806814278604,4.0168720401726645,4.2168314530853195,4.551628044132773,4.808315947012151,5.003799326444544,5.153923842805023,5.271002917240531,5.363972356449015,5.439156662334236
1993-11-01,3.1890790361029278,3.302192664660849,3.425213176793089,3.553067273194847,3.682042412864615,3.809472535387349,3.933491990028139,4.05284334044513,4.2746883490335605,4.47220501124665,4.7968009163441465,5.041944835546834,5.2271015258392355,5.368640957557542,5.478741413134396,5.5660460930151405,5.636595733343305
1993-12-01,3.228397060875333,3.3435441488387503,3.4716931863730345,3.6068235019082335,3.744500682226323,3.88151293591718,4.0155860535037045,4.145160492644939,4.3871439304486755,4.603575483873616,4.960768738661497,5.231470221306734,5.436323621150891,5.593088819899922,5.715106550948591,5.811893135433054,5.890118918217059
1994-01-01,3.19391146369839,3.3413050025487347,3.4950291393359905,3.650403991945542,3.804069424422866,3.9536741020352943,4.097632756834498,4.234937235558467,4.487590243141851,4.710315102085141,5.072925728532455,5.3446614058989725,5.549016157711434,5.704850027695348,5.825904094390704,5.921822222704206,5.999300796080038
1994-02-01,3.1465369040880535,3.279909068960964,3.4210998617325217,3.5652610752722174,3.7088827629221006,3.849480552216043,3.9853512468702306,4.1153823122581095,4.355573772379217,4.568120746794499,4.915413896901616,5.176455838938809,5.373099693940474,5.523196479751343,5.639856213584627,5.732319672131727,5.807019569615753
1994-03-01,3.5568552996270237,3.7591158676000442,3.951942666555403,4.134232465627146,4.30544415948054,4.465443605663275,4.614385136598062,4.752621643397085,4.998994804404365,5.209183074327464,5.540522607703789,5.782018930887386,5.9607616595688375,6.095825163390133,6.200204238293959,6.282673883022223,6.349186536144358
1994-04-01,3.821194753262915,4.1644543746345715,4.468250822096706,4.737595543320185,4.976837598853173,5.189751761793157,5.379615180745205,5.549273992435015,5.837546428022131,6.07072997684225,6.417879703859302,6.657672338953558,6.829416689257554,6.956675130586046,7.053915257293075,7.130258489347418,7.191617757901825
1994-05-01,4.184484766837708,4.495224664196477,4.768226492920845,5.0086179316191055,5.2207882506797185,5.4084982374822435,5.574973442772261,5.722983302882931,5.972796994445675,6.173283504677814,6.469071377490662,6.6715464959280615,6.8157213709809605,6.922169826008434,7.0033375214073175,7.066986282525088,7.118109210539035
1994-06-01,4.492206855077223,4.783148380573072,5.0366704350807,5.2581862134785595,5.452273793518892,5.6228103122404836,5.773083973545112,5.905887625158854,6.1282362116477165,6.3049626067448745,6.562768061363369,6.737218640539902,6.860503280374702,6.95110152319939,7.019991389383697,7.073926936342138,7.117210576186874
1994-07-01,4.52190406693309,4.842580480311512,5.12036931210834,5.361719461983248,5.572046073962064,5.755903056665332,5.917126005116016,6.0589507053689875,6.29492289535418,6.481053228237595,6.750126178048119,6.930487339118421,7.0571482698214645,7.149859762231449,7.220190127710871,7.275179246188928,7.319275647204792
1994-08-01,4.608270295503237,4.875224371984256,5.10956856101354,5.315763607547343,5.4976228409916335,5.658409449457018,5.800918830283279,5.92754833380503,6.141112428579012,6.31235100365017,6.564722021836959,6.7372932267645735,6.86008974201878,6.950715220379845,7.019800354620906,7.073966655431375,7.117469820700684
1994-09-01,4.717406991890279,4.98872017176862,5.2249112123079655,5.431094784996011,5.611591128754325,5.77005457815332,5.909580704752595,6.0327957042164755,6.23888579775551,6.402492824229915,6.640821261336976,6.80185536662439,6.91554788993399,6.9990463268459235,7.062514586339846,7.112195167177277,7.152059643720451
1994-10-01,5.183569010800852,5.473836014684422,5.723618903910969,5.939243300155092,6.1259844497686835,6.2882483109041765,6.429720623041574,6.553489722552483,6.757874568754021,6.917592361875306,7.145887281851778,7.297083022171888,7.402398254685806,7.479085999973769,7.537079478436106,7.582341665292874,7.618602111905567
1994-11-01,5.3481937710116645,5.660895340214901,5.927883529939563,6.1565893228912705,6.353167392828168,6.52272265910152,6.669495750948293,6.7970149462632525,7.005568067518335,7.166567912566436,7.393238443741198,7.540891205473442,7.642560838503387,7.716044968030153,7.771365195075932,7.814428583087538,7.8488777988110465
1994-12-01,5.863345493687411,6.216858757502157,6.503578113966919,6.7363406421968035,6.925498857578332,7.079403313736875,7.204791269577782,7.307099729012963,7.459188763494328,7.56159181631907,7.679177826241974,7.736509121114508,7.766636260076593,7.784002686915794,7.795049086429692,7.802734485450732,7.808477325516439
1995-01-01,6.20033834631778,6.565907881534128,6.8541790473886275,7.080841310881601,7.258447870021604,7.39703798384417,7.5046363202360995,7.5876535633694955,7.699381987510337,7.7619471483601385,7.8080683029998905,7.807705414192078,7.79269820164221,7.774892776674766,7.758288537246814,7.743921233997838,7.73178830692429
1995-02-01,6.151116880754203,6.4176333991191274,6.632336668841187,6.8053322521951864,6.944752177414181,7.057140605195714,7.14776410041165,7.220861251561571,7.327456700390669,7.39698611703665,7.472269779602836,7.504929378086655,7.519467975776006,7.526227429273191,7.529592214283469,7.531434714197568,7.53256410125393
1995-03-01,5.914004436038748,6.083711063665313,6.226509544025803,6.347048834607877,6.449140563623961,6.535913435733167,6.609938743633363,6.673332445782526,6.774895154703474,6.851215891220929,6.95497513552834,7.019888443940582,7.063287545610759,7.094043021604215,7.116914770012813,7.134592149573441,7.1486771662021855
1995-04-01,5.877884208754628,6.042136689541552,6.1806561965455025,6.2978511749215285,6.397341042680373,6.482100983139935,6.5545797469326175,6.61679554800572,6.716812643573437,6.792315356179826,6.895587541123599,6.960665156927646,7.0044111251780805,7.03552751870724,7.058721654412511,7.0766728300688575,7.090987003889399
1995-05-01,5.871737560311978,5.999675636433916,6.111033880030987,6.208229387449969,6.293303402721988,6.367982194069933,6.433727789039967,6.4917802928191,6.588862995405278,6.665917589504645,6.778137048922981,6.8539427849130545,6.907453955445686,6.946749744503814,6.976617152535272,6.999995422816077,7.018754151435776
1995-06-01,5.654117112814167,5.6041770682038825,5.577686149086436,5.568717801539834,5.5726622570729845,5.585948375715167,5.6058227820429,5.630174662944083,5.686276368108468,5.745620227068118,5.857575614804641,5.951085222161606,6.025462692319628,6.083931086981211,6.130113274214864,6.167039309142004,6.197011792863701
1995-07-01,5.556612357634805,5.55801280490701,5.570210256156268,5.590008837115196,5.614965197097229,5.643224669299467,5.67339180917163,5.704428243628562,5.766275217872739,5.824944025888605,5.926895772825634,6.0073292448804825,6.069519116581866,6.117677394438278,6.155407572337502,6.185443159329499,6.209765540923964
1995-08-01,5.522161300988498,5.564325312114331,5.611015918981157,5.660097299163235,5.7099983241657055,5.75958291701443,5.808048453640576,5.854846327862987,5.9421568945206245,6.02017416874766,6.148818997661188,6.246243597602946,6.319940560098116,6.376325073670606,6.42020636683323,6.455011405830037,6.483140839111437
1995-09-01,5.440862142954875,5.465758637109284,5.497244584334769,5.532909263368476,5.570945321702537,5.6100135373641775,5.649136443843724,5.687614818093713,5.760854064405968,5.8275503028002005,5.939444613513235,6.025369807645301,6.090863142367084,6.141183688911101,6.180438016619444,6.211613356760793,6.236826785403698
1995-10-01,5.49010236226874,5.519459230817458,5.552035847083707,5.5863251514925585,5.6212179474993915,5.655911617285293,5.689838576956294,5.7226103331881495,5.783777652034262,5.838456126527792,5.928650292552366,5.996976263665009,6.048670138371443,6.088224092038605,6.119008593293772,6.143426434850838,6.16316123946559
1995-11-01,5.43946179574775,5.410782909327758,5.399077754522444,5.399913358032687,5.409854682017646,5.426252327354364,5.447074157751586,5.470771901263248,5.522410132129516,5.574964827546364,5.671438703418624,5.750571935170266,5.812967267306864,5.861793098690377,5.900264514483688,5.930984664752393,5.955902380597989
1995-12-01,5.430022569870014,5.354752417738205,5.305813436958971,5.276918085947021,5.26314241663423,5.2606418667800625,5.266425094750801,5.278174142662092,5.312837000371644,5.354815278411362,5.440877759124105,5.516474462445885,5.578009780885632,5.626956752589979,5.665860919155561,5.697071844980165,5.72245043093109
1996-01-01,5.190664616159304,5.141584425822853,5.113257958437256,5.10053333494323,5.099394848297129,5.106723934959873,5.120109253583058,5.137695919114912,5.180143506402924,5.226395075661833,5.3153977463020095,5.390680775033069,5.450918324993584,5.4984172058925065,5.535996649163773,5.566070659716867,5.590492868521777
1996-02-01,4.99339762858739,4.908464681263133,4.8579211673899225,4.833299327747475,4.827992455688122,4.836864107294131,4.855937501201706,4.882148870759409,4.947162116776646,5.019169080041598,5.1591986525491755,5.278419681713279,5.3741044773474345,5.449672256530946,5.509508487031713,5.557415413529972,5.596328389808593
1996-03-01,4.910598199287333,4.929543366524681,4.961432422463593,5.002103469800835,5.04840025694843,5.097950447312537,5.148990763126385,5.200229319853604,5.299864809642806,5.392384158341076,5.5502818870383726,5.673163806782496,5.767497149991514,5.84026223612361,5.897148889738721,5.942381399235068,5.978987111771952
1996-04-01,5.0654626174071415,5.18489053846363,5.292086836768746,5.388355273805514,5.474872429594488,5.5526959001263325,5.622773223330023,5.6859510486997245,5.79454449197338,5.883567360498123,6.018097105325399,6.112392089223603,6.18055463587542,6.231345490012263,6.270282971834151,6.300909355521256,6.325549544269544
1996-05-01,5.038440767322626,5.23028892375505,5.3952147110404525,5.537447373637906,5.660510557535724,5.767344468723842,5.8604063519391065,5.94175320553319,6.0759255375194545,6.18062021965735,6.329995608399688,6.428730583034168,6.497411841313999,6.547380593104311,6.5851487227791745,6.61461679905742,6.638220361561787
1996-06-01,5.101109072456741,5.343699194975414,5.54697889847721,5.71784205700065,5.8619272966652,5.983851391865305,6.087398700224424,6.17567498768692,6.3161710401986895,6.420812551696607,6.56137043907752,6.648026980439819,6.705316857902267,6.745602482611046,6.775414297432213,6.798388465898933,6.816663878530107
1996-07-01,5.167558185203865,5.361662354888705,5.526353866375691,5.666549706771492,5.786303155960668,5.888959953151479,5.977285700050615,6.053569865584983,6.177284926868802,6.2717615570100325,6.402950669409545,6.487085483474348,6.5443770113895345,6.585483377658418,6.616289939398217,6.640208279600572,6.659314323630954
1996-08-01,5.200074043271942,5.374526126258301,5.523084962271282,5.650010773017044,5.7588248409797735,5.852441750450444,5.933277478541806,6.003337808407361,6.117525577505124,6.205289209604473,6.3281643544205,6.407707466360689,6.4622371957935085,6.501535984058084,6.531068486263065,6.554034125577048,6.572395374560825
1996-09-01,5.295570823976896,5.517900980149855,5.703457038878691,5.858776296137475,5.9891941699474724,6.0990692932345985,6.191965971122275,6.270802138527881,6.395430421047642,6.48739981258093,6.609368329453693,6.6833735271375385,6.7316888549638945,6.765363812166009,6.790141924410076,6.809171950301995,6.824280779453777
1996-10-01,5.092872480802961,5.280715863395083,5.440786345667603,5.577639483411688,5.695042611682287,5.796115619123285,5.883446057649015,5.959183333309877,6.08273415835626,6.177803376539275,6.311101209550549,6.397533057482292,6.456854431972818,6.4996392468880195,6.531806557864084,6.556827947996593,6.576835817472902
1996-11-01,5.122775828292894,5.236329351878026,5.3383699514080805,5.430102902887348,5.512620623860225,5.586908713676464,5.653853054177393,5.71424743422462,5.818147482469961,5.903408041651044,6.032394469699558,6.122900019726607,6.188366619596873,6.237168057468932,6.274589081022585,6.304026529211435,6.327711855555417
1996-12-01,5.099560980904904,5.179604391889656,5.252755976803678,5.319506190866037,5.380350265439527,5.435774131081255,5.4862449319932916,5.5322049638737765,5.612218274738512,5.67876290439059,5.780910834524281,5.853579898986709,5.9065930045655595,5.946312384535327,5.97685901611513,6.000928389213141,6.020311996830834
1997-01-01,5.117728500088145,5.277285748352922,5.414246603312078,5.5321887698965435,5.634088956965573,5.72242755338974,5.79927462797095,5.866360642568437,5.976812200415349,6.062803012807368,6.1851512725158,6.265777907079381,6.321746173164238,6.362411213798327,6.393122407865201,6.417073245092595,6.43625262912147
1997-02-01,5.066156459351212,5.219808910193462,5.352277325698977,5.466837909138775,5.5662278155098415,5.652737320952901,5.728285817065735,5.794484522188081,5.904038366503887,5.989881416168086,6.112987601847062,6.194807861679496,6.251937722110979,6.293602511583318,6.32513999516116,6.349767239322739,6.369502447884219
1997-03-01,5.126268126393709,5.322503277183418,5.486927917860392,5.625122040328243,5.741649441873094,5.840246697970213,5.923976537476376,5.995352383303739,6.108937378125092,6.193522187083205,6.3071147686650955,6.377128100721234,6.423405377320267,6.455942375708975,6.480017906029381,6.498570450949345,6.513328110942244
1997-04-01,5.237355306260362,5.48798948762364,5.694664422332786,5.865484477764016,6.007026590266502,6.124631528323895,6.222639227360119,6.304578983745095,6.43121175859989,6.521702726454141,6.636229275631011,6.701502683378206,6.741920424873401,6.7689983160447795,6.7884012648987495,6.803062864353053,6.814595403040271
1997-05-01,5.270843629554678,5.480000268859048,5.653222858408903,5.797054328774047,5.916814669789077,6.01683274869946,6.100633812837873,6.171091194824539,6.28092198933162,6.360389858581546,6.462847673626259,6.52275976586182,6.560699319555856,6.586558234485443,6.605306643465552,6.6195772906841635,6.630849672810985
1997-06-01,5.15026833346902,5.3764331945548,5.563313571787226,5.718110179448659,5.846671822303702,5.95375248325254,6.043219146212248,6.118219841363676,6.234610262139403,6.31828415006507,6.425143740896284,6.486821892900186,6.525443025652656,6.551542541146744,6.570356181784678,6.584625384163026,6.595873446049194
1997-07-01,5.046170225135456,5.255182729014418,5.428424519096272,5.572393344080004,5.692374405132519,5.792669937852231,5.876784944630325,5.947577500091158,6.058099839292829,6.138242828864779,6.241901389056255,6.302776968766591,6.341467957574452,6.367911487050275,6.387119087617491,6.401755785994708,6.413324810442753
1997-08-01,5.1691815322978725,5.310057549856441,5.427874664687686,5.526703976198355,5.609871740783368,5.680098365755406,5.739611149506802,5.790235766593453,5.87054676491597,5.930098629737368,6.009606245827108,6.0582562910220314,6.090230885942389,6.1126224293758264,6.129148631723503,6.141864305511534,6.151970331829491
1997-09-01,5.138643820192571,5.302245096378335,5.438747646060177,5.55297324783378,5.648856622294183,5.729611644158903,5.7978660599198495,5.855770722682954,5.947264699287396,6.014737080071453,6.104133564617056,6.1583105148488055,6.193646850326699,6.218258840412276,6.236360373763501,6.2502589692498685,6.261292051750266
1997-10-01,5.062901034374811,5.202268006382423,5.318705356428705,5.416275128149132,5.498294387344616,5.567474491037258,5.62603401415635,5.675790354983855,5.754589277930821,5.8128831653706206,5.890459042018635,5.937734357975882,5.9687058595280025,5.990345755263675,6.006293853304843,6.018553988671259,6.028293151673164
1997-11-01,5.1727479074614875,5.282573569289035,5.373802142324907,5.449789566479173,5.5132683385838925,5.5664651697826235,5.6111962261675155,5.648944250150954,5.7081180387943045,5.75127545451695,5.807565308935983,5.840992707720791,5.862437532871974,5.877195862169638,5.887965257175751,5.8961949334591015,5.902710242622636
1997-12-01,5.258892274165522,5.372892068669885,5.4641663793057855,5.537202973079662,5.595606663627092,5.6422727106667185,5.679526201779826,5.70923408580403,5.751712743469781,5.778488482136263,5.805526106684053,5.815414543839682,5.818474763009866,5.81891897003026,5.818440511750562,5.817701780686019,5.816948353349105
1998-01-01,5.246468879880078,5.308740611313451,5.359478035121378,5.40087446525331,5.434701512764843,5.462390627635826,5.485098821141674,5.503761644254641,5.53183407602848,5.551091873601063,5.573928777312409,5.58570638841766,5.592312393112913,5.596377974955314,5.599112551047703,5.6010943215009785,5.602614497206917
1998-02-01,5.203248543539277,5.22031666416931,5.237873363607864,5.255448477770654,5.2727078176237425,5.289420825586013,5.305435362576945,5.320658112748326,5.3485615152703,5.373065147027515,5.4128121194588985,5.4425061611980885,5.464798383702926,5.4817809373818385,5.494965947864973,5.505410009862471,5.513844890550678
1998-03-01,5.220134063748912,5.286620379111274,5.34199225425508,5.388239080610998,5.426982745180628,5.459546702148485,5.487011925813875,5.510262253593021,5.5468814998674585,5.573765968813459,5.6091627456434106,5.630442260556899,5.644231871793478,5.653791761675347,5.660801519063536,5.666173872256738,5.670434171209871
1998-04-01,5.075487012147925,5.17570705067428,5.25620381007367,5.320847676367835,5.372750401663274,5.414413719046203,5.447848853588025,5.474672627842138,5.51342993290358,5.538313616793754,5.5644249325500414,5.574968929855292,5.579091572638561,5.580591790385864,5.581040811001755,5.58108376759989,5.580982145000872
1998-05-01,5.115828825721299,5.219177606338257,5.302115718997063,5.3686554093943055,5.422021667389719,5.464806555148291,5.49909329770716,5.526556058493057,5.566126597495916,5.591409710546767,5.617678798764662,5.628032418142427,5.631881693913596,5.633117240072647,5.633336159390064,5.633186094451637,5.63292389499279
1998-06-01,5.146659328215218,5.227013964821527,5.291332562797187,5.342783566454375,5.3839118424255785,5.416761166949735,5.442972679928854,5.463864018077198,5.493708320930084,5.512488907421834,5.53138529272698,5.538227660011071,5.540285911141094,5.540522475928363,5.540125242938616,5.539556778322719,5.538987036000106
1998-07-01,5.120242009149648,5.19708486612403,5.257776026885845,5.305585113858616,5.343129151905257,5.3725019370809015,5.395377857482508,5.413095199577371,5.43711457336376,5.4507738147911535,5.461353397293974,5.461976470505142,5.459363167373939,5.456039772390457,5.452878158432637,5.450119773075651,5.4477813057347895
1998-08-01,5.112385268019,5.188784688270762,5.249126216741653,5.296660432364863,5.333989123662865,5.363193901993198,5.385939416198578,5.403556172611375,5.427440248350664,5.4410238157494195,5.45154783231577,5.4521716453496305,5.4495767778884545,5.4462751605825055,5.443133828397153,5.440392982707708,5.438069323415883
1998-09-01,4.904465059227974,4.902310162275205,4.904053317474928,4.908591649273198,4.915078019983228,4.922865778991302,4.931465051263954,4.9405082003481615,4.958909071724517,4.976671941775614,5.007982809566517,5.032945413976251,5.052350414613214,5.067420966113769,5.079246971653315,5.088669354346812,5.096302993880619
1998-10-01,4.42535034804603,4.358052031092542,4.308034224177291,4.27151325814162,4.245493066917264,4.227604911507161,4.215979327222175,4.2091438624904125,4.205465318159612,4.2100151431672845,4.229511964625388,4.251697724972562,4.271577964090421,4.2881177005557545,4.301567397730361,4.312486984924481,4.321421801567466
1998-11-01,4.529266029714371,4.474103506415241,4.438476884708456,4.417708175116331,4.4081351718798505,4.4068995897058105,4.411778487821672,4.421050242381932,4.447775580359877,4.479797732671255,4.545060657975379,4.6021941918102955,4.648631130342207,4.685540708983243,4.71486570498955,4.738386786059349,4.757510390734627
1998-12-01,4.53602880809037,4.49623970246243,4.470421329066154,4.45523483365147,4.448065738703718,4.446872932856235,4.450068504719183,4.456422195527873,4.475031380496648,4.497493710867346,4.543461413834914,4.583797424217655,4.616615711971885,4.642714338948725,4.663455619201524,4.680094274409543,4.69362322893348
1999-01-01,4.51028839507634,4.5154218165392646,4.52294757049258,4.532065199188887,4.542169892952065,4.5528091167205815,4.56364843512271,4.574444631752368,4.595268847479946,4.614465366740223,4.647020245068123,4.672232072084246,4.691536344313205,4.706405675786676,4.7180211457078824,4.727253029669095,4.734722473773494
1999-02-01,4.47549146247037,4.508011951747869,4.5366806738661065,4.562005586629179,4.584424103963655,4.604313136002161,4.621997690603698,4.63775824060313,4.664443490605807,4.685940068430939,4.717792214020798,4.739690741775808,4.755327656426081,4.7668928125083445,4.775720316364552,4.78264652445421,4.788211442501497
1999-03-01,4.592539140061061,4.734750367269761,4.85071886136248,4.945424656225942,5.022891516032308,5.086371679474873,5.138494785938151,5.181387943618166,5.246042345418252,5.290540065556786,5.3435959623842555,5.371206228810957,5.386844660206123,5.396557104220019,5.403137360211766,5.407930087916419,5.411617907512032
1999-04-01,4.307039186608488,4.465842935666282,4.597803749849521,4.707760175534215,4.799652575038723,4.876692539228014,4.941500036354387,4.996214480316847,5.082041922351729,5.14469742550449,5.2265285246608375,5.275209517537241,5.306485872710797,5.328033453794786,5.343768278322051,5.355797606717255,5.365323395261946
1999-05-01,4.4593723694475464,4.586393189498524,4.693243451707008,4.783411738155403,4.859757807968961,4.924628623407895,4.97995265355093,5.02731656213709,5.103164426324951,5.160127587483736,5.237508405413374,5.285872837132427,5.318184534216271,5.3410714166142395,5.358086261651657,5.3712344676249835,5.381709638178245
1999-06-01,4.643499904256342,4.844365551925659,5.009274562228576,5.144935221952941,5.256781626211263,5.34921798996976,5.425815854953979,5.4894733062520995,5.586938740390724,5.655634840241201,5.74075540050085,5.787800428799671,5.816116339295433,5.834659409813591,5.84773470556108,5.857514559682745,5.865161362848046
1999-07-01,4.68720352414196,4.8814374222148915,5.041139113113671,5.172725755706826,5.28139873982718,5.371376375981308,5.446081781088487,5.508294620492842,5.603855954398561,5.671533843000372,5.756021130872032,5.803233497717675,5.831946058385035,5.850908519258754,5.864360564232096,5.874461192235524,5.882376800354292
1999-08-01,4.615732384423275,4.844595602142733,5.032541511200449,5.18719842300995,5.3147463784604945,5.4201947465669695,5.507606313460929,5.580278213438306,5.691611907591788,5.770152486156165,5.86760662508075,5.9215797326107005,5.9541293453102355,5.975479312057643,5.990551295764527,6.001832999879896,6.010657966744164
1999-09-01,4.892630673076027,5.080274042848328,5.235038156096625,5.362981180834182,5.469019935381268,5.557147471581871,5.630608886117251,5.692043415691027,5.787026748130442,5.854943040439261,5.940978808949231,5.990078646231971,6.020517381424349,6.040928592313009,6.05556376878911,6.066627066084998,6.075331261357074
1999-10-01,4.770644779426697,4.990560673506696,5.170427484684272,5.3177899801975546,5.438750866792512,5.538248496663903,5.620280857907776,5.688086268602686,5.791017774113533,5.862635332222545,5.949569032183474,5.99612863482111,6.023301473100025,6.040636973188087,6.052627802406429,6.0614844369513055,6.068357642169289
1999-11-01,5.054699160725273,5.224851687107963,5.364637140976678,5.479711183644733,5.574656430591873,5.653188033387586,5.718319647412719,5.772497446925041,5.855567527183471,5.914242509936523,5.987188741690396,6.02770500909597,6.052205635598605,6.068311877339898,6.079700186400219,6.088233291092431,6.094912219652192
1999-12-01,5.343229917577365,5.489828268809078,5.609234112134821,5.706622263838618,5.786172107362429,5.851260137646576,5.904615141989271,5.948443282647844,6.014315970264357,6.059447943451936,6.112854267941275,6.1402996948888005,6.155633831219667,6.165036374006831,6.171341959391281,6.175902230925432,6.179395824763436
2000-01-01,5.562474441065698,5.748668457398383,5.898699768397852,6.019618024803678,6.117096545258294,6.1957012248312004,6.259106881472912,6.310271317180896,6.384935544474036,6.433695202072669,6.486612104031149,6.509683392416701,6.5200373995440035,6.524912351917598,6.527382694052776,6.528765152287905,6.52963130321331
2000-02-01,5.693753846508295,5.911864171258921,6.082676164576476,6.215896910655232,6.319280992758809,6.399019471809727,6.460051783926123,6.506315781761921,6.566444965296086,6.597559743517986,6.614253940129769,6.605483685670894,6.589910292029302,6.574158428642312,6.560232682896541,6.548460746714657,6.538630383742522
2000-03-01,5.746224686159695,5.93024016894456,6.073965540914955,6.185703607733311,6.27208332452778,6.338393744911967,6.3888517274052266,6.42681649294152,6.475412390200284,6.499633270634252,6.5101817747558615,6.499987854631889,6.484686162609391,6.469721039725115,6.456659050459945,6.445681827123463,6.436541468478764
2000-04-01,5.92171961725375,6.050952315947438,6.145797280604555,6.2138736773744725,6.261205258969311,6.292546183856542,6.311641174758617,6.3214331443457885,6.321830682879072,6.3067518286513184,6.258265587830825,6.206932033368934,6.161999816591982,6.125004166704006,6.095074662979328,6.070839813481061,6.051037346218779
2000-05-01,5.921396803214698,6.136155099839424,6.295840456274628,6.412506079945325,6.495696759974015,6.552959257794339,6.590250093716233,6.612261207642614,6.624396228497289,6.610254087176485,6.548693666807706,6.478414781625274,6.415375790206549,6.362906345316595,6.320230334324316,6.2855785558094865,6.257223539670183
2000-06-01,5.856363623884341,6.067784035031749,6.224140364740782,6.337547122249549,6.417591002559395,6.471846037777474,6.50628507791786,6.525608307850351,6.532864531838708,6.514480321822431,6.44610477003823,6.370775880249157,6.303963225523356,6.2486265278511715,6.203727730666561,6.1673166921254285,6.137541484393864
2000-07-01,5.991512580164333,6.090255679678494,6.16038851983007,6.208418208068535,6.239471874732474,6.257580619228977,6.265905949544525,6.266920253227341,6.2542928264669975,6.230469799602678,6.171995048427083,6.115837719767557,6.068400679012765,6.029979708733274,5.999154289243402,5.974301822986479,5.954040679295051
2000-08-01,6.236165223298602,6.2565585124646415,6.265863083598245,6.26694320385453,6.262021138264958,6.252813410115007,6.240638911889722,6.226504593111769,6.195217400651779,6.163014079846669,6.103414021345199,6.054257273998649,6.0153940761815825,5.9849399311227955,5.96092598189959,5.941742570255049,5.926179147401046
2000-09-01,6.253145101159217,6.21415813133772,6.1774538417516345,6.143108619561285,6.1111224957929355,6.0814420971913625,6.053977987298364,6.028617658965539,5.9836981869364365,5.945628446839263,5.8860201444243785,5.8428365558583595,5.810987935988214,5.78697196189782,5.768433976847509,5.753796781026589,5.741995929494166
2000-10-01,6.281364486137559,6.202078877378109,6.13695365691734,6.083350442676874,6.0391315679103545,6.002564132168111,5.972242543590857,5.9470259758447686,5.908375062853391,5.881088702915796,5.8471926795589,5.828388146574081,5.817029486477304,5.809569310754511,5.804297845264772,5.800349654953479,5.797260134080407
2000-11-01,6.385667726445569,6.258650685279137,6.156208374951712,6.073559458008298,6.006854978254258,5.952996335249785,5.909488818219498,5.8743237498586796,5.822865914508074,5.789105042041095,5.752138593700964,5.735714063793356,5.728120036887166,5.724383242223895,5.722375772497202,5.721176114530446,5.720377457562856
2000-12-01,6.244915782902481,6.085093889357126,5.957440162999384,5.855572523146992,5.774367985735308,5.709714947961882,5.65831413218444,5.617518640142531,5.559672124297491,5.523757233461829,5.488679465894707,5.477051092023875,5.47449023054539,5.475207344629247,5.476928138110242,5.478799804944969,5.480533108220904
2001-01-01,5.708873628251884,5.481757387222362,5.306238283792982,5.171519890592245,5.06900057566238,4.991833311883683,4.934573119626272,4.892894775007443,4.843270889951332,4.823227184261028,4.827365721810878,4.853507409796467,4.882887090312208,4.909487660092337,4.931980540498249,4.950601716383579,4.96599118683362
2001-02-01,4.873581649783797,4.7640006620355955,4.6891390129021815,4.640903984753274,4.612938915196866,4.600263598807716,4.598987834085335,4.606083394832463,4.636534395159295,4.678609636874217,4.770740630399069,4.854588548977212,4.923891518693869,4.979436409850201,5.023759961816473,5.059393375318181,5.088400209127356
2001-03-01,4.736905306966275,4.619624022325636,4.53986583132879,4.488862495090135,4.459728911071126,4.447072791171762,4.446683768549418,4.4552859429652445,4.489892172463418,4.536841373713835,4.638786133771481,4.731165498310348,4.807381023175422,4.868411597642952,4.917089962427094,4.956214754920112,4.988059559229839
2001-04-01,4.156779761401727,4.118065103324274,4.105686521938246,4.112655201134862,4.133565361202047,4.164256385833044,4.201544991701015,4.24301315836447,4.331671414810732,4.420644370147637,4.5822791814274115,4.713921016134723,4.817356262210175,4.898147608717695,4.961742294722593,5.01249656746898,5.053652555652302
2001-05-01,3.790739712375142,3.8381630298052354,3.899018316366185,3.968455218237906,4.042833356979386,4.119451535123916,4.196334686176263,4.272066571789053,4.416447757009442,4.548128449224714,4.769342846159824,4.939397402596922,5.0690897624445315,5.168768131912775,5.246539508648601,5.308310620289987,5.358271339929626
2001-06-01,3.4042771876456066,3.5513743352081515,3.6919525559498574,3.825109147479092,3.9503737876726714,4.067590566629831,4.176827765003439,4.278309265107927,4.4593811284508265,4.614044809402482,4.8581537054317785,5.036264948746543,5.168177061375195,5.267890605530977,5.344966848857874,5.405871679771756,5.454995175396064
2001-07-01,3.4484252770091253,3.558815942236673,3.6715268912357906,3.7837637217197,3.893553600374775,3.999548657733304,4.100872863732063,4.197003140619074,4.372823641775315,4.526881918271473,4.7762478260052035,4.962210183999544,5.101676820684622,5.2078636517130565,5.290278979246293,5.355549882522868,5.408259198873465
2001-08-01,3.370216475672449,3.401984994457582,3.455740908658159,3.524422436150867,3.602673579186651,3.6864680826414196,3.7728128812412938,3.8595146148534782,4.028152603909311,4.184781709138531,4.452144402957491,4.660247338698263,4.82001541052732,4.943259686427045,5.0396125301142325,5.116226952157685,5.178229818707902
2001-09-01,3.3329024207086775,3.358006697572596,3.4068957302964242,3.472107770923411,3.5479707861168164,3.630209253091367,3.7156339060849373,3.8018973199549966,3.970648030668179,4.128181455459633,4.398265233460057,4.609189794669059,4.771409939359602,4.896666604859588,4.994644823527461,5.072574251268781,5.1356511445632815
2001-10-01,2.355654042380481,2.3517363203799087,2.389347978842414,2.456374597921725,2.5435404812703393,2.6437921068809676,2.7518107586037956,2.8636278079693436,3.0877783794796754,3.3014860547165075,3.6744074449764574,3.9695291776256934,4.1980773849711115,4.375212585518539,4.514057028565371,4.624614380198001,4.714154464766177
2001-11-01,1.9522903142562187,1.963433992018885,2.0141900751055424,2.0927184590497765,2.1899759193283295,2.2991062063106797,2.4149582365485287,2.533706030549732,2.7694786507416325,2.992441184288227,3.378893444750832,3.683192190231719,3.918235629293366,4.100148493248145,4.242627856357076,4.356031984931679,4.447857028448529
2001-12-01,1.6047883274451833,1.7626389233674513,1.932173653393434,2.1069411071514734,2.282241263278887,2.454718994517624,2.622046029852338,2.7826727563408893,3.0804046673156518,3.344763293130717,3.778095848076477,4.104671435989854,4.351044746052201,4.53925599120164,4.685607505535469,4.801634115273326,4.895383287412152
2002-01-01,1.4764439234050064,1.7737904783572196,2.05405503622722,2.3165588535497434,2.561228118868228,2.788413994353217,2.9987564789108467,3.193082254702364,3.5374886948613935,3.829565177902375,4.287192423802639,4.618921154756221,4.863663037395248,5.048252698823358,5.190754641839931,5.303278489828854,5.39400108415833
2002-02-01,1.5843259267872472,1.8215944514270734,2.0536633490003595,2.2775164039808438,2.4912011727235144,2.6935590517076204,2.884016799362178,3.0624262193363685,3.3839259769083516,3.6613965663922245,4.103912651738574,4.429748671760677,4.672350418086431,4.856297378064113,4.998731257487023,5.11138947176325,5.202302655567576
2002-03-01,1.6209426859311644,1.878648822876062,2.1246665304895616,2.3574928757381968,2.576363987255803,2.7810523920240526,2.971712121430842,3.148761048754233,3.4645072627125977,3.7340599201877134,4.15926994837607,4.46937055046501,4.698971591024233,4.872500765512133,5.006622324173157,5.112598297470466,5.198072057686094
2002-04-01,1.712546569913972,2.0988747559586645,2.442622753296743,2.7488923707893465,3.0221663480552703,3.2663800215108374,3.4849858815443375,3.6810113971186107,4.015609680819638,4.287712700166459,4.695249022148403,4.978429323693991,5.182015806300313,5.333216212256257,5.448906730644696,5.539804608267462,5.612892319603066
2002-05-01,1.5397531770192798,1.8241054439898954,2.091412446038976,2.341233426792049,2.573657208840128,2.789140735088328,2.988387286823114,3.172255428471229,3.497681290389423,3.7732553536907427,4.204372097361127,4.5164575924014745,4.746521316250423,4.919958609956183,5.053814962706843,5.159496154720763,5.244694918196081
2002-06-01,1.6106892563618487,1.8531689715272395,2.087314443055094,2.3109297414798027,2.5226979060244923,2.7219503433697434,2.9084895410496947,3.0824534609356355,3.3942913577758467,3.6619471275506026,4.086471177313289,4.397562958678031,4.628544430173529,4.803400443471464,4.9386722108779075,5.045611745122281,5.131886569037095
2002-07-01,1.514904022707051,1.691488043182852,1.8768463799278903,2.065023051527364,2.2517252045196976,2.4339327564153272,2.609593496263681,2.77738558911403,3.0866636541596444,3.3597657409822688,3.8051069957202355,4.139286816861201,4.390790285942889,4.582659535856743,4.731741899716313,4.849883959467322,4.945320828183072
2002-08-01,1.6457358149497412,1.5919797441838577,1.6034256347690958,1.6619649789123003,1.753660787838726,1.867849388288638,1.996429427956094,2.1332997769339954,2.414939389630483,2.6892985619193346,3.1764355694747555,3.5668429730695514,3.8711390235293566,4.107802603996111,4.293659178522591,4.441803030240856,4.561850337108022
2002-09-01,1.7225733396963145,1.610330181929731,1.570849878121212,1.5849244014648023,1.6376877835028865,1.7176903595916324,1.8161648010120077,1.926444844411799,2.1635999516816486,2.402635512885537,2.8383005463125657,3.193918352603049,3.47364730086169,3.6922658754959343,3.8644051386234217,4.001811116380693,4.113241975215809
2002-10-01,1.6969779462621042,1.5626032276139366,1.502948813253327,1.498655835320011,1.5347097405699037,1.5995176503715927,1.6841764008914801,1.7818924636003959,1.9972116773411934,2.2181213732248053,2.6260192167618666,2.9619207378202717,3.2272830757695914,3.43514508597267,3.59901519016185,3.7299068963987905,3.836092303051735
2002-11-01,1.5523040242045618,1.4447179020288834,1.4108092128188952,1.4310123323588793,1.490194640723864,1.5767102359326581,1.6816498342135777,1.7982468504836253,2.0473410347364034,2.297177477030275,2.750855318341113,3.1202400360498705,3.410435394347993,3.6370841692864975,3.815482715422744,3.9578575877569593,4.073306161752526
2002-12-01,1.3061492874525082,1.338900754304086,1.414736248404624,1.520383029147315,1.6457340119611397,1.7831541652294904,1.9269329937897373,2.072853002251146,2.3597472304405698,2.6287583837226807,3.0917052801423877,3.4542833278931706,3.7335578308783264,3.949373762069544,4.118265366260297,4.2526305546142815,4.36140147913262
2003-01-01,1.3193565258258153,1.2610397720176425,1.2670882736004938,1.3197264188051887,1.4052651134637886,1.513222801181359,1.6356295687111055,1.7664768836575442,2.0367508255533697,2.300843085586175,2.770880814017043,3.148233583357565,3.442610563240417,3.671666369219079,3.851594005737859,3.9950316742873837,4.111273891398118
2003-02-01,1.2939636213547563,1.2299099477371769,1.2326045996068842,1.2836823327617382,1.368994276107317,1.4777016535130654,1.6015581964738503,1.7343426590802675,2.0093412435741667,2.2786143257470446,2.7586627356955296,3.1445048620522202,3.4456827335911813,3.680104527865224,3.8642789397383446,4.01111580796829,4.130118671882833
2003-03-01,1.3638692759509772,1.2253839174404073,1.1672575396015816,1.1685549444029788,1.2130492278877494,1.288220674369229,1.3844626971217822,1.4944526746276803,1.7349226844794827,1.9802505130270562,2.4313880083593524,2.8018766357581817,3.094171019427529,3.3229682549989104,3.5032745304517956,3.6472652755491617,3.7640645197614404
2003-04-01,1.2464890911937054,1.1280847808283032,1.0887420188486117,1.1075219801853928,1.168225075749208,1.2583798482556487,1.3684414221993972,1.4911567854567112,1.754089742109504,2.0183852189473486,2.4991087457032366,2.8909576145401203,3.198973443752025,3.4396115656314086,3.629051621100012,3.7802514666332825,3.9028616604591067
2003-05-01,1.2667740726284444,1.1362342494120132,1.0884390061305484,1.1016008269303825,1.1588525291809042,1.247198762436775,1.3566846532239236,1.4797373474091489,1.7451459218845295,2.0132479887516608,2.502688697595272,2.902648992208559,3.217430994608031,3.4635163493124694,3.6573132431442446,3.812020000453964,3.93748678082667
2003-06-01,1.3592506739922012,1.1699877952112532,1.0703828843661511,1.0377434752445849,1.0544219338237584,1.10674945460629,1.1841896689769165,1.2786672754519854,1.4956579563590708,1.7247227216804875,2.1562633204993817,2.516377496160807,2.802688733897215,3.0277086868118808,3.2054229780364114,3.3475094063510618,3.462835555690871
2003-07-01,1.1262712470789988,0.9982267718398111,0.9485917453635546,0.9568032980771259,1.0069350728534974,1.0867100250186,1.1867175674077801,1.2997934352656761,1.5448837968724145,1.7933582668539565,2.248181485161089,2.6205316015698195,2.9138459702140587,3.143256983032746,3.32396855594992,3.468249221357212,3.585269045981861
2003-08-01,1.0280789259068701,1.0318220713517188,1.0941110431915007,1.1976902065488544,1.3293613410836211,1.4791008795310387,1.6393622959142515,1.8045255922106183,2.1342006238492077,2.447379620491872,2.9922483588358393,3.422492050227407,3.7553005575547553,4.013082525230859,4.215072099212297,4.375880245911593,4.506105455403581
2003-09-01,1.0051056840387287,1.0710039189361187,1.182439883180228,1.3247860655786559,1.4869483938745454,1.6605872699493651,1.8395032670833,2.019153472975572,2.368568848659143,2.6930931059899788,3.2470363133467144,3.6781926352183785,4.009203596534926,4.264542420062075,4.464166704398761,4.622896580682495,4.7513541049203845
2003-10-01,1.1159349613090892,1.0031814951184101,0.9724618687600752,1.0018566680207324,1.0744244348228138,1.1771377406961174,1.3000400045154434,1.4355780170107204,1.7233101208569652,2.0105216647619826,2.5301900134311843,2.9522487039651732,3.2834158367796435,3.5418950539742156,3.7452757181844145,3.9075570508632893,4.039133883667951
2003-11-01,1.0684698766179228,1.084053372468106,1.153073258787906,1.2595469107576245,1.3912679439131175,1.5389826560752118,1.6957394494415623,1.8563756487275513,2.1752417737319254,2.476721853012615,2.999176872583218,3.4105142153446115,3.72821440687051,3.9740910091699657,4.166664822140509,4.3199391745231805,4.444047032731792
2003-12-01,1.0150818936688506,1.1159449842375166,1.247480114725787,1.398753667566353,1.5615504915426317,1.729766430513214,1.8989302766316791,2.065828273513336,2.3845571619267933,2.6757067110689166,3.1655039483232996,3.5424434213654488,3.8300882543894668,4.05123798800255,4.223815695302711,4.360901911399987,4.47178374958165
