Month,y3,y6,y9,y12,y15,y18,y21,y24,y30,y36,y48,y60,y72,y84,y96,y108,y120,FFR,CU,PI
1972-01-01,0.0374417094447176,0.0402331690226238,0.042061167993347,0.0425619435235172,0.0447620667881918,0.0455544735504286,0.0471686773435851,0.0484056805546489,0.0502935780340593,0.0525596749007074,0.0523950380559342,0.0552672353468891,0.0581574597796816,0.0590285018974205,0.0590223321813172,0.059016162465214,0.0592668954171958,3.3,81.8563,3.951517540402039
1972-02-01,0.0341818020950324,0.0383639460975147,0.0407657761704713,0.0421970724834129,0.0450769681320617,0.0463589916060873,0.0473420645591727,0.0482809985433,0.0515725472877085,0.0555574940653297,0.0550227205276343,0.0575971678881002,0.0597546046024335,0.0601096949854128,0.0602600190543452,0.0604103431232776,0.0607667799403248,3.83,82.2062,3.7568138290035913
1972-03-01,0.0340379108479346,0.0381576427970107,0.0396444080789184,0.0426537850133432,0.0432907363909514,0.0437163352869752,0.0455483165432094,0.0473454384604214,0.050136946786637,0.0522964154230595,0.0546400641071745,0.0563708599556904,0.0587250763801919,0.0593940752678292,0.060036840160068,0.0606796050523068,0.0626071951732486,4.17,82.8926,3.5073130166805244
1972-04-01,0.0386464156443389,0.0439554172382584,0.0470278171305419,0.0494589385927572,0.0515216282747276,0.0531577253833596,0.054502852444153,0.055424619412046,0.0566732960255531,0.0579869402532544,0.0603779340260479,0.0603768316530225,0.061618525645334,0.0614176038578703,0.0611594808191948,0.0609013577805194,0.0629379199030317,4.27,82.8225,3.307677318784119
1972-05-01,0.03614247712665,0.0390896800493003,0.0434535426777351,0.0447116852752932,0.0453232362807966,0.0470738498026,0.0490221674645407,0.0508403011789554,0.0530184601534934,0.0549305223742879,0.0580442015182607,0.0574611749781667,0.059040933030645,0.0593810077910652,0.0602794799283725,0.0611779520656798,0.0625094985624343,4.46,82.893,3.006935350889961
1972-06-01,0.0386387281037499,0.0428384340629906,0.0450846560749808,0.0470444455949705,0.0471527649583272,0.0484230027029905,0.049534994632439,0.0500974756365307,0.0522756275479907,0.053210215001837,0.056043770444552,0.0573597883862609,0.0592447264391855,0.0594487025243193,0.0599305634288792,0.060412424333439,0.0627533359414299,4.55,82.6441,3.065615782602382
1972-07-01,0.041209795730414,0.0455442913193816,0.0497687502439157,0.0519581281973629,0.0514406980495555,0.0527120242193137,0.0536490784681655,0.0543582750945451,0.0555072015666757,0.0563631337320548,0.058542814658065,0.0590598840229468,0.0605327040300245,0.0601760392236369,0.0599642633615714,0.0597524874995059,0.0600211158084272,4.81,83.5285,3.066390241550554
1972-08-01,0.0375536574044484,0.043322481009541,0.0469491131561922,0.0492912354739909,0.0499750642552945,0.0506588930365981,0.0516695075786496,0.0527844538442552,0.0544018414105306,0.0565417245191059,0.0586987625586355,0.0588849547972087,0.0603020902002293,0.0603111140903244,0.0604442880103909,0.0605774619304573,0.0632455231604432,4.87,83.9714,3.3747352204891223
1972-09-01,0.0457455222274471,0.0505340425953692,0.0522400463052532,0.0547241232325181,0.0548348360027565,0.0549970769853273,0.0554761008709492,0.056168138080865,0.0570948638945499,0.0586522664221627,0.0610424053258346,0.0608562931426954,0.0621601060195019,0.0639164974356878,0.0640517446939924,0.064186991952297,0.0646572445000847,5.05,84.9134,3.331090174966356
1972-10-01,0.0458742586647411,0.0522898159802936,0.0544493806206763,0.0565214971696628,0.0564411271963602,0.0568854063308298,0.0575081755267793,0.0576752344831148,0.0573711335865053,0.0592428721111457,0.0601164132537685,0.0605394397194278,0.0617000657731044,0.0627088089813489,0.0632241430645386,0.0641062352039802,0.0658041116833772,5.06,85.7175,3.4249532306806607
1972-11-01,0.0474553988275629,0.0518782280480167,0.0538305225285401,0.0550283141742584,0.0556465879293837,0.0569219133953577,0.0573922781478093,0.0577537975551191,0.05719908940952,0.0590808831515911,0.0609987713277016,0.0609791522367123,0.0617096457627286,0.0623000228840548,0.062662500056862,0.0631346799592155,0.063836548447204,5.33,86.5759,3.349419465812997
1972-12-01,0.0496537451329842,0.0528528837001798,0.0539361830598339,0.0541432900232422,0.0536651574734523,0.0553018129522619,0.0567095520350089,0.0564285911146234,0.0576366065230193,0.0580952868653355,0.060054370575419,0.0600610577117336,0.0603981168145999,0.0610563531169412,0.0615856676404329,0.0624651427348896,0.0632749520438128,5.94,86.9787,3.235783963835348
1973-01-01,0.0524876179020468,0.055387919441383,0.0553870703295776,0.056649215049597,0.0576143946309881,0.0585202367767199,0.0606052017430369,0.0592691581981371,0.0605060821217085,0.0601187206683696,0.0609392580776676,0.0619709458164792,0.0620461927215218,0.0623902035699778,0.0622850713005641,0.0632211594650176,0.0640805849434812,6.58,88.0795,3.369987676557029
1973-02-01,0.0582418798417763,0.0606560586706237,0.0593136018432747,0.0625561714509252,0.0628532906344027,0.062846327622187,0.0625522331967536,0.0628107802137791,0.0630257927366491,0.0638765934558952,0.0647122075266125,0.064198427620982,0.064100194225339,0.0638284233875439,0.063707057342371,0.0639279264912561,0.0649442355611157,7.09,87.9606,3.9568345323740974
1973-03-01,0.0587589455522425,0.0627430655809885,0.0598800827793823,0.0643167009162426,0.0645452242503959,0.0647414135599312,0.0647652732756193,0.0648357550180445,0.0653051395682934,0.0658516230242884,0.0661454953076799,0.0657812246300657,0.0653712553228796,0.064456020207267,0.0637597330120625,0.0642545829978337,0.0654390982979428,7.12,87.5274,4.569943289224954
1973-04-01,0.0657278385404664,0.0691781915016129,0.0679538490429753,0.069930939969457,0.0691419897956559,0.0690234844412515,0.0687545573590114,0.0682001034482759,0.06829601307116,0.0670105046869719,0.0663705770164449,0.0664428672280635,0.0659431455416888,0.0656288743021972,0.0661750908072915,0.0654524987042173,0.0659031783516265,7.84,87.814,4.852171452822174
1973-05-01,0.0633267719092,0.0676491331691738,0.0673097717735465,0.0673469369298209,0.0671062038367826,0.0667035110747984,0.0667439287192231,0.0666292071098715,0.0663939478591529,0.0667489243326674,0.0655510420664502,0.066018017050178,0.0656936503286051,0.0660655846088284,0.0666641523869401,0.0652141892151722,0.065600919939698,8.49,87.5399,5.2921512312255725
1973-06-01,0.07100042214394,0.0725328005153231,0.0719720349320374,0.0720894350974435,0.0693363745325624,0.0683854863322065,0.0682106918914117,0.067507492318069,0.0672237779791091,0.0664939044722372,0.0655355081075451,0.0659840047401716,0.0654221438926421,0.0670523939696359,0.0671510463163798,0.0685062686308672,0.0685222557084159,10.4,87.5919,5.2967393854093325
1973-07-01,0.0800896513454597,0.0816576731901904,0.080371446858369,0.0807238927613975,0.0767467557486578,0.0749664062192831,0.071562784972552,0.0709970125553801,0.0701009843775087,0.069928707135174,0.0684038944736119,0.0681180817907108,0.0670376750687413,0.0701937897260367,0.0690623136716285,0.068415034078152,0.068572102703928,10.5,87.078,6.202928380970207
1973-08-01,0.0853919490967961,0.087410399970815,0.0867513978678791,0.0867577822839093,0.0853933813505061,0.0829124318379057,0.0807163341458592,0.0803895354980347,0.0796246833671545,0.0788327388569805,0.0791579219348051,0.0770512304854956,0.07371894154545,0.0743694163797848,0.0736164441972164,0.0731959923056305,0.0731691967226516,10.78,87.4473,6.147254691938708
1973-09-01,0.088215626429947,0.0900864787317961,0.0848230793744368,0.085631845792233,0.0802977821093666,0.076872729258867,0.0759940721409936,0.0760158124096188,0.0739832030763353,0.0723525878574715,0.071274620120397,0.0698804759909434,0.0684867444539757,0.0709597017007322,0.0709427023786469,0.070600779792081,0.0699940750173172,10.01,88.0325,6.62883193003676
1973-10-01,0.0716744824015608,0.0778289775267066,0.0778135310193172,0.077493663932231,0.0726023443905443,0.0701679330352858,0.0692162029394955,0.0671189434326473,0.0665533710994225,0.0664096315168636,0.0666323553630959,0.065705083959004,0.0657992822599637,0.066946204001765,0.0672753369898325,0.0677506812081795,0.0673631099661968,10.03,88.3454,7.184267891099672
1973-11-01,0.0760844409219559,0.0773285376614098,0.0769815909873231,0.0725740010531709,0.0687699109794595,0.0680498157921895,0.0673761620960593,0.068230750217221,0.067458199174088,0.0671815906458613,0.0669710737738683,0.0666212967782206,0.0669256067230043,0.0666268865219558,0.0650280210488691,0.0649728468913682,0.0656270696513029,9.95,88.0841,7.720758206195111
1973-12-01,0.075412177313653,0.0784440851927768,0.078997827460149,0.0744290774250254,0.0684191652348722,0.0684133381087357,0.0683157296549549,0.0672889582210738,0.0669367579457882,0.066538649554571,0.0667953755805943,0.0666270792900516,0.0676519432637663,0.0661530903040883,0.0642170830484113,0.0648203057473515,0.0655874261322043,9.65,87.1054,8.425904586310207
1974-01-01,0.0766422803916226,0.0774630388738313,0.0746805716571576,0.0721803112202034,0.0706331600439686,0.0703235791633037,0.0655064138678144,0.0633636156591635,0.0673300415180621,0.0667846975495052,0.0668289984880731,0.0671770185413488,0.0669959632473356,0.0667778603049245,0.0663118828541973,0.0668914949932511,0.067614316290127,8.97,86.4706,9.115502774084083
1974-02-01,0.0743453990939131,0.0724573808497792,0.0720270153911095,0.0671033522611626,0.0660150202073051,0.0662125703836871,0.061093190870396,0.0639914489618232,0.0660678532699479,0.066528511252843,0.0667661777139585,0.0670601931469024,0.0676171187339486,0.0666199693891895,0.0686694617125317,0.0689396292894116,0.0689850778515651,9.35,86.1093,9.602076124567493
1974-03-01,0.0767181737217641,0.0771828524353466,0.0730099668259724,0.071512913817936,0.0694052577233248,0.0677104998367647,0.064210002215364,0.0670847659550211,0.0689169526702391,0.0680637757623504,0.0688202333786452,0.0689710760195013,0.0696929662689111,0.069763430612361,0.0672903154838827,0.0675233598825466,0.0677564042812105,10.51,85.4785,9.56297735797893
1974-04-01,0.0850667797809651,0.0846752141543493,0.0835809997160849,0.0810345540498596,0.0792647720894723,0.0777089834444782,0.0769228435369966,0.0771018855547763,0.0763260741474881,0.0761091957763676,0.0750609133747733,0.0744367369608364,0.0753322247390496,0.0742858294878248,0.0712248606996368,0.0706866930697266,0.0701485254398165,11.31,85.8682,10.100737542723516
1974-05-01,0.089707910757038,0.0897946079436614,0.089077377813327,0.0864863883502859,0.0859993611047321,0.0852800352987597,0.082966375023594,0.0815852080220109,0.0811691685096276,0.0796582433567991,0.0795961973818611,0.0791230039312034,0.0785353238864296,0.077466506649732,0.0744231551473531,0.0734637963240184,0.0725044375006838,11.93,85.6518,10.405580646603774
1974-06-01,0.083221758240927,0.0850154035468874,0.0858773990670994,0.0878460523833453,0.0843230371783737,0.0817495969513298,0.0827116307452498,0.0806629640246803,0.0802318148447683,0.0802340166217582,0.0793026851279604,0.0781681465726459,0.0790741328067161,0.0771278979554547,0.074166342478253,0.0731659747590473,0.0721656070398415,12.92,85.4232,10.818036000712894
1974-07-01,0.0780302149297516,0.0816218545135879,0.084688449383042,0.0867346053887773,0.0834225352839601,0.0820544440537167,0.0838235106675563,0.0821568857040574,0.083222164517199,0.0820580877813484,0.0820595566362749,0.0811514797871971,0.0810938334793565,0.0762431521276095,0.0742129378724251,0.0737667497611675,0.07332056164991,12.01,84.4351,10.699026560366477
1974-08-01,0.0809521359388228,0.0846403058130018,0.085735286165449,0.0859194754594319,0.0850312856991614,0.0850950030923931,0.0855039186920072,0.0847887748986614,0.083571937953321,0.0838832990250381,0.0836549517082357,0.0827769849819771,0.0835330808517061,0.0775371345596029,0.0762048365959128,0.0753427640808104,0.074480691565708,11.34,84.2268,11.407010924406611
1974-09-01,0.0931323549024901,0.0988899405518961,0.0980834239578876,0.0972255875452165,0.0923703522881729,0.0909282677821425,0.0890066533159211,0.0869746787683872,0.0864051426506758,0.0842172469772157,0.0835260689463912,0.0843475697243506,0.0844124394057835,0.0834746823380054,0.083171194554958,0.083186504261701,0.0832018139684441,10.06,83.4984,11.574033679434592
1974-10-01,0.0669771566147423,0.0788804675806946,0.0838648959022294,0.0839741466928247,0.0810481076844261,0.0805440672365708,0.0800167230851081,0.081652549138662,0.0780638506722727,0.0790306569511885,0.0794710528140736,0.0788805055969139,0.0800985684341918,0.078065400087937,0.0794794746738273,0.0798507030692166,0.080221931464606,9.45,80.8351,11.497187364777162
1974-11-01,0.0794264262219411,0.0803097862176874,0.079444319310513,0.077093637317989,0.076100740221393,0.0763594276271385,0.0761293311989159,0.0772617956610905,0.0781795124891311,0.0773870918288673,0.077797775153534,0.0778191561050756,0.0785280172491701,0.0733187564735287,0.0727675054258773,0.0722162543782259,0.0719644163988737,8.53,77.0007,11.463519313304715
1974-12-01,0.0751497375922494,0.07756331027668,0.0769000323503901,0.0752548625086379,0.0724585374030278,0.0727075913508179,0.0723428083569427,0.0724235305447625,0.0733123238306175,0.0732628532753227,0.0734008470648637,0.0740310804006692,0.0757477200344751,0.0761240576447874,0.0734804573063358,0.0708368569678843,0.0695181505653917,7.13,75.2764,11.091272371721296
1975-01-01,0.0702066030993304,0.0716687432933973,0.0709097300133237,0.0699912735584399,0.070503920124211,0.0706987656404432,0.0717123009286102,0.0715070979950124,0.0713641698491444,0.0713299225799449,0.0712581100118334,0.070971005476379,0.0716270202475772,0.0718435190108319,0.0714029047782928,0.0711497836809945,0.0708966625836962,6.24,73.064,10.408875068285916
1975-02-01,0.0577850429425534,0.059329524005796,0.059600476991559,0.0587569178411728,0.0605520869361826,0.0627839772584205,0.0632256707127961,0.0651293201976666,0.0661036058526206,0.0671371304277214,0.0691046499641677,0.0706021524178549,0.0765983158080968,0.0717114562801896,0.0703355785433631,0.0691525388170886,0.0685461180232823,5.54,71.9398,9.512732106509358
1975-03-01,0.0561769194226952,0.0586951293752285,0.0588580062546665,0.0594317166186179,0.0591762255134344,0.0606652701376662,0.0616914082446444,0.0624529627159911,0.0640629156456636,0.0653736617662014,0.0664843106421815,0.069676945448507,0.0722311063901362,0.0699820016461676,0.0691767224802385,0.0683714433143094,0.0681807648108266,5.49,71.8607,9.111908592170948
1975-04-01,0.0568767250338709,0.0598969587626623,0.0612705878571668,0.0628396483309118,0.0652899810643135,0.068926933192743,0.0686253565949858,0.0699025134321244,0.0702470396449827,0.0707254405670026,0.0728873696534496,0.0736411011632772,0.0749946137907176,0.0722657579037673,0.0729595238182369,0.0736532897327066,0.0743470556471762,5.22,71.62,8.47969937096642
1975-05-01,0.0559230941815465,0.0607883325268054,0.0648248118976942,0.0666964244881601,0.0698785299117798,0.0715842578440472,0.0731365618399841,0.0742077973337611,0.0752212545519063,0.0771807117724674,0.0782658589311427,0.0787985989205004,0.080561425471756,0.0760771650052356,0.0764429774389931,0.0768087898727506,0.0771746023065081,5.55,72.1061,8.238153098420398
1975-06-01,0.0531488068600406,0.0557596287157847,0.0585395026711066,0.0598995350826001,0.0627989953687024,0.0648139431070898,0.0675195628206533,0.0677553469565031,0.0693362055325417,0.0708623290718366,0.0728000391030244,0.0740785251082298,0.0764851521122478,0.0780937482212479,0.0780345542249027,0.0779753602285575,0.0779161662322123,6.1,73.0185,8.366838211643612
1975-07-01,0.0607896071867335,0.0640443998365937,0.0654787648842921,0.0678182027304616,0.0689238241741088,0.069776763514155,0.07113291808758,0.0715153745695444,0.0716337306842327,0.0735963074049327,0.0766710799480824,0.0761204537038137,0.0772091898901384,0.0734425399853577,0.0730901633996965,0.0727377868140352,0.0723854102283739,6.14,73.6354,7.7112844182715135
1975-08-01,0.064557422506654,0.0695202559263839,0.0714129878342249,0.0723546331763547,0.0732932567487748,0.0736586617256299,0.0755518088599957,0.0765879276189156,0.0762767196230923,0.0785794780263777,0.0781741308536759,0.0787920721957959,0.0797802272565072,0.0805460489473835,0.0805642796134001,0.0805825102794166,0.0806007409454332,6.24,74.734,7.131886740440274
1975-09-01,0.065218118913349,0.0710299465941236,0.0725609304414025,0.0738746116814444,0.0737811246175189,0.0754550261867293,0.0761601311087264,0.0769083833924974,0.0755499881532635,0.0750948843619432,0.0789939169699383,0.0800125779909219,0.079808951073186,0.0818013719084908,0.0813974425002195,0.0809935130919483,0.0805895836836771,5.82,74.9983,6.987292277614854
1975-10-01,0.0661746871307173,0.0716814325891764,0.0744060985802871,0.0753456818404607,0.0750548696301309,0.077117622815065,0.0787931701778108,0.079574505726437,0.0803298232945862,0.0799064746397225,0.0804172700570033,0.0811275547917374,0.0819576310660681,0.08322130053808,0.082970935450752,0.0827205703634241,0.0824702052760961,5.22,74.9692,6.873132301005169
1975-11-01,0.0573423329638163,0.0590051342072505,0.0609266511937777,0.0621890651321529,0.0646423180930899,0.0673629009552154,0.0684750137090546,0.0697737471894912,0.0720120125953048,0.0713688361412295,0.0729034793638007,0.0758669067222263,0.0767269579596194,0.0779164304958549,0.0781322656270443,0.0783481007582336,0.078563935889423,5.2,75.91,6.6189211043086615
1975-12-01,0.0563612948408713,0.0617081992546628,0.0635309111489433,0.0642086801388093,0.0672386673169323,0.0685069665629054,0.0702578570453764,0.0711666466437832,0.0687150101937256,0.0725343545736346,0.0735769953212314,0.0768845012528138,0.0781527930879762,0.0802453849447085,0.0801449901411632,0.080044595337618,0.0799442005340727,4.87,76.6358,6.363845094137455
1976-01-01,0.0528279255114188,0.0565040885265127,0.0588420537702333,0.060551820810476,0.0630450263274786,0.0644309431554193,0.0658575251276609,0.0666462502037123,0.0646259832297961,0.0691394771147712,0.0728918254316927,0.0737624213640417,0.0745698832030529,0.076548715846051,0.0768371071289681,0.0771254984118852,0.0774138896948024,4.77,77.5836,5.926010504681423
1976-02-01,0.0483364435542669,0.0516475958782427,0.0539981659833801,0.055621936070242,0.0583038840506786,0.0603249205524858,0.0621063945225783,0.0633842963213787,0.0624092133137555,0.0683149796686207,0.0719931455661873,0.0739024495142192,0.0747839040367841,0.0776074808519634,0.0775174501531107,0.0774274194542582,0.0773373887554055,4.84,77.6553,5.727724462314621
1976-03-01,0.0531697866961524,0.058508504202326,0.0610882927193445,0.0628759326591006,0.0651665990106831,0.0669615157921562,0.0674709685741883,0.0686044370610076,0.0700261395551052,0.0721701219352538,0.073468476994962,0.0745793605486976,0.0747543322810437,0.0773309609806565,0.0772921897182623,0.077253418455868,0.0772146471934738,4.82,77.9206,5.610161802510194
1976-04-01,0.0509600178287708,0.0551415758128464,0.0579858274863308,0.0607777409517699,0.0622993672587652,0.0640298426277537,0.065371869756513,0.066543063450473,0.0680609189359199,0.0700724359318553,0.0712848904340316,0.0731010089432603,0.0736633245621696,0.0756974565103418,0.0756748805125474,0.075652304514753,0.0756297285169586,5.29,78.1365,5.689434445364849
1976-05-01,0.0498684429200754,0.0542499688803139,0.0572141632630626,0.0593756780460248,0.0616549828212607,0.0634886433156431,0.0647112216517792,0.0657187112424068,0.0661672604916978,0.0690314125301923,0.0700721027552993,0.0727085629586907,0.0740758741623075,0.0749151476715489,0.0750366537755025,0.0751581598794562,0.0752796659834099,5.48,78.0268,5.493189642269125
1976-06-01,0.0563797497498764,0.0605414104810718,0.0634701753822461,0.0655172798174918,0.0678129010352078,0.0692067706669056,0.0707429310782651,0.0714230409480732,0.0717637213456719,0.0733193222060609,0.0749461662714077,0.0758023632826661,0.0768788634744985,0.0771552276283146,0.0776593940002304,0.0781635603721462,0.0786298269651461,5.31,78.4157,5.127444069305831
1976-07-01,0.0546748511763096,0.0588982650040739,0.0616093952647478,0.0634656205184923,0.0652503032713103,0.0660609191009434,0.0679783714396393,0.0692189762118096,0.0700019677581364,0.071090362759894,0.0724106056464909,0.0748394695860707,0.0759604108664968,0.0766302759623646,0.077225164595224,0.0778200532280836,0.0783224953814626,5.29,78.7235,5.249353527890643
1976-08-01,0.0524220325309954,0.0560259446741182,0.0583790573728642,0.0599728915316935,0.0623498667035052,0.0639046362412223,0.066932369789003,0.0662083192988985,0.0679544600617347,0.0687565664054208,0.0710080553568193,0.071756908023533,0.0755871610635053,0.0762245838662981,0.0770175067491925,0.0778104296320868,0.0784279425519415,5.25,78.7621,5.319070724893393
1976-09-01,0.0517494553227205,0.0547557439127793,0.0565035258346548,0.0578666977157735,0.0602581434832772,0.0621551726480632,0.0631185183693371,0.0641438713800026,0.0654960340578307,0.0660126232050771,0.0690804182906306,0.0691127684330869,0.0728576461841896,0.0737879406340068,0.0747961078790676,0.0758042751241283,0.0766651373175418,5.02,78.4713,5.259118485490832
1976-10-01,0.0513941274614442,0.0539487979654665,0.0552344039447281,0.0564046513023535,0.0584229710421099,0.0599082104207324,0.060799123411147,0.061277790581497,0.0634192199271812,0.064863624560427,0.065640608474974,0.0693947209345734,0.071356458476746,0.0712416236512914,0.07065695114479,0.073647131836721,0.0754277301972134,4.95,79.2971,5.062096012782336
1976-11-01,0.0495602607141878,0.0517844511594995,0.0529326298902391,0.0542784057966684,0.0563513757919857,0.0581810144289999,0.0589305484148149,0.0591958623263641,0.0616660743492999,0.0621287213101858,0.0654317144726403,0.067075489143009,0.0696904578010755,0.0711699814281788,0.0723423555440861,0.0735147296599934,0.0742354087687914,4.65,79.9478,5.070422535211261
1976-12-01,0.0447799755289305,0.046477486186187,0.0476460602493273,0.0485586077112674,0.050433390244255,0.0514928012583458,0.05291870007522,0.0530302616271327,0.0547638532520937,0.0555622697929655,0.0639619381840586,0.0596906188064504,0.0641584546536726,0.0632475068963991,0.0642461706730897,0.0689052480896865,0.0712508743374126,4.61,79.4033,5.281525454218383
1977-01-01,0.0447759441847695,0.0465340265476333,0.047664591462437,0.0485074165507087,0.0504217274803652,0.0517061576151264,0.0528685763435634,0.053355205416322,0.0558849683832758,0.057272462122666,0.0572407656425603,0.0626595883707153,0.0648062080157535,0.0642966604414848,0.0642544505084001,0.0677761279464635,0.0690722428780642,4.68,80.66,5.96816499586792
1977-02-01,0.0481773037402706,0.0513631906707253,0.0534645430711949,0.0554797673425191,0.0581456641344972,0.0599313475361966,0.0604084489226141,0.0613235699683347,0.063337984648143,0.0653075356182269,0.0673711806437362,0.0707287384555683,0.0708467651847365,0.0712957294997641,0.0725422437010797,0.0737887579023953,0.0738154723873008,4.69,81.6244,6.33946830265848
1977-03-01,0.0477665739477949,0.0508427696800012,0.0532606379586335,0.0552020395351508,0.0571537376883965,0.0581346414835119,0.0598023452763925,0.0604442818877509,0.062164827591438,0.0645381533584632,0.0678382288881633,0.0677145501935654,0.0714925810072965,0.0724252009881472,0.073537968236834,0.0746507354855208,0.0745177057577166,4.73,82.2802,6.715349369988544
1977-04-01,0.0463422749413944,0.0492254936984738,0.0516957100956961,0.053430628322328,0.0558309394440062,0.0572006426286185,0.058413473518818,0.0593965079495932,0.0618877020748683,0.0635334761408913,0.065655299319568,0.0681628020556977,0.0705848820030435,0.0710163195806711,0.0681647038597746,0.0673509869555344,0.0671339206879694,5.35,82.7173,6.747657558160247
1977-05-01,0.0485331581542139,0.0509876535325985,0.0539090517291434,0.0547492102451782,0.0570896639015776,0.0585739720296861,0.0601448404582682,0.0605414631374461,0.0623281442768837,0.0633514033153918,0.0667341771316718,0.0686985749453606,0.0703109004756216,0.0723493292033584,0.0733931077941161,0.0744368863848739,0.0740021619409895,5.39,83.2306,6.877837684449495
1977-06-01,0.0513215559650538,0.053662089039449,0.0556952855214027,0.0565135296806542,0.0585014769322611,0.0593696752283625,0.0605061139357458,0.0610096317775645,0.0623558784153179,0.0635106391682602,0.0664953766529844,0.0673043327280086,0.0694976520424023,0.0714365647149845,0.0725618252827818,0.0736318264509884,0.0694684698586343,5.42,82.9907,6.889006529027708
1977-07-01,0.051092163625131,0.0535426288433575,0.0550757575128689,0.0563541029941491,0.0572035079872968,0.0582509500937929,0.0590874480352026,0.0599297965691479,0.0610804743758283,0.0620870258451445,0.0633605386386426,0.0659015753720881,0.06804274889913,0.0699104620346859,0.0710394013467098,0.0720166755465425,0.0715676540660142,5.9,83.2056,6.798638166438531
1977-08-01,0.0548659872632826,0.0583630828084448,0.0595469739017783,0.0610940932099315,0.0611636964443144,0.0623625825998574,0.0633493054137268,0.0640879362313908,0.0649848663782697,0.0651146801546738,0.067135184505556,0.0689950466903662,0.0701263460505385,0.0724145946426005,0.0731749316807263,0.073540041217954,0.073811076030108,6.14,83.0259,6.603608949076811
1977-09-01,0.0567140774706868,0.0603692911135305,0.0612570023464634,0.0625135086760718,0.0628523961021919,0.0635485782804345,0.0633925730092358,0.0648321708679275,0.0652151564988305,0.0663269000749629,0.0676875373001018,0.0686099329586937,0.0687281122007738,0.0698915446647162,0.0713824847089448,0.0722667148485471,0.072625400437175,6.47,82.9403,6.541439533349536
1977-10-01,0.061486876549846,0.0644384794056889,0.0652350944670188,0.0658408984640719,0.0657063853709002,0.0664243984703103,0.0663323016496942,0.0672925412607699,0.0678386921013641,0.0680170914004676,0.0679741530711789,0.0703850033861412,0.0701638450988196,0.071483910242837,0.0725960269278344,0.0731363297169921,0.0734387178581042,6.51,82.9124,6.667357942762342
1977-11-01,0.0633543851112325,0.0664958725789808,0.068229400670631,0.0685600413531196,0.0691387692952122,0.0695459774543549,0.0705634372271069,0.0709091709029823,0.0712096511274755,0.0716019637033053,0.0723240724617049,0.0736526104068636,0.0729044736311411,0.0737252139448329,0.0748876961785914,0.075320249234231,0.0753997891683592,6.56,83.5851,6.5889874200866005
1977-12-01,0.0614846729340716,0.0655939391998392,0.0670325575844754,0.067435770403439,0.0678017087847654,0.0678370469068649,0.0692894446620993,0.0700440940278884,0.0700645830322361,0.0709653237123719,0.0717002154814698,0.0718426908260864,0.0719824892497481,0.0731282904274831,0.0740405345610358,0.074358833467824,0.0749502347715829,6.7,82.0671,6.598776612104018
1978-01-01,0.0631656586021251,0.0663891446845144,0.0677986856727678,0.0686829455908304,0.0691978283386834,0.0694122275472897,0.0705564088129964,0.0712548723855742,0.0717206384991043,0.0721489544107804,0.0723930457016221,0.0748057856241586,0.075036100917695,0.0757026268144346,0.0769479101643565,0.0771151809367819,0.07758927614156,6.78,82.1608,6.262715312627143
1978-02-01,0.0654339059230263,0.0689378864085555,0.0702292328182919,0.0704401628926076,0.071390212411468,0.0720393972457317,0.0726708399106348,0.0732914793343986,0.0737918965925023,0.0741249470705147,0.07505230764741,0.0760547466217173,0.0768136410489386,0.0770811680073839,0.0780064985343009,0.0781959417664443,0.0786435084462953,6.79,83.3689,6.417004048583008
1978-03-01,0.0655338403263786,0.0692529607156124,0.070657090583497,0.0714744289704618,0.0717025397678241,0.0726835656611431,0.0734369699229517,0.0744448661170809,0.0748491135177453,0.0756780417808252,0.0766656752146608,0.0774496963918529,0.0779447349987226,0.0786061983282743,0.078900776463995,0.0789286195457139,0.0794373771174117,6.89,84.4329,6.604722930363605
1978-04-01,0.0651341283021792,0.0689210672796754,0.071295249561324,0.0725757074791876,0.0735588451962384,0.0742549697977794,0.0748594145285549,0.0753606634212615,0.0756442173152556,0.0766105646511504,0.0759523422594473,0.0777491263332051,0.0786578907361903,0.0792041810336228,0.0795227541948426,0.0786556072763554,0.080297069601814,7.36,84.5704,6.825084270600423
1978-05-01,0.0652612707943679,0.0708073619252402,0.0736780614683151,0.0751914742188824,0.0758972496917914,0.0768170139539133,0.0773928832330779,0.0775143863568335,0.0775658310156285,0.0779706578050078,0.0779482044341371,0.0786086872013411,0.0795670929670686,0.0801476568771714,0.0807979413920477,0.0808333286910435,0.0811870047178246,7.6,84.9295,6.923102452623531
1978-06-01,0.0675339459887117,0.0735697300830631,0.0759399384490746,0.0776716944240398,0.0788346885071653,0.0790119924116162,0.0794122144155372,0.0794999351109863,0.0794224885699486,0.0797837716430181,0.0802390166230326,0.0789968228019621,0.0812137941049422,0.0817706669037655,0.0824501367975065,0.0825971360230146,0.0830053478714362,7.81,84.5923,6.953478390068346
1978-07-01,0.0718272920886323,0.0758516447107323,0.0797502230129169,0.0813149934707794,0.0820349149396976,0.082153222399295,0.0824363793249668,0.0826355741762702,0.0827073079446043,0.0831419013577282,0.0813446739930912,0.0810498116417793,0.0828767806984301,0.0832522935607828,0.0840581737263553,0.0841249320435099,0.0844601259625721,8.04,84.7647,6.996845011173924
1978-08-01,0.06998929747706,0.0754087997826118,0.0796577787632929,0.0811779091422179,0.0825296889415893,0.0822824041522259,0.0819787172079569,0.0826138507027025,0.0821014280416137,0.0825361967718274,0.0815680531260367,0.0809791733109916,0.0826638968525408,0.0829973062102798,0.083115894911278,0.0831518397338922,0.0840484540844331,8.45,84.8911,7.199685689028579
1978-09-01,0.0786758817303339,0.0799377413801262,0.0817828474804845,0.0827749186902201,0.0823590807378612,0.0828467775359323,0.0816957167600936,0.0830225237746891,0.0820292230318223,0.0815288712678534,0.0817830869681341,0.0817412849735942,0.0815396505119404,0.0824605205036954,0.0814279516368151,0.0816838959354757,0.0819946477680706,8.96,85.2079,7.554179566563479
1978-10-01,0.0827365383475232,0.0866543936741141,0.0864730745976299,0.0862853907827197,0.0856227033129347,0.0851681852996398,0.0844619450315272,0.0847207769252197,0.0829970798557631,0.0829465138755376,0.0812588211793515,0.0831532666175168,0.0827999467654968,0.0840500124276166,0.0829303616342238,0.0832638916225968,0.0840792985321137,9.76,85.7394,7.546741842454874
1978-11-01,0.0903192769454634,0.0963286803338825,0.0968793943095207,0.0955598949534814,0.0939163082873421,0.0922601243019214,0.0904946012649501,0.0918127120618689,0.0900694112915072,0.0889835184935891,0.0868856949520505,0.0839680757148973,0.0845938694076833,0.0844564122159519,0.0841110192724101,0.0836008146394592,0.084292745388565,10.03,86.0919,7.526361613620969
1978-12-01,0.0909387904188194,0.0946392498079445,0.0968794330216655,0.0974201368201025,0.0961124772357776,0.0923155180388514,0.0935911317163187,0.0924143634409896,0.089897555312071,0.088746990120403,0.0865581840938837,0.0850132093883949,0.0854334755917141,0.0861119062814195,0.0854341034448276,0.0852367100759142,0.0856295524969575,10.07,85.2284,7.703404500865552
1979-01-01,0.0967015681014333,0.0988731722537406,0.1028938466801352,0.1029723559276413,0.1023106072770175,0.1003572657127544,0.0996758718564915,0.0971705056723851,0.0965851535067269,0.0941155411175471,0.0915921783868978,0.0905335328601868,0.0890097505374438,0.0897435200654919,0.087738639317936,0.0885717511309273,0.0890339001483808,10.06,85.2335,7.776253230798691
1979-02-01,0.0948681973366411,0.0966651937135082,0.0981893514588328,0.0987210716579683,0.0966325345068488,0.0950561346915226,0.0947261147747579,0.0934007594384905,0.091654803557616,0.088972704979181,0.0869175444164677,0.08669563980799,0.086247727051355,0.0873799025265717,0.0869639383862401,0.0866807920772403,0.0869597617291873,10.09,85.406,7.919599264472765
1979-03-01,0.0963276178869158,0.0983590708583274,0.0998949170225591,0.0993207309230517,0.0960354230627939,0.0968109740933269,0.0967470816927219,0.096018708014439,0.0927732304690151,0.0902384967771836,0.0902637460177224,0.0903291921627656,0.0889183445691405,0.0900699808264872,0.0895544335052816,0.0890901738510583,0.0886616693852862,10.01,83.7026,8.225040118309689
1979-04-01,0.0975813547187034,0.0986032223430058,0.0990087699900654,0.0972544399754947,0.0954406882086991,0.0951215096548,0.0953163023881513,0.0944764806155382,0.09289293887823,0.0907038018410444,0.0875194902078119,0.0892215675613731,0.0880124416099649,0.088850091756636,0.0887385989872015,0.0886538762544912,0.0881865877305477,10.24,84.6494,8.569732566858267
1979-05-01,0.0974078355087709,0.0991491002028622,0.0992582734702625,0.0974113635976343,0.0972755554647893,0.0964834361586924,0.0964382708185789,0.0963777657662977,0.0946291861201059,0.0917839520445194,0.0909355779250359,0.0905464430800031,0.0895863111710173,0.0909547538143097,0.0907878745412863,0.0914296636135745,0.0903555016427326,10.29,84.5164,8.756246702051707
1979-06-01,0.0975657015543279,0.0977158813305753,0.0966087822791509,0.0929641682622669,0.0936514147953214,0.0936685812293986,0.0936518093291944,0.0929936963552832,0.0905007739606614,0.0881190142843159,0.0879511218043212,0.087483790937178,0.0867488887102278,0.0880691539373785,0.0879813541025337,0.0884531065450345,0.0884997055404956,10.47,84.3581,8.989596517766184
1979-07-01,0.0916925509757956,0.0915685577066545,0.0925216882663819,0.0908160958970426,0.087497194671173,0.0866999329563218,0.0872829030596458,0.0867150592533407,0.0859298700794608,0.0848501815226015,0.0848659295840957,0.0836139251903798,0.0828025668321829,0.0853582519716048,0.0849968747276171,0.0856359006159675,0.0857677678528317,10.94,83.0842,9.26989587492706
1979-08-01,0.0937942055822618,0.0957972448257489,0.09600655146007,0.0939067716809565,0.0922100691169059,0.0904874244730425,0.0905053948191673,0.0898440204880756,0.0874939738798,0.0877198399718175,0.0868418866543098,0.0856068651703038,0.0870303158771567,0.0876936820844688,0.0874546661853581,0.0875721539703161,0.0875405793349946,11.43,82.9464,9.611508154663762
1979-09-01,0.1028463055003572,0.1037149527313318,0.1042880114903511,0.10320808800147,0.1008703827629586,0.0987301522976666,0.0970000293203885,0.0969519025580831,0.0947401589880726,0.0936980720756624,0.0915376001359198,0.0894544786036699,0.0908931293477058,0.0910308483066517,0.0903412788664385,0.0901247003641414,0.0899717120592785,13.77,83.2059,9.632457655364668
1979-10-01,0.104802839216978,0.1056832567012704,0.1064055058634168,0.105455431318608,0.1022917631741023,0.1013588688644545,0.0994127938681228,0.0980847765219,0.0961624786857832,0.0949315948413535,0.0927638225061369,0.0918719243988405,0.0927485224582677,0.0925882536214203,0.0919540710870789,0.0926564846777021,0.0918893146527598,13.18,82.7573,9.77101536607412
1979-11-01,0.1240273856978273,0.1261933255124409,0.1274418639123461,0.1230395707432087,0.1195429723240919,0.1175629352657775,0.1169563206033903,0.116685139939964,0.1125393883337485,0.1123851258180971,0.1086045569159502,0.106142268527618,0.1064275245777654,0.105649582133982,0.1041300331655074,0.1044948800239066,0.1039960974469256,13.78,82.7932,10.178437546858587
1979-12-01,0.1208457148406144,0.1213262362143247,0.1185485429101984,0.115305190622289,0.1094304043626895,0.1089998682060977,0.1100338273646038,0.1101585665992583,0.1031110963395569,0.1019593210531748,0.0998878644993081,0.1001746643507401,0.1010179629707964,0.1015594090727158,0.100205541335365,0.1010396942497082,0.1012258696201722,13.82,83.04,10.497961127481624
1980-01-01,0.1246031811947389,0.1249537406919814,0.1182000838464647,0.1146193404830861,0.1106129235586586,0.110341643843587,0.1104317569501408,0.1094833675492571,0.1052001221539091,0.10268894060981,0.1029187169201681,0.1011166698230059,0.1020587623425109,0.1018358931285479,0.0995011774446556,0.1009255993564215,0.1018815264443222,14.13,82.768,11.10255802936997
1980-02-01,0.1251916904544599,0.1253231139894656,0.1216743777693235,0.1171502297344267,0.1155384020378834,0.1147398640122521,0.117176808633003,0.1165093106501513,0.1107538545432021,0.1095940021820629,0.1088196062176564,0.1075566978399331,0.1097943271949175,0.1101351548559258,0.1097174468179869,0.1093250093010444,0.1091353370181384,17.19,81.8982,11.595182138660398
1980-03-01,0.1554274395096032,0.1532048839501628,0.1498623343299148,0.1494151377107818,0.1447157589740059,0.1430111383155133,0.1432308601807531,0.1421989913072268,0.1375901398618595,0.1318657775524962,0.1279153393656072,0.1245635107711241,0.1265199066172487,0.1237645490144939,0.120775403099398,0.1225504908944341,0.1212796033733794,17.61,80.0641,11.019043465619994
1980-04-01,0.1549148939540096,0.1563182426590872,0.1529782884482579,0.1514313360706489,0.1459428987758681,0.1439344481067534,0.1428881989602375,0.1390758150319336,0.1369952478794659,0.1296752077153966,0.1264789289318136,0.1232811549436196,0.1232506898194394,0.1197065226974227,0.1193836671079455,0.1216329738620333,0.1209730621638921,10.98,77.5384,10.736381686857932
1980-05-01,0.1056737527606762,0.1073712878517409,0.1076292826131396,0.1059958673367127,0.1022616950913953,0.1039004240651646,0.104577680207553,0.103602909545986,0.1005035959668735,0.1008832293597694,0.1000746821694971,0.0994882563112252,0.1013342049223393,0.1027482605124315,0.1033226519082297,0.1040181994389363,0.1031357317738287,9.47,76.1459,10.522860893886657
1980-06-01,0.0816128942563236,0.084193021088771,0.0861405260533157,0.0869908700996079,0.0876831678094061,0.0900910861836579,0.0922027663488725,0.0886150494206508,0.0900518003105862,0.0926937050960737,0.0931822971688155,0.0935760613021695,0.0980739752392933,0.0986958175293804,0.1006969309561949,0.1012341803043377,0.1027522192859882,9.03,75.2353,10.539583628381257
1980-07-01,0.0816064606712913,0.0817238129117603,0.0833334025147064,0.0839148231364102,0.0854377368014579,0.0859750972613486,0.0884569611714003,0.0874831521372331,0.0897241255717972,0.0906188688862203,0.0924595406160287,0.0924724148239017,0.0946561932669938,0.0959581684092157,0.0977352594159068,0.0986759010017669,0.0987417588510475,9.61,75.5718,10.614195361911438
1980-08-01,0.0890239411146688,0.0905633995434028,0.0912179203874586,0.0920425438159496,0.0943665380019049,0.094809030791399,0.0966054909178025,0.0952072522434244,0.0962132449031274,0.0986515766778047,0.0971251581873838,0.0985392522738713,0.1004286792101858,0.1009662181823338,0.1046985924645023,0.1059002324492454,0.105263124545952,10.87,76.636,10.660648109448578
1980-09-01,0.1006344324597053,0.1038226303635033,0.1054758702906459,0.1067718979499418,0.1079449350205546,0.110472043614985,0.1087994605961503,0.107898602356998,0.1085861934575545,0.1091572592838718,0.1085239730346963,0.110757242970229,0.1108681935984995,0.1087938366792554,0.1093060849726391,0.1100317145317605,0.110411377701056,12.81,77.8126,10.643413852191696
1980-10-01,0.116571386030039,0.1195265133196976,0.1200464494250157,0.1185026715543265,0.1164978103208029,0.1176356452607922,0.1163073270233685,0.1158555529260926,0.1152980145830192,0.1148103426866935,0.1120167714508503,0.113403760448752,0.1125523001070039,0.1125119788716188,0.1127489544378589,0.115027381406013,0.1146289231769031,15.85,78.9895,10.775944885131628
1980-11-01,0.1361467058513062,0.1380538818903928,0.1362461199483473,0.1355369670494292,0.1296394339546657,0.1285089399355966,0.1289062214027758,0.1272696840508788,0.1239820867690945,0.1226248342245237,0.121062290634604,0.1220139002049536,0.1203835332352109,0.1190216035791688,0.1200730093867152,0.1210302077917803,0.1198413899091485,18.9,79.1106,10.566428046490127
1980-12-01,0.1509398621243157,0.1533318393372964,0.1480128392104698,0.1478551345120639,0.1381535625255308,0.136846284029854,0.1364372413627913,0.1327198622202444,0.1292949207454437,0.1259300857988926,0.126902968049402,0.1244840603491412,0.1230164386847921,0.1220777853485087,0.121723908560385,0.121170834195313,0.1197646197781719,19.08,78.5433,10.470315698739352
1981-01-01,0.1507698405407068,0.1459970606669532,0.1409420073632698,0.1354226885884825,0.1271735061580756,0.1268074884680309,0.1256060448712842,0.1241603546280537,0.1213657677423781,0.1204563366830696,0.1200074878856334,0.1181966493881253,0.1200657659050005,0.1189038562473682,0.1192923007919018,0.1169404543832279,0.1162225217843892,15.93,77.9137,10.392794329265032
1981-02-01,0.1519918573317006,0.1451936611970525,0.1412455877879768,0.1356713217076559,0.1319295338249994,0.1320965932006747,0.1283587141178257,0.1268914202739381,0.1202192157487168,0.1244077664500946,0.1242764034318778,0.1219690735952907,0.1230692980906775,0.1238136670732452,0.1216865401332915,0.1220587876201181,0.1213246441360565,14.7,77.9371,9.813883697054248
1981-03-01,0.1494827021513384,0.1488713957742826,0.144140299949416,0.1426000335896286,0.1352590734759844,0.1346284628741603,0.1339211717008331,0.133980922760124,0.1319697548643552,0.1331104848333806,0.1320940108702078,0.1261784285279942,0.1314396282080991,0.1308825253921926,0.1283876819449726,0.1291952220191749,0.1285010440911614,15.72,78.1305,9.721094670682184
1981-04-01,0.1271063712074679,0.1246413107811878,0.1256642860539625,0.1253735699277102,0.1245101481717906,0.125094375511336,0.1290083223513328,0.1272390210038936,0.1251720591344004,0.1280789445123444,0.1298100153030189,0.1229550463361078,0.1268189847184382,0.1270189950797097,0.1249358688122318,0.1248158191526173,0.1246292866652914,18.52,78.2901,9.362818980302489
1981-05-01,0.1513100782125392,0.1474575345170116,0.1470585350452775,0.1448956570327362,0.1442843870632307,0.1400351358445322,0.14285279664853,0.141595125753477,0.1372253816850216,0.1380682972015245,0.1380479342786189,0.1352122800885312,0.1345492191552342,0.1354986944253186,0.1338117210405751,0.133465846133376,0.1324191957575669,19.1,77.7009,9.1103938024532
1981-06-01,0.1597277783402729,0.1519939004493869,0.1477469773319841,0.144317939057213,0.1397411273940242,0.1394396415851976,0.1378456671168404,0.1391645916701731,0.1330620888243887,0.1323617007599612,0.1324070366266355,0.1275881002701924,0.1267600304984061,0.1270205449174659,0.1282404443999751,0.126166213476138,0.1303239739544712,19.04,77.6454,8.92225695690052
1981-07-01,0.1510801242368816,0.1502204639626133,0.1476973030280776,0.1449168470202991,0.1412842709365377,0.1437427607833862,0.1457265821126356,0.1425727968361469,0.1352597633440971,0.1380436577559984,0.1362725846882836,0.1324599144732792,0.1332002175836721,0.1322335309130903,0.1325232320381729,0.1323120926688903,0.1360518751282789,17.82,77.4189,8.698635358694817
1981-08-01,0.1602083785428314,0.1633481017074863,0.1625135140073409,0.1571979110472775,0.1529185813771035,0.1524390415366651,0.151630076121408,0.1535089047064735,0.1471544908054374,0.1485201950005149,0.1516288741582111,0.1437532736564969,0.1432826883118658,0.1446025890640769,0.1420125508699668,0.1424826773369766,0.1420352885311869,15.87,76.9439,8.354525997733852
1981-09-01,0.1607262569621838,0.1649279187515877,0.1653163852022557,0.1617484640270866,0.1612058433569636,0.1625668320659825,0.162682997419307,0.1566154783927817,0.1533548908914901,0.1562214331649477,0.1506664374947622,0.1472089162197094,0.1482730039678481,0.1475183629596629,0.1454832592128964,0.1453563409137565,0.1465400994173089,15.08,75.9541,7.980915744510786
1981-10-01,0.1502747700630626,0.1558766610702172,0.1587380085083979,0.1579730396548689,0.156832887350333,0.1583490566233057,0.1569230330244297,0.1573675059168855,0.1518680346673308,0.1554087195474167,0.1563375191222545,0.1487195740977181,0.1492517141298478,0.1479587814888893,0.1490768424370169,0.1498279026358658,0.1515772767795184,13.31,74.8132,7.683540226467445
1981-11-01,0.1302551240295267,0.1345047357989627,0.1367118682653264,0.1371205625733955,0.13850808427674,0.1386513979677522,0.1402144702480733,0.1396610020195791,0.1387164198236674,0.1405966601421181,0.1415112048876921,0.1363410425996004,0.1410233591259341,0.1386814597579509,0.1402664041434957,0.141615204385531,0.1417614383097921,12.37,73.4182,7.3188744737943345
1981-12-01,0.1076841132228532,0.114215424208431,0.116158363966794,0.1175630960946191,0.1206473143639147,0.1183093616241506,0.1187328856544882,0.1185909028064053,0.1212717717687037,0.121747791563854,0.1247683677320718,0.1310966202337327,0.1308653827175925,0.1258398393269343,0.128145292828267,0.1292171718460188,0.1283576563022502,13.22,71.4208,6.929848089536961
1982-01-01,0.1180451573705023,0.1274868953793732,0.1299294227850463,0.1310488958541808,0.1323924915841784,0.1341025828034977,0.1371537241818542,0.13268297142402,0.1326505890304105,0.135047989619324,0.1372697266851301,0.1373702107155666,0.1368176304962021,0.1358099507506785,0.1360372479148922,0.1365953570451629,0.1377117920399153,14.78,73.3026,6.177279969101535
1982-02-01,0.1420471012720084,0.1452298280228295,0.1468950467705236,0.1454463178578275,0.1426876501173407,0.1442860322488194,0.1437191329111709,0.1451491402263932,0.1422679576784659,0.1415788906692974,0.1427595206215328,0.1375602368449501,0.1397456057246305,0.1374815633865578,0.1387185768646337,0.1402600204050529,0.1412796142593484,14.68,72.6304,5.712573414838773
1982-03-01,0.1266702603445621,0.1336973635922225,0.1345662133481258,0.1345217296109523,0.1345490252342902,0.1371123176323145,0.1346883052238926,0.1377223851739953,0.1357289077682787,0.1365207513553315,0.1349618975063665,0.1281278262854534,0.1336289244135784,0.1319031630121833,0.1331325065000221,0.1335927378435686,0.1341807308818822,14.94,71.9168,5.30586915530944
1982-04-01,0.1361854518319851,0.1367429062256658,0.1368061647245118,0.1373168931698286,0.1382109563193993,0.1384835013723867,0.1384552111800421,0.137867904734644,0.136706113114695,0.1381706566135282,0.1376868999242874,0.1319172142332054,0.137834143942541,0.1341832593605789,0.1349211109191535,0.1371211953173635,0.1341123730643905,14.45,71.6519,5.45800166330046
1982-05-01,0.1308438863607695,0.1343852280908661,0.1335513066466279,0.1347350726701274,0.1359547762845402,0.1352363730555447,0.1367099423139966,0.1361571273248675,0.1358667669520585,0.1354179325422438,0.1336542279323875,0.1295519554502475,0.1325249842532194,0.1318403201150133,0.1327710409073907,0.1363164865256618,0.1343437766357622,14.15,71.4748,5.800771542849037
1982-06-01,0.1230002150000486,0.1255548123208584,0.1276727733093852,0.1294571150692734,0.1311284487722599,0.1305801998411716,0.1354552597714984,0.1346355819689347,0.134172628246495,0.1339484556440821,0.1329310932186056,0.1285167414568862,0.1364491807143247,0.1286801033467987,0.1305780187430902,0.1379306560512204,0.1360027691724533,12.59,71.2834,5.789498447351082
1982-07-01,0.1291756532263239,0.1351358877703188,0.1374386548441731,0.1382625747946612,0.1396238848369581,0.1395566987541417,0.1408175150153286,0.1396907781959943,0.1410994847058689,0.1413632298517643,0.1377641236833036,0.1350201048311463,0.1410394020213067,0.1381761635281977,0.1363930061800803,0.1399112926852075,0.1374732064526881,10.12,70.5349,5.45658577640622
1982-08-01,0.0967200583764312,0.1091968120507449,0.1142781417320475,0.1186127865526811,0.1231760177495424,0.1253931181196233,0.1255566401553279,0.1245983277887151,0.1276793558037329,0.1270217778472501,0.1315020896668908,0.1223021172273386,0.1315843032052202,0.1307008638671161,0.1273772023270777,0.1336704963801951,0.1300235005337416,10.31,70.3372,5.112355634048282
1982-09-01,0.0858763019837705,0.1007261747876736,0.1056916273519703,0.1098482503329669,0.113572469071005,0.1189499058794754,0.1191583271804163,0.1163285049430592,0.1209023903111362,0.1186979954330485,0.125086463915174,0.1209273641675879,0.1255303725470038,0.1251049441213116,0.1261913904424733,0.1270208593682767,0.1219147399101674,9.71,69.3736,5.225779587304524
1982-10-01,0.0751985330714478,0.0890203143884908,0.0961934911519838,0.1010811310790773,0.1035624633324449,0.1093057366668431,0.1094841462215087,0.1087390750182808,0.1114201853709876,0.1104435569741756,0.1116234372631392,0.1068140962699806,0.1138341708191751,0.111110926023095,0.1136259857572447,0.1212891084762368,0.1136606963354206,9.2,68.9279,4.979291302347
1982-11-01,0.079979052319501,0.0856926031177878,0.088179366764286,0.088536596542395,0.0955318496284314,0.0966984635485509,0.097303801356489,0.0947963725662854,0.1005786954436883,0.1034857532753416,0.1059630963735545,0.1028392584262723,0.102258408575881,0.1012010144905236,0.1070933555718777,0.111258665202279,0.0966206906239753,8.95,68.6719,4.814882782034213
1982-12-01,0.0844267255411894,0.0882658479560763,0.089399051780856,0.0911963390465983,0.0961368496476087,0.0969375934204715,0.0974539915420532,0.0969425798579731,0.0987828884840278,0.1017123023624454,0.1054668735939033,0.0995283634105008,0.1066769967693602,0.1055022359864111,0.1121243700054998,0.1139711984544715,0.1035157442858635,8.68,70.2066,4.681549722937994
1983-01-01,0.0807348659381075,0.0824717479657152,0.0841745442019534,0.0850977945244211,0.0895847278375966,0.09075460602736,0.0925260462847554,0.0925326614546365,0.0953035822153766,0.0976051238482201,0.1007567406990185,0.102170167471195,0.1071669191194262,0.100141019071354,0.1071463429566128,0.1090046284752289,0.0980859782888556,8.51,70.1121,4.544731158349435
1983-02-01,0.0834304794212444,0.085399260859315,0.0869750485980371,0.0875486975311778,0.0915889699546974,0.093556334014403,0.094866897362685,0.0941882192879531,0.0974786485478697,0.100213568201419,0.1031186823563083,0.1051131023616557,0.1086533102842779,0.1041474629122913,0.1126833443531351,0.114349194478361,0.1039988290636934,8.77,70.7376,4.410630867613041
1983-03-01,0.0813840058137814,0.0822045093633315,0.0829821919911925,0.0839788093914821,0.0861304914651816,0.0896106681394551,0.0907230092973511,0.0907770236400094,0.0920171290406237,0.0946264916770625,0.0981688762592804,0.0982533960140449,0.1043162219813462,0.0984243385110868,0.1064260217099257,0.1073996946326136,0.0983111943622003,8.8,71.5673,4.834542157751587
1983-04-01,0.0885154772565562,0.0899934542801876,0.0903804925980735,0.0912171335455789,0.092744248887331,0.0945679913172978,0.095276708899105,0.0967919613945352,0.0980320081344992,0.0999127758419971,0.099772245842268,0.1023481083022347,0.1072141103945319,0.1024971499913197,0.1095794776264447,0.1095492356244561,0.1021331296845537,8.63,72.3638,4.510837727006445
1983-05-01,0.0822483469477793,0.0831428568731637,0.084015999435495,0.0849320078441434,0.0875922958921983,0.0891930279197224,0.0899569509309786,0.0913906848654255,0.0927592359138897,0.0943863999936607,0.0971877756007216,0.1007994262325908,0.1038426387253377,0.0984842849686785,0.1069693089177416,0.1063522868638081,0.0981737485931477,8.98,72.9112,4.145042949176814
1983-06-01,0.0876199826191043,0.0894269119068621,0.0904575849859137,0.0925720158667266,0.0943101128255464,0.0955183716885434,0.0978253989345263,0.0974607615362447,0.0993112018992696,0.1004309280525098,0.1031462285027951,0.1054660232732307,0.1083847814501566,0.1045996051913338,0.1104937388112339,0.1099447051765059,0.1045432627723568,9.37,73.9127,4.116168916364615
1983-07-01,0.0894778967756825,0.0918501148863255,0.0930969724794654,0.093869240084753,0.0973240642614178,0.0973156542141453,0.0994569381684822,0.1001909525227819,0.1015235406593984,0.103862756934942,0.1039872463855662,0.105707306832559,0.1096040766422446,0.106276981410102,0.1127332691649818,0.1107889840860399,0.1060120388964578,9.56,74.5144,4.238715970559559
1983-08-01,0.0956080783295337,0.099123190643515,0.1010162558421395,0.102088690748172,0.1047259352888805,0.1052015654971371,0.1066528618289345,0.1079978258028331,0.1090303917935084,0.1099471065606857,0.1142630837873633,0.1160341985248545,0.117413175551674,0.1147835176737726,0.1202119506622047,0.1178936632975921,0.1146724123490032,9.45,75.8371,4.315433422501291
1983-09-01,0.0944665834695388,0.0984560806920025,0.1003987552817854,0.1026567245796569,0.1044915224254613,0.1065289623103144,0.1078255560280953,0.108803231300398,0.1107029329180019,0.1112631007067228,0.115173010651583,0.1173430597850426,0.1171453927183492,0.1165855204333783,0.1197636839338905,0.1138974621079832,0.1152653421387104,9.48,76.5587,3.9088091102952527
1983-10-01,0.0894008016340651,0.0921282645664447,0.0945975626180934,0.0961869913353144,0.0976536859055735,0.1000623808003159,0.1017573856297331,0.1028461501364202,0.1053188685919407,0.1066368036393633,0.1079964631749295,0.1126470393898388,0.1119785969049257,0.1126652324228978,0.1159002294035179,0.1090879237751614,0.1103559325647804,9.34,76.8777,3.7436436963001807
1983-11-01,0.086739292768568,0.0903383500357875,0.0939209125866567,0.0954504393399676,0.0968142928964188,0.0992699096738608,0.1016603284664217,0.1034758618489826,0.1053386181447868,0.1075552020173722,0.1104568026993754,0.1131102482229274,0.1129100674033425,0.1138941396189947,0.1174802597232383,0.113762171595644,0.1133338116702678,9.47,77.0038,3.643884183572976
1983-12-01,0.0908137638352876,0.093564264815459,0.0954382245515855,0.0965921876914816,0.098522825376161,0.1001200185973595,0.1024776590541053,0.1039125327005483,0.1055765570037834,0.1067638292953702,0.1095952705118441,0.1109514874223711,0.1119854899671462,0.114969950775447,0.1157824270349341,0.112767538998924,0.1131536025807926,9.56,78.283,3.611728314381568
1984-01-01,0.0923997453491751,0.0950788294376206,0.0966567520669025,0.0985320675071322,0.1006403297004353,0.1031175558567796,0.1049147065226929,0.1060221506995866,0.1079080481473628,0.1077477239036828,0.1120940471594435,0.1132249530360352,0.1146959252822212,0.1172274228270523,0.1186001511979683,0.1149987861476567,0.1152535204243958,9.59,79.0178,4.1318719554627625
1984-02-01,0.0911353228908018,0.0929198426536684,0.0945892747031695,0.0954359787550652,0.0976320989244075,0.0995400764400811,0.1016341708697037,0.1032715977702831,0.1047024779371554,0.1060206032612473,0.1094010244927565,0.112218096836006,0.1124229457943065,0.1150795480035054,0.1161984290576756,0.1129609999739106,0.1133689259044617,9.91,79.2532,4.339421844797253
1984-03-01,0.0942495311104677,0.0971091677507195,0.0989462783018427,0.1001179103997298,0.1020487047080796,0.1044782327246124,0.1063139754312103,0.1080144952990417,0.1083517719677579,0.1103079160344372,0.1137343813484124,0.115006634159549,0.1171808751073719,0.1181064995675666,0.1195949823373864,0.1173491647778631,0.1175065203388752,10.29,79.4777,4.261345210040424
1984-04-01,0.0994218509182402,0.1023767598441968,0.1032401003228694,0.1055860226317301,0.1081906434358794,0.1098141338979086,0.1114464858033495,0.1130881750818359,0.1140241060384141,0.1155423359135148,0.119195679345165,0.1151915288051826,0.1214957111380391,0.1411376318684728,0.1242273435144416,0.122333399878803,0.1219186062492447,10.32,79.5758,4.098395998620208
1984-05-01,0.0993623764184858,0.102840135444691,0.1049850825039881,0.1080897393686535,0.1104183605766146,0.1114346889810597,0.1127384877269309,0.1158256546062956,0.1168517563716226,0.1178603965236769,0.1207357596467191,0.1200683792693327,0.1244753748779408,0.1259413528755959,0.1271985420837952,0.1254531723837082,0.1252683080129565,11.06,79.7745,3.896299160169248
1984-06-01,0.1005036297514862,0.109044957245801,0.1132321331735498,0.1171691157794769,0.1214921628180815,0.1218721700207336,0.1229222340889253,0.1235174066751407,0.124731347314568,0.1268084960176442,0.1282767116588659,0.132285616918502,0.1320955192086639,0.1327602700694779,0.1337949547049784,0.1323855232907292,0.132972616447197,11.23,79.9006,3.682187099530098
1984-07-01,0.1015857890788372,0.1083839884002395,0.1149415584098031,0.1194145955230975,0.1225703212784392,0.1245298405931304,0.1271773028238434,0.1282039404817601,0.128430863193821,0.1306995759435483,0.133251658162086,0.1328094295448882,0.134890797507968,0.1355549523709711,0.1357002935042985,0.1354034934759385,0.1349066109894756,11.64,79.8447,3.5580603998298432
1984-08-01,0.1070702847088533,0.1107369249890801,0.1130153931981542,0.1151578002317809,0.1166128416332994,0.1176900155345112,0.1211331199538173,0.1213710032627395,0.1212246760385943,0.122191979821058,0.1231350439842345,0.1244520248461036,0.1242792644119844,0.1249698587207162,0.125483335263821,0.1245961684802824,0.1235867743139919,11.3,79.3255,3.3358058705097005
1984-09-01,0.1091686505142379,0.1118060578348671,0.1141359973047884,0.1166293970201181,0.1181195364732341,0.119492133692615,0.1217874249633245,0.122446865083702,0.1222342081633416,0.1227793785813499,0.1243235434497118,0.1231968516065971,0.1245923157476815,0.1262824341154662,0.1256486848010423,0.1252023005099821,0.1245604726876672,9.99,79.5661,3.404210303607313
1984-10-01,0.1048012374059181,0.1077957298490034,0.1094544279718732,0.1112577580249336,0.1132260517781195,0.1158074208670943,0.1182493915471979,0.1176562934649246,0.1186938654646517,0.1191986665607669,0.1213051615051976,0.1214283644381784,0.1218527515471587,0.1235387776247664,0.1223776630833734,0.1217393693629315,0.1212046923454503,9.43,79.5357,3.403617003295856
1984-11-01,0.0922670618801144,0.0954836653884259,0.0976349792378612,0.0993537256896335,0.1032337316643659,0.105929008426054,0.1070654090852193,0.1067588480428444,0.1085372836566557,0.1103132225359155,0.1110041387865395,0.1116023891121326,0.1137160272472875,0.114856352897567,0.114162184069198,0.1141869815627194,0.1122543145053744,8.38,79.479,3.6382448583132776
1984-12-01,0.0863619205633736,0.0891789766125632,0.0921878749589442,0.0944463991143373,0.0986218938993781,0.1008576839312008,0.1028809911906434,0.1024879525982457,0.1058732543767187,0.1065717230412292,0.1096092928203514,0.1099756495535079,0.113137396213129,0.115227988281428,0.1129777268536451,0.1131662023425469,0.1123850820594945,8.35,79.103,3.7044823816331673
1985-01-01,0.0800464882733072,0.0841046855701122,0.0876355152659543,0.0900236475646394,0.0934003939296293,0.0962935521338718,0.0989895718905848,0.0982867187275841,0.1021237346154179,0.1042289143749621,0.108162515378879,0.1111417501923443,0.1144564670519325,0.1172232770669784,0.114162232301378,0.1147569334810253,0.1142074815400602,8.5,78.542,3.489683401553756
1985-02-01,0.0839243624443596,0.0858720823506316,0.0883386117364011,0.0903940631082292,0.0925805763683495,0.0960377501354984,0.0976822214195966,0.098249095450718,0.1021809147305568,0.1023159812695351,0.1069340851590005,0.1072974862285793,0.1102939030642377,0.1122862961357946,0.1086397682498303,0.1109162184208068,0.1094508959760137,8.58,78.9148,3.5552965175579265
1985-03-01,0.08871907172643,0.0927186663892477,0.0950255500854037,0.0967191352750861,0.1003940811842518,0.102840642310868,0.10349805374248,0.1046777098100467,0.1077249065024298,0.108521032090079,0.1125125784183645,0.107739146620321,0.1165471003240463,0.1185813924973808,0.1156042120366951,0.1167224631040481,0.1161323977547054,8.27,78.3803,3.311629064366284
1985-04-01,0.0835715871637916,0.0886124988159477,0.0908411113248897,0.0936865811745404,0.0969721437896451,0.0997913835935158,0.1001410095342836,0.1018989343948752,0.1040937993742693,0.1060717278568042,0.1096125230475598,0.10921847245628,0.1139213137963968,0.1172355107476363,0.1142122180955107,0.1145639003900192,0.1143484584698169,7.97,78.3157,3.4254944599772186
1985-05-01,0.0792692422492435,0.0828766106267304,0.0858502493833998,0.0880553637535001,0.0916553876064054,0.0938758632108806,0.0956097023688645,0.0962474920714087,0.0995727576761163,0.1010802417721289,0.1052372815438556,0.1065117863334656,0.1112881004324975,0.1131481230570382,0.1113725076426622,0.1145331524562269,0.1111386544484048,7.53,78.1342,3.522771908788336
1985-06-01,0.0715952343675886,0.0735327077263341,0.075357201463993,0.0775398337292243,0.0811534857813451,0.0832922620797793,0.0852818533458308,0.0855975631220318,0.08920907260521,0.0902398664668888,0.0946518393291401,0.0901503900828794,0.1005032374166452,0.097504616166635,0.0990080692336059,0.1026545922150573,0.0998111124106869,7.88,77.6564,3.407218193803563
1985-07-01,0.0709769404290137,0.0725051042098387,0.0743454125158444,0.0765495780061805,0.0801913967713799,0.0818809954520536,0.0844061828856548,0.0854189375864607,0.0885963645429564,0.0919391782728857,0.0929915837704753,0.0948586896787672,0.1025171317884311,0.1024871616828817,0.1007794096564333,0.1019726334599851,0.1013087506270073,7.9,77.8356,3.431704762491528
1985-08-01,0.074246656495121,0.0768346621946977,0.078374309412841,0.0800475649764966,0.0837359637574344,0.0857792609072089,0.0880880064502375,0.0887607880302867,0.0923194922361077,0.0944715740011427,0.0997913921755518,0.099565468676411,0.1056972809416742,0.1014123246598411,0.1044163827032475,0.1053173296759305,0.1045577045414164,7.92,77.6841,3.466026784798704
1985-09-01,0.0726176708803825,0.0751831485814176,0.0772144090775415,0.0785986999091627,0.0823730233658831,0.0847701526666684,0.0862043690434971,0.0882205398298165,0.0901071086963482,0.0918605467331956,0.0974939957630142,0.0952265450830912,0.1025801846054667,0.0993503590856503,0.1017530315861469,0.1026089433993202,0.1013214162665627,7.99,77.4161,3.3944428530507054
1985-10-01,0.0717162460499358,0.0738764842228703,0.0767994955303874,0.077824872242796,0.0819325792253222,0.0846193765101469,0.0853442273216366,0.0867041514603843,0.0899867800233138,0.0915869866833869,0.0965833923698366,0.0972883827768246,0.1014613761886026,0.0989543754210792,0.1017927405382725,0.1034475134343791,0.1025879234566956,8.05,77.8151,3.5490264184868225
1985-11-01,0.0736219350856285,0.0752723734825651,0.0769643122771393,0.0779030429355578,0.0815023327182708,0.0833999333376495,0.0848608285061093,0.085336830087797,0.0876955193311483,0.0888473283209143,0.093086005008681,0.0958386484830338,0.0988082152594249,0.0976086548784916,0.0989823053763953,0.1002915537372957,0.1000142247300233,8.27,77.948,3.6042460422566647
1985-12-01,0.0739872125481709,0.0753669826448237,0.0765392907386743,0.0775293477473375,0.080446557847674,0.0813591325114027,0.0828383771024684,0.0839796548277703,0.0854987905373335,0.086532713632477,0.0905246134664124,0.0903735841806819,0.095689836373946,0.0942782948126774,0.0955661083194948,0.0978649071309503,0.0969939951588767,8.14,78.7842,3.564043303734344
1986-01-01,0.0725793960927137,0.0735752218537376,0.0745907850389096,0.0752671628502368,0.0770708810818872,0.0775958988348571,0.0783186496573348,0.0787967391252234,0.0806610684525693,0.0819633072335134,0.0827501676530933,0.085949337191906,0.0884674825161929,0.0872629140283174,0.0866491841414481,0.0900102295910236,0.090479761199547,7.86,78.267,3.085460599334078
1986-02-01,0.0714919450384676,0.0728385426449164,0.0739656144320955,0.075209740437652,0.076689076221282,0.0777898852585801,0.0782088949957639,0.0782844928616793,0.0802909254823613,0.0815694617608848,0.0850913987750944,0.0862537429264284,0.088941035739098,0.0868541777286687,0.0871451602950553,0.0905216687737658,0.0905992249320589,7.48,77.9205,2.4583408711732924
1986-03-01,0.0709274632042309,0.0713339163508763,0.0719577074795977,0.0725344989688842,0.074096095616055,0.0740127081053721,0.074941739222296,0.0740569576427002,0.0760858900875987,0.0759879564766946,0.0790019426832269,0.0739675345450465,0.0805358806826515,0.0785056357949349,0.0781589131997675,0.0797559087570376,0.0783412854124346,6.99,78.2571,2.101523453965193
1986-04-01,0.0645666825336077,0.0649644413827696,0.065221191717809,0.0664512239787988,0.0678041589416493,0.0682863491532921,0.0682781489369283,0.0680231063261028,0.0704743387534577,0.0712459988900698,0.0728895718028222,0.0735321953764069,0.0738596674086265,0.0721382164826734,0.0730549305026519,0.0741175196550408,0.0747323119973052,6.85,78.2798,2.04649672600572
1986-05-01,0.0623733713971728,0.0631860555435582,0.0641015192293542,0.064643939433278,0.066564421648289,0.0679599498548238,0.0687374818815471,0.0672077386112442,0.0705042661177345,0.0715596758803823,0.0732449020933242,0.0743846354967294,0.0749554465952491,0.0744240377180485,0.0756328500027164,0.0750256265888124,0.0731512934345288,6.92,77.8771,2.1487768347478786
1986-06-01,0.064950528357784,0.0665855853641178,0.0676804965796577,0.0690564379305221,0.0711458937605578,0.0726325341496695,0.0731458374942671,0.0738982747905691,0.076983024930864,0.0778263546133679,0.0824677487159798,0.0806526366068422,0.0841786872044869,0.0840153281605532,0.0832632527321296,0.0844246631797729,0.0812728586443679,6.56,78.2626,1.9243794573488904
1986-07-01,0.0610873075744928,0.0608825002193244,0.0624563584430859,0.06350350697228,0.0657429856262474,0.0664597474236676,0.0671781120213993,0.0676313168713313,0.0706114295020616,0.0714854579600065,0.0744042489669322,0.0747430852911442,0.0755587687705575,0.0752089180981325,0.0762988539412065,0.0760330702050082,0.0757032310356875,6.17,78.3482,1.7155110793424022
1986-08-01,0.0588517891264869,0.0594234595012642,0.0604112685201278,0.0616044221011672,0.0630480088750011,0.0639669955698716,0.0650850793291078,0.0644505286168543,0.0680040985032678,0.0702409665077919,0.0716430087261241,0.0742952803062727,0.0739277252108667,0.0726474648582938,0.0755353567528895,0.0756690252512083,0.0721905720855204,5.89,78.4495,1.877143253582836
1986-09-01,0.0524602940399622,0.0532023648830705,0.0536799560706402,0.0550554173653491,0.0562151502972632,0.0581564465550041,0.0597629889106589,0.0591903779685788,0.0619363470712525,0.0625892081544309,0.0662881334003423,0.0660452046118457,0.0692226561978593,0.0703755604210941,0.0711447771361801,0.0714684762810529,0.0698341103928654,5.85,78.6211,1.8898541547107903
1986-10-01,0.0529780314917765,0.0552334059833201,0.0567905966455827,0.0573262098409879,0.0599040689576316,0.0613163070844823,0.0627926980631669,0.0629471099777079,0.0659337743791701,0.0668778251269281,0.0707572403332509,0.0728636228531099,0.073473790496781,0.0743591737839524,0.0750703938861992,0.0752564329693963,0.0735824955935698,6.04,78.7665,1.7758484609313283
1986-11-01,0.0531093578877657,0.0542997487811562,0.0559216838974388,0.0566284876215609,0.0588787655159278,0.0599665069732285,0.0606305288329205,0.0611111617785086,0.0631992614802533,0.0647775131908999,0.0672164845183646,0.0705698480330456,0.0716242543914404,0.0717338986518935,0.0734858378718549,0.0735796180468627,0.0729303175420652,6.91,79.3729,1.5752212389380515
1986-12-01,0.0550788480140491,0.0559700230047671,0.0565877218228419,0.05740322054983,0.0592985063572205,0.0600334285829251,0.0610247729568709,0.061583057830395,0.0628926238991308,0.0640259621127422,0.0664713123820788,0.0666861895454641,0.0700989333097493,0.0714655702274087,0.0725933614774958,0.0724039864969545,0.0711068855899309,6.43,78.9108,1.585623678646919
1987-01-01,0.0565486425817558,0.0570445039081506,0.0576808693123768,0.0583074593554249,0.0611171740272538,0.061633212794296,0.0625281661422526,0.0625755931621688,0.0640330985537989,0.0645603768969245,0.0660516274553694,0.0686121850782578,0.0699689089032353,0.0714442575920067,0.0723376289077338,0.072343430772043,0.0712242907854726,6.1,79.8877,1.94189961631821
1987-02-01,0.0571606188325275,0.0575349008138434,0.0583988853128737,0.0592662793638902,0.0610436923472105,0.0617195771541092,0.0619121298322608,0.0627246770425534,0.0639760579977268,0.0649705706601546,0.0669151693544088,0.0693862114791893,0.0696669680104857,0.0700241390626748,0.0720804671412596,0.0726647673382466,0.0719747683337006,6.13,79.7376,2.436631876324258
1987-03-01,0.0558863114645623,0.0564520515194428,0.0579568202048895,0.0586689834060335,0.0607449579602822,0.0610628718394462,0.0617916211770216,0.0624892212674345,0.0634692309838244,0.0644176241864799,0.0664125611126405,0.0660529289180782,0.0688671184819851,0.0699015472045211,0.0711238781455895,0.0718326470981581,0.0714915123050278,6.37,79.9812,3.029409451914744
1987-04-01,0.0563623437119206,0.0590945123356591,0.0600778573002808,0.0624097476030052,0.0638955198058233,0.0645658372916341,0.0654550882935412,0.065458957780837,0.0668635493836931,0.068234866872389,0.0695873191618012,0.0708671218222777,0.0728267310918718,0.0743728816541273,0.0750664980341683,0.0757595437443387,0.0755984978838974,6.85,80.3199,3.1023724024253907
1987-05-01,0.0572370258383285,0.0616187811615291,0.0644541348584391,0.0689988412718687,0.0709342657488455,0.0712725339875471,0.072540182349753,0.0733442154889734,0.0754896447993812,0.0767700018727968,0.0789217138027612,0.0812932876413592,0.0811377974525842,0.0817029696143577,0.0831542034984,0.0828268037481913,0.0830520777397494,6.73,80.4169,3.1084436276905603
1987-06-01,0.058975410030307,0.0633003982410139,0.064877253691627,0.0706337760534522,0.0721062949315477,0.0737280354924813,0.0751305585429347,0.0754770287662446,0.0769165363534434,0.0782433810453581,0.0797711405468935,0.0793965440363873,0.0816138060416386,0.0830259077539394,0.0841159139342103,0.0840813168372758,0.0836270763329211,6.58,80.8279,3.3206942381361904
1987-07-01,0.0574419399707272,0.0597345016077351,0.0624139378441547,0.0675909183640245,0.0698262580508802,0.0708572467971545,0.0721770046402516,0.0731364493677679,0.0746082289401004,0.0758615721342816,0.077940024938157,0.0794349302971725,0.0806520402677987,0.0824536586938273,0.0835964198772662,0.08343310116492,0.0829185509346478,6.73,81.0626,3.599593972046544
1987-08-01,0.0609931433290983,0.0635882672161348,0.0673939342847725,0.0695957561199568,0.0713355072388868,0.0719953485630722,0.0744005145681911,0.0756565388930304,0.0775543887492826,0.0794021778717611,0.0811745709501496,0.0829473637722374,0.0846498249398559,0.0854111140726047,0.0873904559251581,0.0878365608521672,0.0876533650859376,7.22,81.4604,3.6092302902949625
1987-09-01,0.062708154000445,0.0648165208951548,0.0690836249080672,0.0721386283763233,0.0738542368733851,0.075813942316882,0.0772441163046639,0.0783156078571791,0.0799480485792871,0.0815891753585874,0.0833559921662083,0.0812868427499122,0.0867881009996587,0.0879919850999177,0.0898628014453987,0.0902136673645378,0.0899326650596032,7.29,82.4562,3.7523306401491694
1987-10-01,0.0677241666273492,0.0727385042765977,0.0759930369280309,0.078844294721369,0.0807600353910776,0.0821032483327367,0.0832444837407664,0.0844731601423602,0.0868234167568017,0.0877849124914677,0.0902568294527502,0.0900602009942767,0.0930381934530632,0.0943682349233712,0.0956625031229234,0.0963732343704923,0.0956918919472036,6.69,82.7578,3.7630864676231113
1987-11-01,0.0570971882405862,0.064158107106463,0.0680304577221364,0.0693113201962171,0.0734016335844162,0.0752314699558349,0.0762062535854614,0.0763226611603807,0.0797054426299052,0.0809848320679822,0.0841284265282137,0.0847845888094931,0.0870539310400776,0.0881174674382888,0.0897559040069496,0.0899104677495443,0.0890241729437771,6.77,83.1933,3.812123676211488
1987-12-01,0.0560614128049747,0.063684601146813,0.0682349984633885,0.0714353480845663,0.0733911844516869,0.0747786139925911,0.0759783569268331,0.0762592224327502,0.0790011274333761,0.0800569754923492,0.08281041336486,0.0829397478081164,0.0870556601324759,0.0888182810102679,0.0897920401895484,0.0901188578502598,0.0893848607103496,6.83,82.9076,3.726827764288743
1988-01-01,0.0604482547928103,0.0655488371388028,0.0685335468744149,0.070396933994949,0.0739530588355286,0.0753051075574164,0.0763320089758899,0.0764510958772082,0.0780099657333115,0.0790444526454529,0.0814038592630956,0.0826253255918358,0.0850678971442007,0.0869860098077902,0.0874058885303046,0.0883232899290744,0.0876043462418814,6.58,83.1047,3.5179353252938084
1988-02-01,0.0580559141194988,0.0625870328760662,0.0648652805895215,0.0669813395976417,0.0691354026598751,0.0701320123644429,0.0711440232558159,0.0710276652417069,0.0728597939314257,0.0738715679345504,0.0757930590049526,0.077906464410454,0.0792239865483935,0.0805861431424303,0.0820030572483677,0.0823158062410035,0.08237949261196,6.58,83.286,3.598651702608513
1988-03-01,0.0572278124593698,0.0601920819780226,0.0634589481269228,0.0651846018931144,0.0674926421050253,0.0683391708868658,0.0692327166964665,0.0699540095743764,0.0712147595213363,0.0722004834417562,0.0740708825549318,0.0744538617522229,0.0774526823053252,0.0798544884084006,0.0808315247050367,0.0815801449989466,0.0812833127347433,6.87,83.9899,3.715010780591133
1988-04-01,0.0602662298331525,0.0641411317213154,0.0670167394428364,0.0692792587956712,0.0710566265533987,0.0720628960830567,0.0737231803643084,0.0745362752088004,0.0758882080939988,0.0771649727643274,0.0794741938243823,0.0809936679952954,0.083052672246495,0.0851068157045172,0.0860656781059785,0.0866511631370307,0.0864028365171692,7.09,83.738,3.753187925849799
1988-05-01,0.062254774866462,0.0665312201436271,0.0690379798012014,0.0711311887104645,0.0734027754968665,0.0742442687924847,0.0753825971698881,0.0767249390141819,0.0782543263723844,0.0792092150098304,0.0818117537901894,0.083377523856941,0.0852375313333104,0.0864369199105409,0.0879895736709832,0.0888153878987658,0.0890841946515333,7.51,83.8874,3.8015964809161806
1988-06-01,0.0659635852797171,0.0698813817231115,0.0727145101178067,0.0750656838797491,0.0770656740362769,0.0781748575672922,0.079132255734094,0.07944579646592,0.0808364925417925,0.0816291338348337,0.0837124874522252,0.0834328144345791,0.0865720840377087,0.0876325279738847,0.0887560042927783,0.0897416490186902,0.0897359381643796,7.75,83.8048,4.065225204774614
1988-07-01,0.0668909068356134,0.0700567370990987,0.0721254183042146,0.0735045735230937,0.076316764015371,0.0770748407312948,0.0776758346720806,0.0784862761066862,0.0791480964467762,0.0801729481750319,0.0814515328637062,0.082429027243645,0.0844983292107277,0.0859611552817447,0.0865900627155663,0.0873840422275236,0.0870181162567452,8.01,83.9,3.962541453120272
1988-08-01,0.0705624610805049,0.0736561534817623,0.0756678871211684,0.077937626415406,0.0800170923640092,0.0804528779052758,0.0815526591536151,0.0821391345241443,0.0830583316065035,0.0834502498122962,0.0846190553803657,0.0854591531665692,0.0867614718046768,0.0887031600574402,0.0892604454238119,0.0902783455831019,0.089877610489718,8.19,84.1347,4.118232521455001
1988-09-01,0.0744210365590377,0.0774012492781708,0.0797594528759216,0.0807845936461225,0.0838465983898183,0.0846723891676717,0.0849178974134039,0.0850557966936473,0.0859676592253387,0.0861962552418283,0.0874344095290577,0.0867475528140281,0.0885161487225482,0.0907704343210937,0.0908318697344439,0.0916251056858947,0.0913810110771443,8.3,84.438,4.127667540247093
1988-10-01,0.0739716254242783,0.0768759022706852,0.0789578215154666,0.0801123070541432,0.0816653857920766,0.0819856837647483,0.0825298822891799,0.0826943024374746,0.0831393603034825,0.0835986680481494,0.0838690478064466,0.0843894559886124,0.0856809790757234,0.086508323934902,0.0868382320649075,0.0874444616249945,0.0872330541805582,8.35,84.6678,4.172194092038639
1988-11-01,0.0750192130143072,0.0771572811235013,0.0784590549318539,0.0790304750747963,0.080038244207854,0.0807471326497627,0.081159321437171,0.0808571197982871,0.0807373508710887,0.0812487284135609,0.0822466425964079,0.0838899625081701,0.0837476974645259,0.0843964276762023,0.0851250582326133,0.0857208134218588,0.0857949893787697,8.76,84.9862,4.304364043267439
1988-12-01,0.0803633864583761,0.0827728066499119,0.0841781428084743,0.0849835175009132,0.0865202610046305,0.0868964218128335,0.0864618375121803,0.0866497871939269,0.0859647903875818,0.0869843902646933,0.0871974215054923,0.0857512199779911,0.0880307295626284,0.0885821429336406,0.0885114206683208,0.0888124868178925,0.0883959380182843,9.12,85.5469,4.434495058333954
1989-01-01,0.0841346178046689,0.0865892136835409,0.0885276423725506,0.0892549131250703,0.0903683282466797,0.0903856887496723,0.090735383359148,0.0901126909436406,0.0904669555237902,0.0904418396910171,0.0908264462025188,0.0903287195574025,0.0912022699200192,0.0911955019047859,0.091120920444805,0.0905378049415545,0.0899346716166901,9.36,84.5959,4.626400534243524
1989-02-01,0.0857008836129235,0.0869768145583675,0.0879364915875724,0.0888293055659306,0.089568599697991,0.0898473057432139,0.0894591845061215,0.0889548516969155,0.0886641533556973,0.0886242889737506,0.0887972668681028,0.088046012221037,0.0888996938884232,0.0883659142578711,0.0885633485846891,0.0882385004139507,0.0875969814944344,9.85,84.3714,4.656794779361473
1989-03-01,0.0887690616361409,0.0897509069030598,0.0913390460526716,0.092556636378595,0.0939705921521796,0.0940156307617033,0.0936072388435566,0.0932504579676504,0.0929956618090666,0.0925253135380819,0.0924775756219784,0.0896019510294707,0.0926605781234736,0.0920736932612584,0.091841155337288,0.0917235636117123,0.0911161235793918,9.84,84.3464,4.843991463683861
1989-04-01,0.0905905902279736,0.0919750968163564,0.0919786860390291,0.094566921719338,0.095630792998926,0.0949859402774648,0.0939060544667816,0.0936414126359592,0.0936504006429959,0.0932288343201223,0.0923877885784622,0.0911461583662667,0.091413063408648,0.0907708971734045,0.0904309007713758,0.0897175951442106,0.0892727377199083,9.81,83.518,4.921671497230062
1989-05-01,0.0885794263633933,0.0898175009948107,0.0896198810680467,0.0914136450551968,0.0922608505221362,0.092099602949308,0.0914945436840974,0.0913604707893512,0.0916967299066597,0.0913884852380084,0.0908598756045978,0.0905192967544779,0.0903718229549299,0.0898052034014061,0.0900962573400898,0.0892344136607418,0.0889351569951716,9.53,83.4391,4.705366602126193
1989-06-01,0.0881735281203003,0.0867635657789202,0.0865544548472435,0.0875369539108461,0.0875867466934719,0.0872588844778325,0.0869310960537218,0.0861374590810587,0.08628634973991,0.0861285707823356,0.0859978526439807,0.0835179482677844,0.0852822108461331,0.085256549339756,0.0850802945967018,0.0845473935971931,0.0836928678612101,9.24,82.2513,4.448120410092349
1989-07-01,0.0815234496821295,0.0792575815600781,0.0789591312670485,0.0788289868599463,0.0806576656045033,0.0797378862696713,0.079732040433954,0.0789094858661296,0.0788873447525062,0.0787573743497407,0.078236549604239,0.0785416017265913,0.079903671240931,0.0800471590721879,0.0802110564883752,0.0802419315097216,0.0791946798315546,8.99,82.8147,4.152242863615774
1989-08-01,0.0782176421861643,0.075931660690628,0.075480367605951,0.0746727927830061,0.0754424772076042,0.0746938957386297,0.0747794823427882,0.0730713992875468,0.0739255719781053,0.073902343124568,0.0737832864201554,0.0739988645422771,0.0751942923004665,0.0747100998311037,0.0761385610634832,0.0767969842050683,0.0765337156270291,9.02,82.423,3.877786595483723
1989-09-01,0.0803900969686543,0.0803847459248376,0.0808178133779608,0.0808214341159262,0.0825914295246991,0.0829327248415327,0.0820686752296919,0.08191960697112,0.0820105901760352,0.0814685420990836,0.0812744793085212,0.0796970968578024,0.0814383885139874,0.0806619700755815,0.0811483399526772,0.081019328228045,0.0797984956415858,8.84,81.9997,3.9442696629213625
1989-10-01,0.0804399021791654,0.0821888794683698,0.0832944488915859,0.0833964081032628,0.0833650278511599,0.0835539985724525,0.0834627428702392,0.0831030662973126,0.0828839904177189,0.0828589865226556,0.0822692450962954,0.0818195692176937,0.0823725432091025,0.0818772922509699,0.0820346692730766,0.0817337531321134,0.0806905103857048,8.55,81.9613,3.929762886967758
1989-11-01,0.0796203232266834,0.0778842683879121,0.0775989142597939,0.0775383280981768,0.0782578525328663,0.0786269667886651,0.0783152615676204,0.0770350295035099,0.077743869907764,0.0777650470788118,0.0778759677553187,0.0777880582400442,0.0784094724277362,0.0778289470130613,0.0783771304625338,0.07827818877033,0.0775197096543071,8.45,81.7522,3.906808754112445
1989-12-01,0.0769754620636997,0.0757283377726577,0.075189941062896,0.0754223022111914,0.0765069254663718,0.0765222388432839,0.0765956226977806,0.0754057199844059,0.0762232123214236,0.0759419098052508,0.0764876686325343,0.0753956750972878,0.0772995602580884,0.0770591476262597,0.077490601858537,0.0775836820265195,0.0765240277640743,8.23,81.5063,4.159032286756204
1990-01-01,0.0780882459973228,0.0778127865995124,0.0765465343894866,0.0774030925456037,0.0783999371550539,0.0786212853465917,0.0783029069809281,0.0776645139501319,0.0777647659743393,0.0778045321112956,0.0772221564609184,0.0776985007307531,0.0789632795721655,0.0787486327882254,0.0789311077218408,0.079060850884248,0.0778327146741622,8.24,82.3926,4.271125137406484
1990-02-01,0.0794133294845515,0.0796849293527514,0.0798588768749769,0.0799728024715556,0.0814512863932511,0.0818284585760502,0.0815017921168098,0.0811099564452286,0.0819657511881395,0.0816657047654495,0.0821474585504354,0.0826605857636006,0.0829192254405273,0.0821256634474721,0.0829227305993717,0.0832055502174196,0.0827096595817567,8.28,82.6004,4.276478485126822
1990-03-01,0.0799400823047513,0.0802057964940545,0.0806374312158745,0.080983372900367,0.0822881726330638,0.0834059024157061,0.0837860352309596,0.0834547124731886,0.0836205348998931,0.0836600820720191,0.0844035614162836,0.0834890997470162,0.085104499753334,0.0845671535980474,0.084898036261079,0.084974262913134,0.0838924120093079,8.26,82.0368,3.8042429240730646
1990-04-01,0.080003162973177,0.0806578053983981,0.0808443066634753,0.0827190968824827,0.0840879564653565,0.0842186582010632,0.0847251310763461,0.084696911865783,0.0848522976561702,0.0853550263789868,0.0849184934717804,0.0849492513082157,0.085556222137268,0.0851385471942247,0.0853508668558647,0.0854273322156999,0.0845881055105149,8.18,82.1004,3.659282829519017
1990-05-01,0.0807206082700871,0.0830296661239545,0.0830631929679109,0.0842554288539022,0.0867991825230863,0.087013601239806,0.0879456635829289,0.0881283549518374,0.0883866875910073,0.0888833624454194,0.0893947620505391,0.0895430368920062,0.0894687468771212,0.0891290315950772,0.0891946785710194,0.0892200643464104,0.0888121143663846,8.29,82.171,3.890303897282021
1990-06-01,0.0785660551022534,0.078487622694033,0.0785437756718762,0.07908134060412,0.0812089943061568,0.0813292042353567,0.0816471144303268,0.0813639082647323,0.0817776162147407,0.0822370521585363,0.0831772349240879,0.0825902002620007,0.0835984287397863,0.083357013262022,0.0835512627670659,0.0832083089473766,0.082776906314095,8.15,81.8082,3.898431925372869
1990-07-01,0.0791425689646318,0.0785065320810662,0.0787091593294837,0.0789458645740752,0.0805331407576634,0.0805947808370102,0.0808767775203234,0.0808471982560453,0.0810311095127771,0.0813463339870206,0.0819145032610418,0.0824481440266508,0.0832252169643947,0.0832631624873734,0.0835407344300823,0.0832898765512146,0.0826377792519599,8.13,81.9327,4.576619218320399
1990-08-01,0.0759164097066169,0.0750550425086992,0.0752887706377431,0.0748830854638568,0.0764305648771974,0.076516789341644,0.0769100537321416,0.0768044842836333,0.0774541781238523,0.077941521575408,0.078881257912426,0.0799704721261507,0.0804662635674853,0.0809656965185729,0.081878952936713,0.0816674870230507,0.0822602128257336,8.2,81.6281,4.98489425981874
1990-09-01,0.0755074415621465,0.0758062242606301,0.0761059402734803,0.0765399950239545,0.0790290867396313,0.0797647212865885,0.0797879288262987,0.0792352933813319,0.0806558039232143,0.0813842126613508,0.0834869560230625,0.0850179134579973,0.0860294828146116,0.086869661568338,0.0876577939749435,0.0879183439310414,0.0881511591503867,8.11,80.9966,5.174769539424751
1990-10-01,0.0730259858842861,0.0738910684154246,0.0752632232504142,0.0753477717951345,0.0770720888379787,0.0776720752373988,0.0782239962915437,0.077978681571411,0.0791275716221753,0.0797901231075151,0.0815697178585538,0.083102413560163,0.0842277623297365,0.0852317565171083,0.0860700805117922,0.0860909602133959,0.0863199405166601,7.81,79.8882,5.078954180688577
1990-11-01,0.0720536140689966,0.0724082893448212,0.0723286510614363,0.0723804534949414,0.0743530995671136,0.0750043320280362,0.0752869927858411,0.0752708527117994,0.0767032177555076,0.0771881245510049,0.079452522348061,0.0810265088248708,0.0821653001566878,0.0834799731060838,0.0845379177480714,0.0850146899784695,0.0854493681313074,7.31,79.1292,4.873264157761614
1990-12-01,0.0720720936032498,0.0720005272008411,0.0721688242635048,0.0719985241072172,0.0737964477874107,0.0742099533413444,0.0740021374035345,0.0736191480675637,0.0748504432967526,0.0752382322226393,0.0772595111529401,0.0772499822332857,0.0796184619740858,0.0805538435713185,0.0814515617333814,0.0817895356007889,0.0813496301505719,6.91,78.5469,4.481410004611219
1991-01-01,0.0659413755725368,0.0660436736519038,0.0660336765708603,0.0673902248934355,0.0689345685577881,0.0697924431523001,0.0702396458686708,0.0698113148625509,0.071309478693447,0.0720953371749154,0.073825292013123,0.0753766977218466,0.07712515261012,0.0783631162581048,0.0794588714432564,0.079597475118252,0.0794924006377865,6.25,77.8987,4.0757681386135225
1991-02-01,0.061201284210916,0.0613899781295895,0.0619556325575307,0.0633170053707973,0.0658572763238595,0.0669001192526416,0.0675999615875647,0.0670820257460354,0.0686546010136606,0.0696610247072262,0.0726330257884076,0.073774168426743,0.0760108532805539,0.0769485796613774,0.0785644885025369,0.0790642241135485,0.0798337337185569,6.12,77.2211,3.706401504243373
1991-03-01,0.0622252975524662,0.0627383069395361,0.0635933001629984,0.0660571684690632,0.0683825236722912,0.0691946496672177,0.0700237519553857,0.0704891562867093,0.0722421993061892,0.0731525806200701,0.0759062758838406,0.0768519270942497,0.0787249913213789,0.0797010790789506,0.0809671779524053,0.081410168742962,0.0811856980299876,5.91,77.4894,3.676657031289632
1991-04-01,0.0589903073161204,0.0593975340862684,0.0607902584826206,0.0632472456542105,0.0660749499103667,0.0674732114295629,0.0683615668185274,0.0691024699377266,0.0708288117696953,0.0721842094810685,0.0753067546385983,0.0765810590188916,0.0786836426924022,0.0795535235790056,0.0806169482018615,0.0809081480412657,0.0808068026121175,5.78,77.9033,3.872491145218415
1991-05-01,0.0564430962894529,0.0573260687342281,0.0585921706261614,0.0618295853707329,0.0639897148312856,0.0656636440254204,0.0665594998684414,0.0668573305492043,0.0689603497713725,0.0703855506560347,0.0740685496440589,0.0755651221229656,0.0780281736077333,0.0786551391266791,0.0799603420141012,0.0803560232311089,0.0807061332621016,5.9,78.5531,3.5901397098334176
1991-06-01,0.0570577015780345,0.0588548624573595,0.059899856980156,0.061517849442917,0.0646383064519734,0.0660188918681296,0.0675107147146854,0.0668309022292165,0.0701178846631732,0.0715769350746673,0.0755378571137286,0.0773226342725599,0.0792797596656963,0.0804983195804343,0.0812438133335441,0.0819614940278819,0.0815079506337345,5.82,78.9063,3.4975460225464383
1991-07-01,0.0568518750146261,0.0587530999495506,0.0610060373285334,0.063250458295297,0.0659591411393479,0.0669601467373898,0.0683871869987302,0.0687242891231476,0.0711768007438526,0.0734297741044633,0.0771853809696935,0.0786475766560608,0.0805575026854602,0.0818067706116361,0.0823012089409584,0.0829847848179053,0.0827682272592385,5.66,78.909,3.053447816826416
1991-08-01,0.0566065728650838,0.0582753165596097,0.0602441842554266,0.061911420277953,0.064083523508111,0.0650387793814679,0.0656996094489832,0.0673014687504761,0.0693855088884953,0.0712247661802272,0.0752636925168158,0.0772478399479615,0.0793198503019943,0.0805463677608454,0.0811022569331987,0.0821255577921107,0.0825033923901757,5.45,79.584,2.776813032332748
1991-09-01,0.0544461671923097,0.0551766686721746,0.0554360186645275,0.0564471760471634,0.059243017894235,0.0608407547694385,0.0614189240870095,0.0626339393959507,0.0646798235962942,0.0664401203617377,0.0707921500018513,0.0728960488846241,0.0752947040664567,0.077083841424588,0.0774134594876634,0.0788069517382126,0.0788397577576246,5.21,79.4507,2.3827925868675104
1991-10-01,0.0519785579963678,0.0526127538433591,0.0530752905265832,0.0545060254248681,0.0560265665711482,0.0575401369864071,0.0587996953384406,0.0591947653307775,0.0616673746341924,0.0631045028386567,0.067219527793296,0.068452549249017,0.0717571251139306,0.0733652278171891,0.0737871544498743,0.0753180257699434,0.0759721322236509,4.81,79.1399,2.478320851399296
1991-11-01,0.0483826864354925,0.0489907823198907,0.0492051373895819,0.0510624062385797,0.0523433952579553,0.0539192367193803,0.055396164812307,0.055687953419455,0.0583913053304081,0.0604018776598643,0.0650879967023118,0.0668157895752087,0.0707761335390244,0.072458389311973,0.0743764100511672,0.0757479886410014,0.0775532466585492,4.43,78.7793,2.6384444991385703
1991-12-01,0.0446480775782571,0.044941687903302,0.0456653893749601,0.0464515476711051,0.0491723895420249,0.0505339364740761,0.0520672505930249,0.0527850930908544,0.0555440520781585,0.0573798047679386,0.0628537787860156,0.0641174161719155,0.0685923785938681,0.0709846987649055,0.0726806974415351,0.0750538192099494,0.0759305763251204,4.03,78.1764,2.388152410219524
1992-01-01,0.0392488568722609,0.0395537499392986,0.0398233010543229,0.0413654127398397,0.0431805692935872,0.0445607461337197,0.0460603501649486,0.0472596476887903,0.0502035646386211,0.0520166922133418,0.0582614597778363,0.0598213857119375,0.0642642778782698,0.066495486702356,0.0679327808886114,0.0695172787778916,0.0714443721895234,4.06,78.6896,2.596065873741993
1992-02-01,0.0391116608949756,0.0400860812865433,0.0410339980141799,0.0428408056376815,0.0461582209063104,0.0483457979659535,0.05013904919713,0.0509363216752206,0.0549511628172379,0.0580936843930374,0.0633269837151915,0.0650907872727061,0.0698228204857331,0.0712751604397985,0.074019024387769,0.0752759719623778,0.0768555818947132,3.98,79.3214,2.8225608859705043
1992-03-01,0.0409956161973838,0.0421752196205974,0.0429939517859913,0.0449583538567608,0.0481876787034422,0.0504754664479164,0.0527645833071083,0.0540409448169851,0.0570580787133687,0.0599321633615953,0.0650912170205735,0.067380892203685,0.0710597701136416,0.0732446831710486,0.0745097594526839,0.074659620611076,0.0762184904964183,3.73,79.5506,2.913650296745573
1992-04-01,0.0407403178167672,0.0420144237704477,0.0432029696782841,0.0450946093597668,0.0487116060253776,0.0508539413693592,0.0529107849236277,0.0550385693892953,0.0589687267293336,0.0617087194879974,0.0664905087567231,0.0681961000928903,0.071866498064346,0.0737485668518196,0.0750469999888208,0.0754916041661256,0.0761847426989476,3.82,79.8097,2.625596726528756
1992-05-01,0.0368975744150442,0.0384535310063446,0.0403759129383011,0.0422925278807913,0.0455183178580187,0.0479245830719567,0.0499612721310489,0.0528208946050992,0.0571360996830043,0.0601147337864599,0.0654821443412663,0.0684257705739167,0.071956023957564,0.0734485190900541,0.0758980723652512,0.0772503485746626,0.0780956304087687,3.76,79.8526,2.634138434106004
1992-06-01,0.0380634253524192,0.0397208372950953,0.041183292712289,0.0426732502329424,0.0457953912820224,0.0482487408046829,0.050598399373853,0.0525044929215967,0.0554887472347231,0.0588297001991268,0.0637488345579817,0.0671106169311292,0.0698717115215234,0.0722136057104811,0.0740667926214088,0.0757176484066986,0.0747496418328127,3.25,80.3764,2.811270979332225
1992-07-01,0.0360583726009428,0.037074871641306,0.0387559366737548,0.0399596153176375,0.0422801013340125,0.0439511363441697,0.0461623119891178,0.0479490248542699,0.0508491253178476,0.0543801076192993,0.0597660282725825,0.062899791168756,0.0665846972297838,0.0691985662593919,0.0712374264712495,0.0731216174223458,0.0725783624112236,3.3,79.7617,2.709466987453779
1992-08-01,0.0322530385961037,0.0333511423912627,0.0347263322298792,0.0360268288572947,0.0384271637215265,0.0401689040633872,0.0424093141093385,0.0436970080913622,0.0472565023746976,0.0502162768958344,0.0557979108418714,0.0586450390838759,0.0629626233325527,0.064313656959995,0.0670870374048193,0.0689169534212546,0.0692575985849075,3.22,79.6862,2.524781153450051
1992-09-01,0.0319854607848715,0.0328362107106691,0.033384603563534,0.0342651857579349,0.0363391537099093,0.0380616535959356,0.0395304136924407,0.0408117373694309,0.0440324103258566,0.0468390089720846,0.0527698823614527,0.0554818879397804,0.0607492501336129,0.0630920989768417,0.0659636455035725,0.0680262259363955,0.0671732419966239,3.1,79.9437,2.6951493735946075
1992-10-01,0.0264939059499858,0.0280037882060682,0.0289296500634994,0.0296659895050852,0.0319857193927449,0.0338577707450278,0.0353110785472602,0.0364832757510432,0.039649417829739,0.0426150166977438,0.0484358382891853,0.0522208047218421,0.0565590662347947,0.0600626951461641,0.0631551637535149,0.0655586006771852,0.0654646460759846,3.09,80.0445,2.671602801416717
1992-11-01,0.0307429015310131,0.0331456484750005,0.0347968608536971,0.0364680610000387,0.0391193136967967,0.0419817164247911,0.0434779699023144,0.0444666212147452,0.0480883483786252,0.0514548375509884,0.0574195668308013,0.0600068720193686,0.0642485148251654,0.0659574783164189,0.0694357329704038,0.0703060847099607,0.071850647238401,2.92,79.8526,2.5945997793870967
1992-12-01,0.0337528366613769,0.0355195939703229,0.0371389437733164,0.0385512432332399,0.0423756906744232,0.0449468268434447,0.0464411110314344,0.0476476633604724,0.051848388569495,0.0545717593694536,0.0596747519872466,0.0624456310391236,0.0662500319790181,0.0679738991713295,0.0699612256854446,0.0697421757514528,0.0720267382217167,3.02,80.4309,2.704428621603494
1993-01-01,0.0315216709434002,0.0332829686054335,0.0341462287547494,0.0360504906552133,0.0386240369989208,0.0411365824035166,0.0426465625319376,0.0446838790012913,0.0482899272614455,0.0513474466540353,0.0558900058492901,0.0595042207075853,0.0627438475714394,0.0649360834095452,0.0665024630793154,0.067710539547643,0.0688532040052248,3.03,80.513,2.598850263547625
1993-02-01,0.0297443805773151,0.0315129358273193,0.0324374210177809,0.0344368751810641,0.0370973632425292,0.0385574252447172,0.0399954867020695,0.0415653711670878,0.0447189773267995,0.0477124119193307,0.0520834572083209,0.0558394833627164,0.0595252687985552,0.0610488087503009,0.0642751471611439,0.0662493406876762,0.0669731445855984,3.07,80.2329,2.560803189883898
1993-03-01,0.0300665076744654,0.0310495342467905,0.0315616625780904,0.0329309311127303,0.0345372666361584,0.035693627285203,0.0370749495760368,0.0384296423744924,0.0408770123204555,0.0436334125694229,0.0485948943510814,0.0513661866307762,0.0551555628474825,0.057459887495628,0.0602748047236245,0.0627008591147058,0.0616702435157888,2.96,80.4777,2.557074731855713
1993-04-01,0.0294340204199379,0.0305776796199247,0.0317392814293819,0.0332305579547455,0.0352333767584954,0.036572893649618,0.0379872194094561,0.0390555260736,0.041847980531798,0.0448655599170391,0.0497389263654871,0.0525947196635944,0.0562763671000819,0.0591389155055978,0.061254594994266,0.0627684502651338,0.0635003646905238,3.0,80.2625,2.7372118412100743
1993-05-01,0.0291228447315163,0.0301215786485816,0.0309676162505403,0.0318329877594256,0.0335868280372016,0.034666925201396,0.0359947242403952,0.037076932653633,0.0396905259199325,0.042837576803873,0.0475476288672397,0.0509257912571172,0.0547722518553623,0.0569254209343697,0.0600120259737745,0.0609933829590299,0.0628715478565199,3.04,80.052,2.5902234857458684
1993-06-01,0.0310934476889259,0.0325507072020965,0.0339231574384113,0.0350964433157692,0.0372401817449557,0.0386058639180567,0.0400745457996138,0.0412404595751253,0.042941952555515,0.0459391430455289,0.0500543996991986,0.0528684790984789,0.0556942666923727,0.0583679818838943,0.0606948262372683,0.0616374116501969,0.0636248559200812,3.06,80.1149,2.416409545998355
1993-07-01,0.0303585619357856,0.0315050818236069,0.0327561622594125,0.0338650249111435,0.0361635366819566,0.0372364436506259,0.0385249824948202,0.0395684092424515,0.0419817417314168,0.043714922109647,0.047383683966168,0.0504953071988156,0.0531252645692967,0.0554384795004253,0.0573535925841985,0.0584099882405631,0.0604112452278179,3.03,79.8052,2.454055243754816
1993-08-01,0.031293383027762,0.0329385261277799,0.0338858610455896,0.0356311463054029,0.0372746325959206,0.0388935750143036,0.0404270088113591,0.0415632133982979,0.0439776434026101,0.0458861713207215,0.0489479239691406,0.0521290027907563,0.0544106292747581,0.0562063669853808,0.0575987988208771,0.0585186446840098,0.0602854292918803,3.09,80.2402,2.393546058104312
1993-09-01,0.030553896280328,0.0315989389690841,0.032452356142454,0.0333909550625691,0.0351246762327103,0.0364742632176299,0.0373658062711948,0.0383728651190977,0.0403192653816885,0.0423013270906058,0.0450225078954991,0.0480792303622423,0.0501830881115624,0.0525204735857513,0.0543166815599342,0.0554524809435583,0.0564271663198879,2.99,80.752,2.353842785198146
1993-10-01,0.029691399402734,0.0308941776385463,0.0321695932290555,0.0337240714004448,0.0346486261775528,0.0360547630721498,0.0371670468350755,0.0380440394492831,0.0404088395865504,0.0415179892197527,0.0448421057896963,0.0471223823137274,0.0492634702801764,0.0511442143048483,0.0528717823091021,0.0544148944603733,0.0555018708416592,3.02,80.9708,2.346091408591411
1993-11-01,0.0313801685484178,0.0330756843836144,0.0339823863764571,0.0351951765757086,0.0367391812082832,0.0386506026866104,0.0398021920036804,0.0406695130777452,0.0427317581003779,0.0443493772055127,0.0473375048844994,0.0496103337908534,0.0519714903713258,0.0539103614615325,0.0547581596875909,0.0563761029162072,0.0574412147954414,2.96,81.3076,2.1908501620543364
1993-12-01,0.031678653648137,0.0333519659272317,0.0346633647312403,0.0359159038587014,0.0377700042734021,0.039298593411515,0.0402957105093797,0.0416069612646472,0.043650986508675,0.0453613513616655,0.0489491994756878,0.0513522596965456,0.0539234752580218,0.0560281625881792,0.0577570678278016,0.0592501381075812,0.0603227837142451,3.05,81.1677,1.977243051669464
1994-01-01,0.0310734073425184,0.0331278902703621,0.0345322926080103,0.0370730871766543,0.0387141171712705,0.0402010191934924,0.041237595982108,0.0426731362274549,0.0447292440833222,0.0456124799725044,0.0503315251568525,0.052981406557038,0.0549961767927221,0.0573375361325067,0.0586247482441353,0.0599886799337279,0.0613225076810451,3.25,81.0802,2.059631532384487
1994-02-01,0.0306598334433385,0.0325894539423255,0.0341014660277152,0.0358186572640417,0.0374491549431753,0.0389331406434358,0.0401762442698678,0.041460953056947,0.0434514227155213,0.0451299103321138,0.0482240896227332,0.050983667333206,0.0529630155123852,0.0549671884082764,0.0567398256553956,0.0579001185777715,0.0592971329229392,3.34,81.933,2.1313176685614943
1994-03-01,0.0354679621347542,0.0377726674421912,0.0385153155356801,0.0414784103347544,0.0437413045754045,0.0450094814379616,0.0464130747635411,0.047726795898225,0.0498955142476714,0.0516632570627345,0.0548112388950198,0.0572478196861169,0.0592039381560227,0.0612276048736639,0.0627092554838834,0.0636555191656763,0.0632792087022942,3.56,82.4124,1.980442741723687
1994-04-01,0.0375441556069376,0.04114861396871,0.0449285176206723,0.0476356277213851,0.0501272575018711,0.0521912412494996,0.0538998728429737,0.055277328518242,0.0583586980619797,0.0605367955945108,0.063659451371081,0.0662429154702424,0.0678207570536843,0.070039547305582,0.0710886776143423,0.072539348737456,0.0726324636549985,4.01,82.6321,1.814177690850572
1994-05-01,0.0403734920333778,0.044788937994123,0.0479412558222298,0.0505327246428419,0.052270893675349,0.0539165665351251,0.055828351377478,0.0574315561446145,0.0596627641136962,0.0617160628293759,0.0647548390432894,0.066583660539601,0.0671198291591849,0.0689644259079103,0.0698601193094667,0.0714068912768679,0.0717028400728093,4.25,82.6188,2.0275575398352785
1994-06-01,0.0424831476445212,0.0476330821202316,0.0508482568415377,0.0528130239746088,0.0545536007678087,0.0561603559810888,0.0580812935131141,0.0590351183778442,0.0613462217351093,0.0629888417493338,0.0651480828270243,0.0668593704541221,0.0677378189897622,0.0693151774653823,0.0702732138751345,0.0715144540931399,0.0719697710807449,4.26,82.6498,2.185708357029758
1994-07-01,0.0428732525783006,0.0477604099225209,0.051913355400147,0.0542920316942873,0.055915592125413,0.0577962284418152,0.0596496453401543,0.0608789551608923,0.0621125551967703,0.063970225026558,0.0672469340960522,0.0690492229893872,0.070259041110966,0.0715274116895277,0.0725193105555843,0.0736580527360653,0.0745841018283682,4.47,83.089,2.2464324075494924
1994-08-01,0.0438750982960226,0.048503805425061,0.0515597967278059,0.0533833635991954,0.0550602309000907,0.0567132524898662,0.0583866006439291,0.0595316319297889,0.0610560111213559,0.0625893956928743,0.0652586838483134,0.0670349172536508,0.0681015495050264,0.0691352860069992,0.0701943697854542,0.0713177840287758,0.0726426736923368,4.73,83.1397,2.2532879610043244
1994-09-01,0.0463431108749453,0.0493399039522392,0.0527922926037559,0.054748432395883,0.0562400757024328,0.0578513692584618,0.0592051186735219,0.0605708069117828,0.0622905221829386,0.0635902281611918,0.0658665111794457,0.0675647711246306,0.0686243071414564,0.0698050409861986,0.0707683958423419,0.0718403345542951,0.0726177075070442,4.76,83.6095,2.1056491908989505
1994-10-01,0.0492534028607552,0.0548518678786912,0.057278126389294,0.0597688581819019,0.0608261792924384,0.0630047191342783,0.0643948117022487,0.0656479292782778,0.0676169217481887,0.0689183424756368,0.0711354615971358,0.0728169791829805,0.0735525429329575,0.0745949827707121,0.0756614443531345,0.0767874130118607,0.0772148775761416,5.29,83.9976,2.106242469534969
1994-11-01,0.051698719514428,0.0566177894099071,0.0593193538489325,0.061513895244934,0.0633799419943598,0.0654574581924456,0.0669157302323047,0.0681706431913243,0.0700872837463348,0.0713123548446675,0.0735626235723688,0.0750730333197726,0.0759647205577756,0.076729697869759,0.077918660638217,0.0791112004214344,0.0794605695146759,5.45,84.6166,2.148455368851221
1994-12-01,0.0566387671879037,0.0616208020347611,0.0647707201026159,0.0683229478357208,0.0702993751890305,0.0715578955920553,0.0723934663803033,0.0728842248239476,0.0744879562580715,0.0753268399665463,0.0763952788354861,0.0767922620655246,0.0769961046389688,0.0768525319599612,0.077642154720041,0.0785879322579233,0.0787108689438142,5.53,84.4175,2.321504786293516
1995-01-01,0.0582760870394754,0.0649239928846497,0.0690988133130164,0.0716317471401787,0.073735835996229,0.0744730728138662,0.0750674689556676,0.0758263008473478,0.0768513329820819,0.0770574824026116,0.0774852301814523,0.077547856147378,0.0772817415395572,0.0771346522183959,0.0777928750918959,0.0778826505963784,0.0779099543851203,5.92,83.9078,2.265952916844083
1995-02-01,0.0601694299419099,0.0638978318811229,0.0668877010265814,0.0684808995937426,0.0695286772019829,0.070756925926529,0.0714735357409873,0.07186172756535,0.0730345188442466,0.0738862732502971,0.0740839448377874,0.0744264619354461,0.0751953599035924,0.0753638822508942,0.0757499929956098,0.0756242676848929,0.0760378302874446,5.98,83.8217,2.173286622078652
1995-03-01,0.0587378449565105,0.060867919260598,0.0623616373084247,0.0633035107880102,0.0646427628224856,0.0654768769496168,0.0661633121114203,0.0667687052577383,0.0675659460670709,0.0684059660374822,0.0691133291317586,0.0695979497454764,0.0703109529023251,0.0705591099664322,0.0717693135602621,0.0716354818573614,0.0715242712233326,6.05,83.2082,2.320684692872832
1995-04-01,0.0584677029573407,0.0601458702340403,0.0618525388222532,0.0632053424771221,0.0644153812712088,0.0649936977124916,0.0656080692376897,0.0662576394504692,0.0671335063258643,0.0677015635770589,0.0684627660347997,0.0688969954494349,0.0696246958955458,0.0698716991663617,0.0711291696615249,0.0710784308915709,0.0713198414528606,6.01,83.1916,2.329415679690205
1995-05-01,0.0583802893491388,0.0599258408314066,0.0609991643105408,0.0622298483716152,0.0634167118678194,0.0637732281012428,0.064306771344242,0.0649935086985333,0.065788907092936,0.0665125409058156,0.0675212821841989,0.0680344117770613,0.0683252078302182,0.0687197569767405,0.0703433420638261,0.0703901920122896,0.0712835529749581,6.0,83.2331,2.180408015451452
1995-06-01,0.0560920842123393,0.0560642261271377,0.055635986146392,0.0559700561821913,0.0563003356548048,0.0563645035820331,0.0559591810940431,0.0561515130036588,0.0565775657304374,0.0572326025367505,0.0582770420701389,0.0586320352357625,0.0592143924667842,0.0598803486126612,0.0616719844344352,0.0624101818295991,0.062435940872708,5.85,82.3071,1.9870338893819504
1995-07-01,0.0559976056173003,0.0552029500518886,0.0556945739747841,0.0557379012749581,0.0567525045680856,0.0567268621456666,0.0571841714106273,0.0570835130154829,0.0576124496765502,0.0581079943661143,0.0589403581643872,0.0588485718431541,0.0597364301404333,0.0607282359030269,0.0619448013332801,0.0624355224372663,0.0628250423105915,5.74,82.8963,1.971966263469093
1995-08-01,0.0554500082839966,0.0556152862358893,0.0558391550990143,0.0568148505014537,0.0571495071566746,0.0575573029937716,0.0583692449059685,0.0584737217843878,0.0595753250033425,0.0601456840248287,0.0613221602743816,0.0613363435145841,0.0625910872377333,0.0633494549294531,0.0646305186902235,0.0653481640157276,0.0660314482687968,5.8,83.25,1.929303831624396
1995-09-01,0.0539705533646224,0.0543489577558145,0.0549563319648801,0.0559958761473503,0.0560514943514257,0.0562061540282831,0.0567396978453579,0.0568247455390181,0.0576535508112361,0.0580282789904944,0.0591927844319382,0.0592037229906545,0.0601478454106765,0.0607686674825063,0.0620412071328317,0.0627815257136412,0.0626174023205966,5.76,82.7324,2.0203229523652944
1995-10-01,0.0541939001078045,0.0551329125155796,0.055329025528118,0.0560808123325302,0.0561630813840353,0.0570026295923014,0.0571653875777196,0.0572303287248052,0.0578745468366855,0.0582289239627494,0.0590687437053481,0.0590070837325914,0.0599334117352919,0.0602555712682287,0.0613714450334447,0.0620007588713249,0.0618561560746784,5.8,82.4035,1.8238035490231173
1995-11-01,0.0542505650023692,0.0539989410814377,0.0538043051581076,0.0545131865808394,0.0543498286419755,0.0546530218603312,0.0546631220437652,0.0544329408036702,0.0550760058804505,0.0554907659953604,0.0565680722297528,0.0565724481106685,0.0574625401249378,0.0583299553292933,0.059452374808727,0.0598366163931594,0.0599768720794699,5.6,82.2529,1.9539938200653808
1995-12-01,0.0539126586231653,0.0534302728766167,0.0528843616271862,0.0532404852784002,0.052969178507692,0.053071835176386,0.0528367901286044,0.0524383239347707,0.0530513254407777,0.053292280346943,0.0543327305033909,0.054183101523723,0.0551654077301861,0.0561753941416841,0.0570955284262104,0.0574277060862306,0.056698208255518,5.56,81.2592,1.973870424717328
1996-01-01,0.0511886147300087,0.0510923664863854,0.0512976578278424,0.0513018665196233,0.0513145259262956,0.0513360644039941,0.0514337186089148,0.0511585258650019,0.0518111697596638,0.0519741048205886,0.0531044094405882,0.0533182433235674,0.054125264238742,0.0547534948744429,0.0555151608352844,0.0559886097943769,0.055892620170076,5.22,82.0152,1.95401956993726
1996-02-01,0.0498206452770979,0.0489845777676657,0.0487132986301535,0.0485512647064807,0.0484432913699625,0.0484705629143913,0.0485353364555189,0.0486079839543284,0.0494475634143843,0.0498938536845578,0.0513283062346132,0.0517667687489496,0.0533852008042307,0.0548225157462044,0.05554861939211,0.0564737599785751,0.0563989949782219,5.31,81.4024,2.073623274454484
1996-03-01,0.0494931939710147,0.0488151186734629,0.0495369105912086,0.0500325025755855,0.051376029065036,0.0513729463225061,0.0520005140624727,0.0518356624866824,0.0527913457762338,0.0534355599303065,0.0548962840553451,0.0554457988103057,0.0580672559219584,0.0585256953752273,0.0592773767680272,0.060336542820029,0.0597843022672071,5.22,81.9406,2.11112262572728
1996-04-01,0.051369983696262,0.0515215496159579,0.0525668636588964,0.0540206819449041,0.0552659016347229,0.0558810655071211,0.056549935401605,0.0569672508470198,0.057972824043391,0.0585930566530677,0.0599621557466342,0.060299001151251,0.061000385890674,0.06266057795431,0.0631275206027143,0.0636214771008894,0.0628323546639766,5.24,82.1342,2.1300498144890767
1996-05-01,0.0507251566916107,0.052101297765918,0.0534605752039426,0.0551916340897766,0.0574611985264756,0.058118178987477,0.0591072197111571,0.0594602975604936,0.0604979732498657,0.061476115114124,0.062794156052078,0.0631580793133499,0.0641923384169595,0.0658387413905357,0.0665769651758289,0.0670828987131688,0.0665254805822841,5.27,82.4584,2.0290325915205853
1996-06-01,0.0517729934579929,0.0531953853384914,0.0550677610933123,0.0570724566550832,0.0592361107773516,0.0603172221168704,0.0613479648068952,0.0617222678379477,0.0629629446180866,0.0640067022423269,0.0653699646285433,0.0656000763703718,0.0663438879251386,0.0677414472981061,0.0682175443524975,0.0685771219887079,0.0680115369847508,5.4,82.38,2.11645674168901
1996-07-01,0.0520897351698561,0.0535003926389111,0.0550910303585778,0.0567313759847255,0.058189599114557,0.0588871440049631,0.0604612641992751,0.0605223814366714,0.0614985478684226,0.0626268802163039,0.0636690375112728,0.06417911927616,0.0647389074273729,0.0657420983410717,0.0664926614389316,0.0669387523022193,0.066832321344866,5.22,82.3084,1.9941720138929808
1996-08-01,0.0520859354596545,0.0533048428916812,0.0553209392505451,0.0569639632470501,0.0580922714506593,0.058956911773395,0.0594450437612823,0.0598871010188235,0.0609151986561513,0.061903211257522,0.0629209545137026,0.063334635656197,0.063906754407161,0.0648836184776783,0.0658127173401485,0.0660095231664608,0.066012822441383,5.3,82.4969,2.211927347599074
1996-09-01,0.0527720290271235,0.0549690030592765,0.0566475786794108,0.0586763731312211,0.0605018951876993,0.0618047799483847,0.062022183237957,0.0625859703143235,0.0636748241664559,0.0646023528214542,0.0656955035018376,0.0663913042682016,0.0669032311992987,0.0678147359731396,0.0683794631762203,0.0685673615998189,0.0685296377896881,5.24,82.0128,2.2560912998195626
1996-10-01,0.0504198276569636,0.0524920981778233,0.0543274210923028,0.0563612174308653,0.0573656932101183,0.0583905584799876,0.0591340787948982,0.0594222596786067,0.0605575787915868,0.0613871050894612,0.0627040841023093,0.0631405875487085,0.0640202721786606,0.0652417406867626,0.0657786853000444,0.0659095186577622,0.0660643376619727,5.31,82.3142,2.44099223987444
1996-11-01,0.0513297931793901,0.0523146816125657,0.0531335522259912,0.0545991336283756,0.0555524127978807,0.0561551730174548,0.0566047379214583,0.0570668186352145,0.0579925121435567,0.0588593423661944,0.0600225555888994,0.060434341434372,0.061287778380633,0.063002110763256,0.063144153201227,0.0630339684328054,0.0633362733318764,5.29,82.5699,2.3631039531478937
1996-12-01,0.0504173637839115,0.0516959435908204,0.0522056852870769,0.0533599372203528,0.0545086501855801,0.0546951230502619,0.0550904963614135,0.0553786198058164,0.0560214958675764,0.0565949117383401,0.057201075409611,0.0578600460546068,0.0584001243040495,0.0594699907768867,0.0600712560091476,0.060069089709174,0.0602068055518022,5.25,82.2119,2.268743060830936
1997-01-01,0.0514543292237304,0.0526355231616917,0.053843876117467,0.0551636736416838,0.0567141875732603,0.057649176722602,0.0581857751180617,0.0586463800576927,0.0597012387939514,0.060361517220117,0.0615059188053972,0.0621262753599034,0.0630913635628415,0.0639877824088212,0.0644464488945671,0.0643992233193349,0.0647754496251985,5.19,82.8966,2.320595099183187
1997-02-01,0.0509511474344916,0.0520241814756942,0.0532530450760508,0.0546464754240404,0.0562088147786329,0.0569677093742919,0.0575264337313677,0.057948930612485,0.0589631569199117,0.0596430430946524,0.0604090681556367,0.0612637922495191,0.0622241302700405,0.0628336973284617,0.0636518020486972,0.0637705012808532,0.0641473233811271,5.39,83.2201,2.120203004348009
1997-03-01,0.0516618423606395,0.0531364225379297,0.0545199260918881,0.0560353647061524,0.0579326559525039,0.0585577419429189,0.0594568111047846,0.0602062767950094,0.0610838590048011,0.0617364863429852,0.0626615185723414,0.063286573147437,0.0640362716258745,0.0646793710098389,0.0651347577822085,0.0650633796527415,0.0650148984014055,5.51,82.7028,1.9152421962217003
1997-04-01,0.0526157645943202,0.0543996514791872,0.0570103866225823,0.058934675817863,0.0607892639599246,0.0614868089614592,0.0622394855164048,0.0630871873321199,0.0640652966718497,0.0649522936498651,0.066062547050847,0.0664099329582606,0.0673876778706,0.0678443506262283,0.0684132878295658,0.0683904022701043,0.0679433725051748,5.5,82.788,1.6933943148266015
1997-05-01,0.051986161886874,0.0545961027843814,0.0565680342575477,0.0579865710451694,0.0597870631085871,0.0604981028874584,0.0610521134989216,0.0617937343577609,0.0627321332970642,0.063215396832591,0.0640107726469891,0.064590183165371,0.0655132493362666,0.0657891237011203,0.0664096204515222,0.0665106452662953,0.0660050573651577,5.56,82.7944,1.8251291774616265
1997-06-01,0.0507304043236029,0.0536456655125009,0.0554417699434912,0.0572679226742403,0.0588517987290949,0.0596956842000513,0.0606169053022488,0.0614636753404253,0.0623045714793754,0.0627520812166268,0.0638920348400275,0.0643875225472281,0.0648779271541691,0.0655256446985055,0.0660661862326688,0.0662392758552669,0.0658764334907958,5.52,82.902,1.6710718257579191
1997-07-01,0.0513937748794232,0.0519990398351201,0.0543528197437433,0.0560389245090034,0.0578365735096575,0.0581567040943722,0.0590264178494088,0.059371175849899,0.0603688325630718,0.0609092623459389,0.0622023215768601,0.0624975997186837,0.0631153789515856,0.0637580006325105,0.0642385139439047,0.0643311001417628,0.0637111590026551,5.54,83.3485,1.6550510078928935
1997-08-01,0.0523350868448424,0.0531582956596109,0.0535228161977521,0.0552774483449898,0.0570055570877799,0.0571742098956342,0.0577421111081827,0.0580626125482799,0.0585144187334431,0.0587982619761168,0.0595523275529598,0.0599381458084658,0.0606252503954381,0.0611156856623824,0.0615875548472977,0.0617088934682635,0.0611556927735991,5.54,83.5136,1.6129728485302142
1997-09-01,0.0516846574801941,0.0530090019168936,0.0538322408686949,0.0552940183708089,0.0571294700303076,0.0578055806220597,0.0583418058653335,0.0585488427365876,0.0593085432629622,0.05968603829676,0.0606940454293633,0.0610807096974658,0.0617949377838014,0.0624173260092446,0.0628116367306147,0.0630253556270597,0.0620621863671134,5.5,83.6688,1.4388386004676512
1997-10-01,0.0505302558739796,0.0518085121739811,0.05278725740828,0.0545325029297728,0.0556847519545147,0.0562919302005663,0.0565208070249733,0.0566247141788899,0.0573084297421943,0.0576312056050095,0.0586028640242898,0.0585295097258024,0.0597026023209475,0.0599441412790034,0.0602751377888777,0.0604981694152075,0.0596448448497223,5.52,83.8583,1.2644451763492937
1997-11-01,0.0522238855229422,0.0527912441738775,0.0533701860829956,0.0536139125935982,0.0561125336858969,0.0563815064025756,0.0566272724129377,0.0564206427411354,0.0569270804941932,0.0570737721653816,0.0574076550269971,0.0573380035077732,0.0587211698172009,0.0588862196462502,0.059100684465116,0.0594127006037127,0.0583246038365002,5.5,83.6515,1.1256686786623504
1997-12-01,0.0522200045157562,0.0536075740655484,0.0545817711023755,0.0545607198371039,0.0567968561676446,0.0570170565694408,0.0571596643268223,0.0570593171349625,0.0572543570793118,0.0575672463237559,0.0579355838423015,0.0574504683456185,0.0580620100982663,0.0581213443972564,0.0582247404728082,0.0582961662012927,0.0577789971569792,5.56,83.6492,1.0442111277765953
1998-01-01,0.0525969039396785,0.0531401402711872,0.0533066540154047,0.0536080031577634,0.0549089830094041,0.0550533341717364,0.055028028777525,0.0550143304321458,0.0551800406366754,0.0552865847707935,0.0555133789666211,0.0553394499529907,0.0555916012096035,0.0559798856647638,0.0561149866811162,0.05635109715009,0.0558187209556041,5.51,83.1551,0.7811720431640357
1998-02-01,0.0517846408149809,0.0520577084072741,0.052468164412686,0.0520260123414167,0.0534655072300767,0.0535047429406855,0.0532231378158714,0.0530500120200815,0.0531842223959892,0.0531882480018384,0.0541078375684356,0.0537652253794887,0.0539234807144096,0.0551550028089875,0.0555134301077207,0.0554925848696171,0.0553404610349842,5.49,82.3971,0.6906372374510417
1998-03-01,0.0524802583488527,0.0525625671891242,0.0534498535345371,0.0534732192790958,0.0549303414953983,0.0549520066390631,0.0552337288576581,0.0551064235400536,0.055212515669231,0.0555313781215853,0.0559891730538479,0.0558639506421181,0.0557865959570198,0.0568323657691591,0.0570656006744579,0.0570892745907592,0.0561215818178143,5.45,82.1691,0.7169886476797505
1998-04-01,0.0508677648210255,0.0515899989140443,0.0521218258640172,0.0528399366792964,0.0547573016312199,0.0548235971119768,0.0547582558572845,0.0546466066474502,0.0549110581905461,0.055123006996992,0.055460085866374,0.0549101184003059,0.0555032031919342,0.0559146356040418,0.0560950128229358,0.0560567971640541,0.0550316792211277,5.49,82.0271,0.9009137229227582
1998-05-01,0.0499989808685374,0.0520088433240539,0.0528737266208285,0.0536075423268053,0.0553316341855312,0.0551126242963749,0.0551708202784887,0.0551364252732341,0.0552401085740522,0.0555249959568283,0.0558394785329009,0.0555207167559013,0.0563339926230273,0.0566575746285878,0.0567852069045557,0.0566627921931674,0.0558023397259244,5.56,80.8666,0.6865476461223485
1998-06-01,0.0499401547302732,0.052113589015677,0.0529270894607903,0.0534607708103249,0.0545914441845245,0.0546514168248885,0.0546333164753655,0.0544169050436166,0.0544932202370393,0.0548278472390932,0.0553297087037669,0.0544958336204081,0.0552574861281612,0.0555108381588447,0.05580427453705,0.0558684412271104,0.0543475588400905,5.54,80.0244,0.8750745802199145
1998-07-01,0.050570936980751,0.0515853045893763,0.0526684596286803,0.0534351471421763,0.0541957976968712,0.0541343203370276,0.0540910342634229,0.0537459502735274,0.0540800609154306,0.054403407246207,0.0544865119267399,0.0538817368115571,0.054483003836012,0.0545841449335685,0.054877885228672,0.0548325922816864,0.05349364460859,5.55,81.4968,0.9339957416607536
1998-08-01,0.050808652787473,0.05158033642399,0.0524161532428489,0.0534329803403132,0.0540581350719686,0.0539006785024714,0.0539706026679585,0.0538729365802664,0.0538183103386534,0.0542405555653789,0.0544611409526969,0.0542679589547125,0.0543979802129993,0.0546374962931208,0.0547628308917107,0.054629253277744,0.0536141289788169,5.51,80.9731,0.6329651656754365
1998-09-01,0.0486924435878752,0.0490182326439377,0.0488687232862732,0.0487483850862425,0.0502838749926995,0.0501558573485181,0.0491379431964092,0.0484742476707265,0.04921596635373,0.0498199714822197,0.0502075627107136,0.0497342487240025,0.0508164641603675,0.0502501630966585,0.0511425873618028,0.0510459174848778,0.0500767064093557,5.07,81.2168,0.7226496209978395
1998-10-01,0.0421979217912737,0.0431299204314648,0.0431696019587103,0.0433822769463963,0.0440540025045652,0.0428445384716732,0.042157768967193,0.0413049544414754,0.0418750761196907,0.0418872903569674,0.0419249574085963,0.0420525279687828,0.0424357622041638,0.0424541936141134,0.0431028252259262,0.0428964868598623,0.042955248359014,4.83,80.9192,0.7211946377057687
1998-11-01,0.0443409073671972,0.0448634161193237,0.0441359457502333,0.0443108932695823,0.0448115088603257,0.0443691553227314,0.0440377307715739,0.0432519773520627,0.0445182403603652,0.0447651023060268,0.0453280007711046,0.046348579170113,0.0468360470482605,0.0461163702550546,0.0480089103313556,0.0475831468169061,0.0478348462076036,4.68,81.0067,0.8444010692918225
1998-12-01,0.04461516471568,0.0446795374814472,0.044697312708519,0.0447121735479405,0.0453807678712949,0.0449791566531903,0.044520451681865,0.0440976914598164,0.0447540622080887,0.0446746602522632,0.0455092201744492,0.0447865483048787,0.0465945180674573,0.0457297594209774,0.0470441493571314,0.046684345715803,0.0459834292858396,4.63,80.8313,0.9358742365980444
1999-01-01,0.0444900110309384,0.0450779485268653,0.0450718599078397,0.0448028782226937,0.046155521785248,0.0461358661674865,0.0458233331608421,0.0454130331437649,0.0459804986418363,0.0459309216534619,0.0463901644022659,0.0461386140079383,0.047191056587438,0.0469957566221387,0.0476892359437166,0.046732879183971,0.0462415406678475,4.76,81.1755,0.932120680631976
1999-02-01,0.0447423314684991,0.0448492696837765,0.0453593638551512,0.0452424417843123,0.0466034332379102,0.0465996045014678,0.0464164910175766,0.0459912519413804,0.0465106956610965,0.0467812549348368,0.0469782127697949,0.0465287229225764,0.0476337946884039,0.0479070119028779,0.0483699054366082,0.0475023794188862,0.0470324089596026,4.81,80.8083,0.9927874416631566
1999-03-01,0.0466351983326783,0.0470408739781744,0.0478580558928706,0.0501090069658639,0.0510954143148688,0.0512737210320136,0.0516482047895675,0.0514918387564862,0.0520657421734954,0.0526050151712444,0.0532705168722759,0.0529169085986997,0.0544727082800599,0.0546333353579521,0.0549174619474776,0.053906169924577,0.0532940374074302,4.74,80.7354,1.3545580383626632
1999-04-01,0.0439157406340455,0.0444776406143588,0.0449019455601665,0.0482944851695485,0.0488010148627049,0.049474472233629,0.0494979771738516,0.0496074705260061,0.050358747152726,0.0511000403571063,0.0518976197939186,0.0521031401340288,0.0534776208782042,0.0539399887880487,0.0541843319589605,0.0533010500013498,0.0524378708912776,4.74,81.0344,1.2821778686790353
1999-05-01,0.0456643369107571,0.0460723708059889,0.0460214180076185,0.0476627916966892,0.049412796017721,0.0496839515459187,0.0499936355966009,0.0502172610446011,0.0507601078166558,0.051350371408076,0.0521294438074599,0.0525987941782757,0.0534541820557056,0.0536196868358024,0.0538481881930772,0.0535992204833819,0.0533636725873598,4.76,80.4957,1.3990259052728105
1999-06-01,0.046991691499471,0.048769351441601,0.0487540360868944,0.0521590755920752,0.0531968047287356,0.0534220264296855,0.0544254386403017,0.054685256574589,0.0556013733688175,0.0566988856052278,0.0574178349226647,0.0579140549356053,0.0590460123928531,0.0592358720736398,0.0589951164507132,0.0581285918129479,0.0564773445219691,4.99,80.4847,1.4181101253344377
1999-07-01,0.0461761063326317,0.0492641389876673,0.0485115135369055,0.0525801923669392,0.0540494353660756,0.0542803391133513,0.0548333635940365,0.0551405166671621,0.0555386919885518,0.0559574920900408,0.0569162226929172,0.0580783123949423,0.0587911110656257,0.0591593505415564,0.0591723679990193,0.0587000667286985,0.0575836626389821,5.07,80.634,1.4625639871744367
1999-08-01,0.0476859970469609,0.0486691786775454,0.0489460007325222,0.0519552070068952,0.0541062605376314,0.054524538548461,0.0554137963396752,0.0559396948230861,0.0565967852405252,0.0571158510852226,0.0584955373450629,0.0593698354881868,0.0602845614274327,0.0606305831269393,0.0603607459749019,0.0595651164209898,0.0583262763946429,5.22,79.9785,1.885544626901381
1999-09-01,0.0489342135276228,0.0511475822349772,0.0507760454199059,0.054635258711972,0.0554504177796425,0.0562097282093711,0.0567426476036452,0.0566678634571919,0.0573563338456449,0.0577564204595507,0.0592052323881863,0.059651831911729,0.0611105622179948,0.0613959143012274,0.0611402412071566,0.0603653762668911,0.0586518840847413,5.2,80.7666,1.8336773233365689
1999-10-01,0.0482254195036088,0.0494519121430607,0.0506588935056557,0.0546955453545847,0.0554742930743644,0.056291141842782,0.0567726761779543,0.056457594716015,0.0573031942873819,0.0575912226861501,0.0591364650333905,0.05984769964898,0.0605649061463708,0.0616882536960871,0.0611830370797513,0.0605422475230134,0.0587729169009996,5.42,80.9602,1.920646954763705
1999-11-01,0.0507967017305813,0.0523207313867784,0.0529214504987214,0.0554137061868757,0.0559685885326876,0.0571047603669394,0.0575318110913492,0.0575408202532331,0.0583011526136375,0.0583076528646409,0.0599632357006277,0.0607323799051004,0.0604903224637972,0.0615846984226793,0.0612312801041094,0.0607926071356598,0.0596318181027757,5.3,81.1849,2.0547560941400977
1999-12-01,0.0520662141434004,0.0547137804217516,0.0558391108018334,0.0578556881320036,0.0585367451965526,0.0588491583716445,0.0592666907510927,0.0594086911012989,0.0596821406567025,0.0598818552431683,0.0610329172883295,0.0615649412014381,0.0614942456982611,0.0622824468917961,0.0620837398508003,0.0617593475349071,0.0613354872431643,5.45,80.8292,2.1891369506148672
2000-01-01,0.0539896731750701,0.0569350260386459,0.0595789489340865,0.0598199313205984,0.0621884357597995,0.0626768722075582,0.0628711722734647,0.0628901046607784,0.0631782003898072,0.0636260666450992,0.0645516254592962,0.0653208824273737,0.0653739508692988,0.0658731986689516,0.0657410418466571,0.0655300070771602,0.0651918755067633,5.73,80.6792,2.5687379130580945
2000-02-01,0.0564240621506513,0.0584348797674187,0.0611431037045259,0.0624706706219247,0.0639277496035238,0.0646582683084999,0.0649655938747964,0.0648386334920117,0.0652611980830164,0.0655659894542387,0.0656180990019019,0.0664913559094675,0.0660966971832684,0.0659154104974603,0.0654858923783331,0.0655356287601827,0.0650343730419441,5.85,80.8587,2.930879964151667
2000-03-01,0.0571160798195804,0.0592599578917384,0.0610728953529548,0.0608252068150373,0.0631403509265585,0.063611268704708,0.0642785101878356,0.0642153949546023,0.0644789500127515,0.064828040375203,0.0646640209026836,0.0654955623906703,0.0654036514606279,0.065243637007999,0.0647686780184231,0.0644190934982256,0.062169538381686,6.02,81.0265,2.350990147302689
2000-04-01,0.0582300768042282,0.0605990318450231,0.0610430955290723,0.0620524246514506,0.063242923217224,0.0633332874693275,0.0632317828121252,0.0633688004541668,0.0631257119845024,0.0629067324071867,0.0621386824024671,0.0621309538416159,0.0618014881550305,0.0611487568166811,0.0606740987469189,0.0600324827987268,0.0600439623438697,6.27,80.701,2.368948805080495
2000-05-01,0.0586228064224666,0.0613361170506624,0.0618923508803541,0.0646245075235856,0.0658944242705355,0.06601023917233,0.0663867788309835,0.0662282745010453,0.0657396505818736,0.0655242313816981,0.0653399361586412,0.065029484907515,0.064765077453938,0.0642985889707482,0.0633736664832295,0.0625709091347976,0.0609810873630886,6.53,80.5159,2.684264750925869
2000-06-01,0.0566672232391655,0.0615946013905791,0.0603305382573748,0.0622885621877502,0.0658556850926587,0.0656098524711694,0.0656328159726447,0.0651251000650182,0.0651962216951653,0.0643600227548616,0.0642757648427195,0.0636112604475334,0.0635077890950968,0.0629777165902832,0.0621462869996748,0.0613560167078393,0.0602457917084231,6.54,80.2704,2.668814307732892
2000-07-01,0.0590459645335175,0.0615050025381659,0.0605591559071502,0.0618354869368748,0.0633717999614965,0.0630173851038161,0.0629590766215989,0.0622143089744284,0.0622707243013773,0.0618926332032245,0.0615838099442781,0.0610456722819105,0.0611103837404752,0.0608266218153399,0.0602855121113172,0.0596296137737098,0.0586394337974132,6.5,79.4606,2.475467095414974
2000-08-01,0.0618557144994176,0.0627634801862477,0.0621673740934737,0.0632239588551171,0.0632272927976778,0.0626655803449405,0.0624606367037223,0.0616394553132682,0.061689421307931,0.0615914411526052,0.0612255524779264,0.0607787717744509,0.0605372400240637,0.0601645044152808,0.0596876614684395,0.059226231814058,0.0585999676815252,6.52,79.5715,2.548096178546277
2000-09-01,0.0621833661717146,0.0623098773498947,0.0618500902366569,0.0608942150662654,0.0614320674701288,0.0610413045825078,0.0604305324439975,0.0599879145095995,0.0596297923946585,0.0595747824717168,0.0590912049856316,0.0586991475756842,0.0585900153138519,0.0582038349770246,0.0576347439584359,0.0574590826699733,0.0553816592234315,6.51,78.9447,2.5148561265149194
2000-10-01,0.0617991819662504,0.0621151249831512,0.0611172992097886,0.0607949281392086,0.0611336021882152,0.0606489565317665,0.0597147579641827,0.0589198850953657,0.0587336816444627,0.0586210116377003,0.0581006634442128,0.0578591053488849,0.0585564019876017,0.058557062404633,0.0583819386742878,0.0585050192302892,0.0572035029799997,6.51,78.447,2.5663277956855968
2000-11-01,0.0631311757457523,0.0624570430757191,0.0613434390903082,0.0616012861722972,0.0609396449028991,0.059972811250822,0.0588213591796286,0.0578845525006361,0.0580994329558712,0.0579731669331083,0.0574227960513687,0.056794294651229,0.0575406883664945,0.0575095569027951,0.0573336407497747,0.0573661901441738,0.0564953116019723,6.4,77.6908,2.4847793521432404
2000-12-01,0.061692065930326,0.0607824461010309,0.0595117936751803,0.0584157983978786,0.0588994214214013,0.0575888995738782,0.0564603109616713,0.0554678107884243,0.0553078448942395,0.0554850739953923,0.0549638198989388,0.0540058180839536,0.0548747652198286,0.0546691506721321,0.0546295611020516,0.0549522448755396,0.054460739646742,5.98,77.1264,2.7014432367977514
2001-01-01,0.0582285887717125,0.0551551622431052,0.0522457818383467,0.0516243985323101,0.0513418204512599,0.0504368364265882,0.049113544652834,0.0482646739141685,0.0484784240736542,0.0486042713757182,0.0482305001221249,0.0477395701044355,0.0489032224950766,0.0492086183246687,0.0492549186020977,0.0494786960565473,0.049005791448671,5.49,76.3313,2.537197196376595
2001-02-01,0.0496984092843573,0.0477722211204769,0.0458807348718358,0.0467972698789183,0.046623817805013,0.0462277573664947,0.0459562587259769,0.0455548958469783,0.0465610690123587,0.0468788411511253,0.0479172328557571,0.0481968065574776,0.0492053236388791,0.0498677290926123,0.0503303182679507,0.0510149242996447,0.0510656845816269,5.31,75.9107,2.1087000884293827
2001-03-01,0.0481543640378325,0.0463652766666592,0.0451817171563185,0.0441132130725929,0.0451308506050567,0.0447621893440778,0.0444993043632638,0.0441171840438385,0.0450229606647654,0.0455653775000455,0.0464951654745452,0.0469136673373171,0.0479541859124278,0.0488590545113301,0.0492611556299656,0.0500016098865188,0.0483129627263251,4.8,75.3521,2.373236751810892
2001-04-01,0.042373692560189,0.041077518914785,0.040847543491157,0.0410783903775984,0.0415893744300101,0.0416617140842055,0.042078907443192,0.0422022767385559,0.043541365845039,0.044230588320656,0.0456987502275877,0.0466318120657804,0.0480328714050497,0.049097277476831,0.0499345235676165,0.0508395832195714,0.0497001278540748,4.21,74.7304,2.5576491395143286
2001-05-01,0.0386936692636167,0.0386152094098425,0.038273197605382,0.0398138716666094,0.0406244847959506,0.0411639337418343,0.0418078620463991,0.0423311607433175,0.0444750769486249,0.045807962638421,0.047887580953272,0.0489333098621563,0.0505320907457989,0.0516984968445338,0.0528463719607111,0.0536881249343256,0.053117994575446,3.97,74.097,2.391734685576364
2001-06-01,0.0364879606352268,0.0356408650145293,0.0358315142316947,0.0382604459486619,0.0399301541434398,0.0408125854557383,0.041946179527139,0.0424169890866996,0.0448690984287639,0.0465762706959798,0.0489106842665935,0.0499411198163598,0.0514853904863402,0.0523178223610941,0.0535155855598067,0.054203623506445,0.0540141961309639,3.77,73.5073,2.1017325092305805
2001-07-01,0.0362713304073194,0.0357261576445767,0.0361287250282092,0.0378231321246286,0.0392390673584718,0.0402142431492451,0.0412629148272852,0.0414981412312515,0.0436514560019715,0.0453816578266975,0.0479944193690204,0.0496718467647094,0.0507392794759125,0.0519737766858046,0.0531336907888835,0.0536872842434142,0.0537394330898915,3.65,73.0372,2.096464414207256
2001-08-01,0.0350036491166627,0.0342834243815359,0.0345704063182527,0.0350366637206644,0.0357479792837301,0.0366193481043904,0.0376830515294897,0.0379922973450029,0.0403621897137638,0.042478637608022,0.0452763148498581,0.0467749711248628,0.0479364735179026,0.0491711367043021,0.0503887395951895,0.0509503140646729,0.0514977230709587,3.07,72.5829,1.3130959435436296
2001-09-01,0.0342635332228675,0.0338213249628176,0.0340645700227353,0.0343144788493179,0.0350616412029817,0.0363551014564013,0.0369546367998006,0.0375925869748334,0.0397893587369103,0.0419809825189049,0.0446898893758605,0.0461908417508713,0.047677029393302,0.0488254670822744,0.0500183401979938,0.050618624916863,0.0497012755993754,2.49,72.1596,1.531881699460702
2001-10-01,0.0234429215949923,0.0236092000424321,0.0241493355426786,0.0246841486898791,0.0252143209382651,0.0263096107568019,0.0272795532405654,0.0279517829728098,0.030442698834401,0.0337445885611808,0.037284424840426,0.0400049312240565,0.0419327675763081,0.0436315650566968,0.045498373771509,0.0464443723636698,0.0462212814231625,2.09,71.7544,1.321568153430852
2001-11-01,0.0206055361571247,0.0196944112551701,0.0201727286648303,0.0207836412894743,0.0214688681979578,0.0229423138678248,0.0242290646605678,0.0248632044198483,0.0279575394899466,0.0304425576756065,0.0341763124567883,0.0372045882823431,0.0390987629530533,0.0406105028569117,0.0425067187841391,0.0430546607853628,0.0434736597807981,1.82,71.7863,1.0620750693969505
2001-12-01,0.0177005445166728,0.0179706834820212,0.0190785800260963,0.0201971520977111,0.0219279250778831,0.0241398243676484,0.0263695071847011,0.0277863202418418,0.0312379943661242,0.0343172876712136,0.0383988975737983,0.0403320634593205,0.0435481824581795,0.045398192301663,0.0472730959044115,0.0476335008362845,0.048267944817717,1.73,72.1618,0.6659371163187933
2002-01-01,0.0172931766375661,0.0183316190958157,0.0202269614366381,0.0220836540877141,0.0242408042315158,0.0270633695914709,0.0296589362306689,0.0320400529517558,0.0366055565286235,0.0395317345300914,0.0437330758125923,0.0457702316558425,0.0484191956837288,0.0502491482999823,0.0522739474303857,0.0522572821869383,0.0529591235056656,1.74,72.088,0.679565078349853
2002-02-01,0.0174683133009804,0.0185790921064478,0.0205783107429401,0.0225118329017968,0.0242329130713906,0.0261020703156974,0.0284350132612107,0.0306938334760993,0.0345482216552024,0.037232097381038,0.041720737421877,0.0444256108753078,0.0465230377420358,0.0482716919573017,0.0501012590456767,0.0502377814705213,0.0512539747319707,1.73,72.5091,0.9433082406235416
2002-03-01,0.0178456870391732,0.019008415408887,0.0210510380840113,0.0230514085330146,0.0252103671585761,0.0275271584417088,0.029717046052023,0.031768480767889,0.0350907339093085,0.0375225906197035,0.0420611994902647,0.0447130144841704,0.0467015323264835,0.0486353259969845,0.0505305697620192,0.0506067220487639,0.0502857246814295,1.75,72.6845,1.1877053213986466
2002-04-01,0.0179360942789366,0.0212640390006792,0.0240451583465901,0.0267383157571687,0.0298519103636006,0.0322522451479956,0.0350714222655157,0.0370433959406872,0.0408106756220072,0.0431190247944957,0.047375826810723,0.0502139296572049,0.0517316164632317,0.0531269328841491,0.0548160023297253,0.0549220338726142,0.0547566588760146,1.75,73.0064,0.9882602639782244
2002-05-01,0.0176623421577792,0.0188191070513148,0.0206801178595529,0.0225348518662771,0.0250016960550395,0.0272823109420467,0.0299058286910511,0.0318842430433862,0.0354298692436099,0.0380622150763505,0.04238352025477,0.045525488932879,0.0474642378903527,0.0490789482828931,0.0506832932838898,0.0511291354277561,0.0515250618137009,1.75,73.7004,0.9362006409068035
2002-06-01,0.0173539136861456,0.0188696455307291,0.0206375042814959,0.0223577332974625,0.0246108112805611,0.02717043003183,0.0292480035391835,0.0312747685941675,0.0342149858751939,0.0366778925718939,0.0405495781231286,0.0436085339561993,0.0459259573812828,0.0479549492623769,0.0496484942323836,0.0503982189857575,0.0513686705857706,1.73,73.6162,1.1921635118487872
2002-07-01,0.0170423090765523,0.0175781377202225,0.0185869723671933,0.0195949748223467,0.0212413821977596,0.0236765047543573,0.0263969693667022,0.0282844692506503,0.0311406818070726,0.0341406042045534,0.0382497316311408,0.0410778168571296,0.043478680533607,0.0457754200491442,0.047424361430466,0.0483357339348469,0.0494385620159938,1.74,73.6831,1.402946319749887
2002-08-01,0.0166393011517582,0.0164531010416104,0.0165001817719312,0.0165472625022519,0.0163708331674192,0.0184229138913403,0.0195123885124236,0.0211754445521018,0.0240984371434869,0.0271081490723628,0.0319258244291992,0.035381759267155,0.0382470771436911,0.0413512942529727,0.0433651697015903,0.0446491992816775,0.0462555328105955,1.75,73.7166,1.9328166748640685
2002-09-01,0.0160283889828157,0.0158904599025783,0.015977341876766,0.0160650683633684,0.0163539312273764,0.0175390765521479,0.0185022934763648,0.0197324130610675,0.0214564033057562,0.0233348778654703,0.0276316961149146,0.0308922222091374,0.0340197572409076,0.0376275691700811,0.0388569480022841,0.0401666196227302,0.0407533599807991,1.75,73.5323,1.7604514385630263
2002-10-01,0.0157315719497268,0.0152618903188437,0.0153174628946599,0.0153581500218577,0.0156271219375527,0.0165270161092353,0.0172459751206064,0.017773260416932,0.0196756830702124,0.0217565631842197,0.025537049449258,0.0283473774658014,0.031536954770595,0.0346941407134242,0.0363460885197765,0.0377700844907784,0.0385375638868718,1.34,73.9162,1.9299850214074648
2002-11-01,0.014219898707843,0.014158596270849,0.0143949390307082,0.0146236481473703,0.0151631305876897,0.0161810148729036,0.0170704836077726,0.0176797870835759,0.0203535652187056,0.022462747589731,0.0266151950380452,0.0299612097061734,0.0332964890743159,0.0370645069603922,0.0390800414832033,0.0406045337350002,0.0419148303876644,1.24,73.4884,2.13367302257077
2002-12-01,0.0122580754232469,0.0130882843314919,0.0142101011550354,0.0153435162886322,0.0165250834803622,0.0180800184654856,0.0195560757439076,0.0207331744813552,0.0235976538985589,0.0261833943148544,0.0305918611813696,0.0335189913771324,0.0368653053477803,0.0400736973178137,0.0417092909908579,0.042893471477146,0.0432058740565638,1.24,74.1095,2.34651535840702
2003-01-01,0.0120917997261093,0.0124254960823878,0.0130565882188127,0.0136336199323577,0.0142364182702484,0.0152456715032737,0.0163603793393611,0.017756755490022,0.0201950006009735,0.022404963749395,0.0270746201966975,0.0305337490542453,0.0336699355753552,0.0372757695320477,0.0390040491447992,0.0407101091921879,0.0417549372332553,1.26,74.0295,2.6046216151830226
2003-02-01,0.011919622707173,0.0122459346835334,0.0125943811546238,0.0129338525920882,0.0138294998447623,0.0148555386748054,0.0159064846185617,0.0172650616308115,0.020006125040845,0.0225585775602296,0.0274484885235394,0.0309441619136563,0.0341164405155536,0.0373764904997866,0.0388841389416558,0.040423161869006,0.0415929772184419,1.25,74.1193,2.589654580732015
2003-03-01,0.0118844167894446,0.0119146489660484,0.0120929034770811,0.0122843311518554,0.0125610270872844,0.0132118805331204,0.0139774542712929,0.0149862214115957,0.0171019199565258,0.0191846608648087,0.0235170271142938,0.0270344056244266,0.0302120362569099,0.0334712255223935,0.0353261381390353,0.0372166095352564,0.0379357369902353,1.26,73.6009,1.988696109358568
2003-04-01,0.011062925756458,0.0109621226631309,0.0112318312812676,0.0115059351045251,0.0121537711227765,0.0128297355707417,0.013783097956569,0.0147898896988491,0.0170555120989009,0.0197264609160751,0.024542499690085,0.0283398022054996,0.0314507658157786,0.0349180406990641,0.0368843078695762,0.0387006958331267,0.0395425929430986,1.26,73.6471,1.80480756600554
2003-05-01,0.010943694645596,0.0111361030303681,0.0112659093580177,0.0114586491821362,0.0118988520462073,0.0126270609978607,0.0137458218771793,0.0147078640891413,0.0170662468119603,0.0195798125564187,0.0246463088393207,0.0287678148769452,0.0316286179671574,0.0349601932443101,0.0370070512604698,0.0387915112714747,0.040049047891647,1.22,73.9947,1.788127254837657
2003-06-01,0.0110193061514834,0.0109866066463466,0.011145557411219,0.0113083491746439,0.011483633448173,0.0118829449835711,0.0122480715053625,0.0130666588429556,0.0143238146597178,0.0161499748782507,0.0201562558826814,0.0238090777017582,0.026998788755097,0.0304223375128357,0.0325883137693096,0.0342808441417755,0.0352880059546433,1.01,74.2472,1.8627361145654664
2003-07-01,0.0086491690465402,0.0093642097116155,0.0098810904349595,0.0103940267946192,0.0108679323446266,0.0113949785077606,0.012125334718301,0.0129725364679264,0.0148029923329392,0.0172839375869523,0.0213772721619346,0.0252253663124349,0.0283878109757303,0.0318142548003627,0.0340614803173174,0.0357049310540445,0.0369290649086243,1.03,73.9161,2.0067151797029004
2003-08-01,0.0092020689630928,0.010195332297634,0.0110813989974114,0.0119553872244481,0.0134702735624265,0.0151288759661896,0.0164592752939389,0.0177121496497046,0.0208627601917711,0.0243003815309185,0.0293646058091896,0.0336406473399834,0.0374428053693121,0.0410685700509761,0.0433772236116525,0.0449576358222606,0.0455370281983066,1.01,74.5478,2.141338793182146
2003-09-01,0.0097598290617155,0.0106005510257209,0.0118661123447168,0.0131202991128377,0.0151182619652212,0.0167486731075621,0.0184312683688596,0.0204355462021974,0.0233966631610224,0.026554267522428,0.0322649674548985,0.0366051565299992,0.0401568071885714,0.0429754542271369,0.0451057388599238,0.046420729394998,0.0472860766908327,1.01,74.647,1.9682118170812668
2003-10-01,0.0093539383694131,0.009911271150933,0.0101846997000997,0.0104547374066031,0.0112024678777745,0.0118819518927857,0.013036559786429,0.0145217802486693,0.0168343807469939,0.0195954400701707,0.0243754309632595,0.0287167976434746,0.0322568685752994,0.0352497633546189,0.037757999202917,0.0393872125079564,0.0411307799951574,1.0,75.3087,1.996176703902619
2003-11-01,0.0094978652994985,0.0104430068443957,0.0117443557586463,0.0130445663708856,0.0138804575238495,0.0155963913945454,0.0172989775500488,0.0187601671777612,0.0215337296095115,0.0244322202456529,0.0292504633581535,0.033619538638852,0.0372010852462139,0.0398200239650812,0.0421109176180331,0.0434909808439588,0.0453386680645424,0.98,75.2623,2.122877447350291
2003-12-01,0.0092259100579591,0.0104845561989288,0.0126461035473807,0.0147912673845495,0.016180469132477,0.0177164303350525,0.0191420056143193,0.0209165332721965,0.0236720432144369,0.0262373427950586,0.0306974170070532,0.0346285721368463,0.0380485874640532,0.0405483108422549,0.0426350088410011,0.0437452032672733,0.0451055369437098,1.0,75.2136,2.212406575044379
