month,month_str,date_month_start,date_month_end,FFR,CU,PCEPI,PI,DFF,T10Y2Y,BAA,AAA,major_dollar,can10,deu10,gbr10,fra10,global10y_pc1
1972-01,1972-01,1972-01-01,1972-01-31,3.3,81.8563,21.098,3.9515175404020386,3.13,,8.23,7.27,,6.87,7.3,7.05,8.33,0.6895610450066799
1972-02,1972-02,1972-02-01,1972-02-29,3.83,82.2062,21.128,3.7568138290035913,3.25,,8.24,7.24,,7.07,7.4,7.39,8.07,0.7435418278838793
1972-03,1972-03,1972-03-01,1972-03-31,4.17,82.8926,21.16,3.5073130166805244,4.0,,8.24,7.3,,7.32,7.7,7.44,7.92,0.8151504000346133
1972-04,1972-04,1972-04-01,1972-04-30,4.27,82.8225,21.207,3.307677318784119,4.31,,8.23,7.3,,7.33,7.8,7.85,7.9,0.8796362025400682
1972-05,1972-05,1972-05-01,1972-05-31,4.46,82.893,21.239,3.006935350889961,4.75,,8.2,7.23,,7.39,7.9,8.95,7.83,1.027847678151528
1972-06,1972-06,1972-06-01,1972-06-30,4.55,82.6441,21.315,3.065615782602382,4.5,,8.23,7.21,,7.48,8.0,8.9,7.8,1.0469899564559406
1972-07,1972-07,1972-07-01,1972-07-31,4.81,83.5285,21.377,3.066390241550554,4.5,,8.19,7.19,,7.46,7.9,9.05,7.86,1.0529792138112162
1972-08,1972-08,1972-08-01,1972-08-31,4.87,83.9714,21.473,3.3747352204891223,5.13,,8.09,7.22,,7.48,7.9,9.29,7.83,1.080977505763108
1972-09,1972-09,1972-09-01,1972-09-30,5.05,84.9134,21.497,3.3310901749663557,4.88,,8.06,7.21,,7.34,8.0,9.1,7.91,1.0646705267474281
1972-10,1972-10,1972-10-01,1972-10-31,5.06,85.7175,21.561,3.4249532306806607,4.88,,7.99,7.12,,7.18,8.4,9.09,8.02,1.119630804260687
1972-11,1972-11,1972-11-01,1972-11-30,5.33,86.5759,21.63,3.349419465812997,5.19,,7.93,7.08,,7.12,8.6,9.36,8.28,1.2069273165893508
1972-12,1972-12,1972-12-01,1972-12-31,5.94,86.9787,21.695,3.235783963835348,5.5,,7.9,7.15,,7.12,8.6,9.17,8.33,1.1900221569980893
1973-01,1973-01,1973-01-01,1973-01-31,6.58,88.0795,21.809,3.369987676557029,6.5,,7.97,7.22,108.2242,7.18,8.6,9.33,8.38,1.2233252311624847
1973-02,1973-02,1973-02-01,1973-02-28,7.09,87.9606,21.964,3.9568345323740983,7.5,,8.03,7.29,101.4009,7.3,8.6,9.78,8.53,1.3113959894514173
1973-03,1973-03,1973-03-01,1973-03-31,7.12,87.5274,22.127,4.569943289224954,7.38,,8.09,7.26,100.4158,7.34,8.8,9.66,8.62,1.3456834126490471
1973-04,1973-04,1973-04-01,1973-04-30,7.84,87.814,22.236,4.852171452822174,7.63,,8.06,7.29,100.776,7.58,9.2,9.74,8.69,1.4616756637101207
1973-05,1973-05,1973-05-01,1973-05-31,8.49,87.5399,22.363,5.2921512312255725,8.13,,8.13,7.37,98.8659,7.76,9.9,9.88,8.88,1.6396307127896095
1973-06,1973-06,1973-06-01,1973-06-30,10.4,87.5919,22.444,5.2967393854093325,8.88,,8.24,7.45,97.8543,7.75,9.9,10.43,9.15,1.7359404163193277
1973-07,1973-07,1973-07-01,1973-07-31,10.5,87.078,22.703,6.202928380970207,11.22,,8.53,7.68,95.9269,7.8,9.8,11.22,9.33,1.8423885993960782
1973-08,1973-08,1973-08-01,1973-08-31,10.78,87.4473,22.793,6.147254691938708,11.22,,8.63,7.63,98.2357,7.82,9.6,11.48,9.42,1.8542860565735808
1973-09,1973-09,1973-09-01,1973-09-30,10.01,88.0325,22.922,6.62883193003676,10.82,,8.41,7.6,97.4766,7.63,9.7,11.29,9.5,1.8311113289672272
1973-10,1973-10,1973-10-01,1973-10-31,10.03,88.3454,23.11,7.184267891099672,10.61,,8.42,7.67,97.0417,7.37,9.4,12.08,9.5,1.841219178931141
1973-11,1973-11,1973-11-01,1973-11-30,9.95,88.0841,23.3,7.720758206195111,10.34,,8.48,7.68,101.2777,7.69,9.6,12.64,9.65,2.002554023829139
1973-12,1973-12,1973-12-01,1973-12-31,9.65,87.1054,23.523,8.425904586310207,9.83,,8.48,7.83,102.0751,7.74,9.6,13.0,10.21,2.1184089432598507
1974-01,1974-01,1974-01-01,1974-01-31,8.97,86.4706,23.797,9.115502774084083,9.31,,8.53,7.85,106.2552,7.73,9.9,13.46,10.48,2.252832375047849
1974-02,1974-02,1974-02-01,1974-02-28,9.35,86.1093,24.073,9.602076124567493,8.87,,8.62,8.01,103.7635,7.92,10.5,13.51,10.69,2.407418490609556
1974-03,1974-03,1974-03-01,1974-03-31,10.51,85.4785,24.243,9.56297735797893,9.95,,8.87,8.25,100.1773,8.59,10.4,13.82,10.7,2.521490672211946
1974-04,1974-04,1974-04-01,1974-04-30,11.31,85.8682,24.482,10.100737542723515,11.0,,9.05,8.37,99.0842,8.87,10.6,13.33,10.8,2.545553620816975
1974-05,1974-05,1974-05-01,1974-05-31,11.93,85.6518,24.69,10.405580646603774,11.64,,9.27,8.47,99.563,9.26,10.7,13.81,11.45,2.749378040171374
1974-06,1974-06,1974-06-01,1974-06-30,12.92,85.4232,24.872,10.818036000712894,13.31,,9.48,8.72,99.9568,9.66,10.8,14.17,11.4,2.8579108705437464
1974-07,1974-07,1974-07-01,1974-07-31,12.01,84.4351,25.132,10.699026560366477,12.06,,9.77,9.0,101.7035,9.73,10.8,14.52,11.4,2.9094926540175385
1974-08,1974-08,1974-08-01,1974-08-31,11.34,84.2268,25.393,11.407010924406613,11.6,,10.18,9.24,103.8198,9.76,10.8,14.17,11.38,2.8692956112931403
1974-09,1974-09,1974-09-01,1974-09-30,10.06,83.4984,25.575,11.574033679434592,11.11,,10.48,9.27,103.3748,9.42,10.8,14.61,11.14,2.8471442768262936
1974-10,1974-10,1974-10-01,1974-10-31,9.45,80.8351,25.767,11.497187364777162,9.66,,10.6,8.89,103.1452,8.92,10.5,15.76,11.17,2.870979058948234
1974-11,1974-11,1974-11-01,1974-11-30,8.53,77.0007,25.971,11.463519313304715,9.47,,10.63,8.89,102.6159,8.84,9.9,16.32,11.21,2.8340288188927967
1974-12,1974-12,1974-12-01,1974-12-31,7.13,75.2764,26.132,11.091272371721296,3.87,,10.81,8.83,101.5441,8.42,9.4,15.07,10.9,2.5085123838179926
1975-01,1975-01,1975-01-01,1975-01-31,6.24,73.064,26.274,10.408875068285916,6.76,,10.65,8.62,100.3256,8.2,8.9,13.33,10.69,2.163467015640064
1975-02,1975-02,1975-02-01,1975-02-28,5.54,71.9398,26.363,9.512732106509358,6.07,,10.48,8.67,98.9686,8.26,8.9,12.24,10.34,1.9998730488552094
1975-03,1975-03,1975-03-01,1975-03-31,5.49,71.8607,26.452,9.111908592170948,5.39,,10.58,8.95,98.614,8.73,8.8,12.42,10.36,2.072061895430623
1975-04,1975-04,1975-04-01,1975-04-30,5.22,71.62,26.558,8.47969937096642,7.03,,10.69,8.9,100.5616,8.81,8.6,13.11,10.31,2.1273047337279567
1975-05,1975-05,1975-05-01,1975-05-31,5.55,72.1061,26.724,8.238153098420398,5.23,,10.62,8.77,100.1111,8.8,8.4,12.99,10.21,2.0671852543052016
1975-06,1975-06,1975-06-01,1975-06-30,6.1,73.0185,26.953,8.366838211643612,5.97,,10.55,8.84,100.0482,9.06,8.5,12.75,10.2,2.089246583578712
1975-07,1975-07,1975-07-01,1975-07-31,6.14,73.6354,27.07,7.7112844182715135,6.23,,10.59,8.95,104.163,9.41,8.5,12.77,10.11,2.1291405303665982
1975-08,1975-08,1975-08-01,1975-08-31,6.24,74.734,27.204,7.131886740440274,6.13,,10.61,8.95,,9.7,8.5,12.76,10.1,2.1665990386780476
1975-09,1975-09,1975-09-01,1975-09-30,5.82,74.9983,27.362,6.987292277614854,6.22,,10.62,8.86,105.5742,9.54,8.5,13.51,10.15,2.24042828165388
1975-10,1975-10,1975-10-01,1975-10-31,5.22,74.9692,27.538,6.873132301005169,5.65,,10.56,8.78,105.0762,9.45,8.6,13.66,10.19,2.267055418513333
1975-11,1975-11,1975-11-01,1975-11-30,5.2,75.91,27.69,6.6189211043086615,5.29,,10.56,8.79,105.5724,9.54,8.5,13.57,10.18,2.251148748092699
1975-12,1975-12,1975-12-01,1975-12-31,4.87,76.6358,27.795,6.363845094137455,5.37,,10.41,8.6,105.9891,9.39,8.3,12.64,10.16,2.084079119166881
1976-01,1976-01,1976-01-01,1976-01-31,4.77,77.5836,27.831,5.926010504681423,4.84,,10.24,8.55,105.6923,9.29,8.2,12.13,10.16,1.9928900597814452
1976-02,1976-02,1976-02-01,1976-02-29,4.84,77.6553,27.873,5.727724462314621,4.89,,10.12,8.52,105.2299,9.47,7.9,12.55,10.29,2.0343489681071762
1976-03,1976-03,1976-03-01,1976-03-31,4.82,77.9206,27.936,5.610161802510194,5.07,,9.94,8.4,106.1579,9.33,7.9,12.47,10.24,1.9996499385855542
1976-04,1976-04,1976-04-01,1976-04-30,5.29,78.1365,28.069,5.689434445364849,5.1,,9.86,8.58,106.7795,9.33,8.1,12.37,10.19,2.01438597848393
1976-05,1976-05,1976-05-01,1976-05-31,5.48,78.0268,28.192,5.493189642269125,5.67,,9.89,8.62,106.4629,9.32,8.2,13.45,10.37,2.179968950870907
1976-06,1976-06,1976-06-01,1976-06-30,5.31,78.4157,28.335,5.127444069305831,5.71,0.84,9.82,8.56,106.6735,9.35,8.4,13.56,10.51,2.246337987295359
1976-07,1976-07,1976-07-01,1976-07-31,5.29,78.7235,28.491,5.249353527890643,5.32,1.12,9.64,8.45,106.397,9.32,8.3,13.67,10.61,2.250858986602482
1976-08,1976-08,1976-08-01,1976-08-31,5.25,78.7621,28.651,5.319070724893393,5.31,1.16,9.4,8.38,106.7741,9.14,8.1,14.18,10.66,2.260560319015416
1976-09,1976-09,1976-09-01,1976-09-30,5.02,78.4713,28.801,5.259118485490832,5.31,1.22,9.29,8.32,105.569,9.13,8.0,15.67,10.95,2.4556302350528014
1976-10,1976-10,1976-10-01,1976-10-31,4.95,79.2971,28.932,5.062096012782336,5.02,1.39,9.23,8.25,106.2537,9.01,7.6,15.46,10.94,2.3475851310249487
1976-11,1976-11,1976-11-01,1976-11-30,4.65,79.9478,29.094,5.070422535211261,4.69,1.59,9.12,7.98,108.5023,8.67,7.4,15.17,11.04,2.2452621351491016
1976-12,1976-12,1976-12-01,1976-12-31,4.61,79.4033,29.263,5.281525454218383,4.17,1.47,9.08,7.96,107.3246,8.5,7.2,14.07,10.66,2.0127478509376604
1977-01,1977-01,1977-01-01,1977-01-31,4.68,80.66,29.492,5.9681649958679195,4.65,1.22,9.12,8.04,107.1629,8.57,7.2,13.34,10.72,1.9418839314713243
1977-02,1977-02,1977-02-01,1977-02-28,4.69,81.6244,29.64,6.33946830265848,4.73,1.37,9.12,8.1,,8.76,7.0,12.44,10.88,1.8462689667451155
1977-03,1977-03,1977-03-01,1977-03-31,4.73,82.2802,29.812,6.715349369988544,4.72,1.41,9.07,8.04,107.6511,8.8,6.6,12.18,11.12,1.7835898371144348
1977-04,1977-04,1977-04-01,1977-04-30,5.35,82.7173,29.963,6.747657558160247,5.12,1.31,9.01,8.05,106.7924,8.81,6.5,11.86,11.19,1.7385195228114663
1977-05,1977-05,1977-05-01,1977-05-31,5.39,83.2306,30.131,6.877837684449495,5.47,1.2,8.91,7.95,106.9584,8.74,6.6,12.52,11.11,1.8149410407380162
1977-06,1977-06,1977-06-01,1977-06-30,5.42,82.9907,30.287,6.889006529027708,5.64,1.12,8.87,7.94,106.7143,8.72,6.4,12.87,11.07,1.8168558799216128
1977-07,1977-07,1977-07-01,1977-07-31,5.9,83.2056,30.428,6.798638166438531,5.86,0.92,8.82,7.98,105.5706,8.67,6.2,12.29,11.0,1.699611792544105
1977-08,1977-08,1977-08-01,1977-08-31,6.14,83.0259,30.543,6.603608949076811,6.03,0.69,8.8,7.92,106.4081,8.57,6.2,11.03,10.97,1.5312691931061728
1977-09,1977-09,1977-09-01,1977-09-30,6.47,82.9403,30.685,6.541439533349536,6.46,0.59,8.89,8.04,106.7982,8.69,6.2,10.31,11.01,1.4661213210970376
1977-10,1977-10,1977-10-01,1977-10-31,6.51,82.9124,30.861,6.667357942762342,6.6,0.39,8.95,8.08,105.5581,8.73,6.2,10.72,11.1,1.5313551911511056
1977-11,1977-11,1977-11-01,1977-11-30,6.56,83.5851,31.011,6.5889874200866005,6.56,0.44,8.99,8.19,104.4029,8.76,6.1,10.7,11.07,1.5132498530790786
1977-12,1977-12,1977-12-01,1977-12-31,6.7,82.0671,31.194,6.598776612104018,6.53,0.56,9.17,8.41,102.0037,8.98,5.9,10.61,11.25,1.5212297731162203
1978-01,1978-01,1978-01-01,1978-01-31,6.78,82.1608,31.339,6.262715312627143,6.79,0.47,9.2,8.47,100.9847,9.12,5.8,10.39,11.36,1.510707670997725
1978-02,1978-02,1978-02-01,1978-02-28,6.79,83.3689,31.542,6.417004048583008,6.83,0.47,9.22,8.47,100.8187,9.15,5.7,11.2,11.07,1.561564089084253
1978-03,1978-03,1978-03-01,1978-03-31,6.89,84.4329,31.781,6.604722930363605,6.97,0.45,9.32,8.56,100.2011,9.23,5.7,11.91,10.75,1.6200733101102474
1978-04,1978-04,1978-04-01,1978-04-30,7.36,84.5704,32.008,6.825084270600423,7.25,0.27,9.49,8.69,99.972,9.16,5.9,12.28,10.76,1.6886023703061674
1978-05,1978-05,1978-05-01,1978-05-31,7.6,84.9295,32.217,6.923102452623531,7.43,0.3,9.6,8.76,100.6171,9.23,6.0,12.48,10.6,1.719694014828645
1978-06,1978-06,1978-06-01,1978-06-30,7.81,84.5923,32.393,6.953478390068346,8.01,0.14,9.6,8.88,99.5484,9.19,6.2,12.37,10.49,1.7206845312601393
1978-07,1978-07,1978-07-01,1978-07-31,8.04,84.7647,32.557,6.996845011173924,8.0,0.09,9.48,8.69,96.6991,9.13,6.4,12.23,10.4,1.7176815387918747
1978-08,1978-08,1978-08-01,1978-08-31,8.45,84.8911,32.742,7.199685689028579,8.4,-0.07,9.42,8.69,94.2084,9.16,6.3,12.38,10.37,1.719960140794031
1978-09,1978-09,1978-09-01,1978-09-30,8.96,85.2079,33.003,7.554179566563479,8.9,-0.14,9.59,8.89,94.0831,9.3,6.4,12.72,10.21,1.7774534075221915
1978-10,1978-10,1978-10-01,1978-10-31,9.76,85.7394,33.19,7.546741842454874,9.35,-0.53,9.83,9.03,91.8496,9.55,6.6,13.09,10.14,1.8805330329706074
1978-11,1978-11,1978-11-01,1978-11-30,10.03,86.0919,33.345,7.526361613620969,9.94,-0.69,9.94,9.16,,9.63,6.7,13.12,9.94,1.8879127742731283
1978-12,1978-12,1978-12-01,1978-12-31,10.07,85.2284,33.597,7.703404500865552,10.84,-0.83,10.13,9.25,94.1429,9.83,6.8,13.55,9.68,1.9526850548366599
1979-01,1979-01,1979-01-01,1979-01-31,10.06,85.2335,33.776,7.776253230798691,10.57,-0.69,10.08,9.26,94.1458,9.91,7.1,13.99,9.77,2.0759155156033238
1979-02,1979-02,1979-02-01,1979-02-28,10.09,85.406,34.04,7.919599264472765,10.24,-0.72,10.26,9.37,94.9255,9.92,7.2,12.08,9.65,1.8504667067013285
1979-03,1979-03,1979-03-01,1979-03-31,10.01,83.7026,34.395,8.225040118309689,10.07,-0.61,10.33,9.38,94.9524,9.76,7.3,11.39,9.64,1.7608814593815176
1979-04,1979-04,1979-04-01,1979-04-30,10.24,84.6494,34.751,8.569732566858267,10.43,-0.56,10.47,9.5,96.4502,9.76,7.8,11.75,9.96,1.9231682629457967
1979-05,1979-05,1979-05-01,1979-05-31,10.29,84.5164,35.038,8.756246702051707,10.31,-0.5,10.38,9.29,96.2822,9.74,8.0,12.56,10.71,2.138301492847864
1979-06,1979-06,1979-06-01,1979-06-30,10.47,84.3581,35.305,8.989596517766184,10.54,-0.16,10.29,9.2,95.2656,9.76,7.9,12.34,11.25,2.1618380573987594
1979-07,1979-07,1979-07-01,1979-07-31,10.94,83.0842,35.575,9.269895874927059,10.81,-0.3,10.35,9.23,94.5379,10.01,7.6,12.26,11.67,2.187045017090695
1979-08,1979-08,1979-08-01,1979-08-31,11.43,82.9464,35.889,9.611508154663762,11.29,-0.6,10.54,9.44,94.8532,10.29,7.5,12.56,11.56,2.2322451657956255
1979-09,1979-09,1979-09-01,1979-09-30,13.77,83.2059,36.182,9.632457655364668,12.16,-0.66,11.4,10.13,,10.85,7.7,13.09,11.6,2.410018877657667
1979-10,1979-10,1979-10-01,1979-10-31,13.18,82.7573,36.433,9.77101536607412,14.82,-1.34,11.99,10.76,95.7548,11.12,8.0,14.76,12.09,2.753845713421178
1979-11,1979-11,1979-11-01,1979-11-30,13.78,82.7932,36.739,10.178437546858587,13.96,-0.95,12.06,10.74,97.7986,11.2,7.9,15.02,12.59,2.838476717744081
1979-12,1979-12,1979-12-01,1979-12-31,13.82,83.04,37.124,10.497961127481625,14.77,-0.9,12.42,11.09,,11.69,8.0,14.41,12.52,2.8407123751950176
1980-01,1980-01,1980-01-01,1980-01-31,14.13,82.768,37.526,11.10255802936997,13.4,-0.62,13.57,12.38,94.6495,12.61,8.4,14.74,14.11,3.2587398783797807
1980-02,1980-02,1980-02-01,1980-02-29,17.19,81.8982,37.987,11.595182138660398,16.33,-2.01,14.45,12.96,95.1193,13.22,9.4,14.93,14.44,3.5671133627997595
1980-03,1980-03,1980-03-01,1980-03-31,17.61,80.0641,38.185,11.019043465619994,19.85,-1.99,14.19,12.04,98.8024,12.56,9.4,14.42,13.95,3.3577137285974463
1980-04,1980-04,1980-04-01,1980-04-30,10.98,77.5384,38.482,10.736381686857932,14.64,-0.05,13.17,10.99,101.8026,11.4,8.3,14.11,13.49,2.927824687309043
1980-05,1980-05,1980-05-01,1980-05-31,9.47,76.1459,38.725,10.522860893886655,11.06,1.0,12.71,10.58,94.464,11.28,8.1,13.78,13.34,2.8215391086388113
1980-06,1980-06,1980-06-01,1980-06-30,9.03,75.2353,39.026,10.539583628381255,10.44,1.12,12.65,11.07,93.0388,11.6,7.9,13.08,13.43,2.759533748706144
1980-07,1980-07,1980-07-01,1980-07-31,9.61,75.5718,39.351,10.614195361911438,9.93,1.04,13.15,11.64,92.5754,12.38,7.8,13.7,13.46,2.9282364478928926
1980-08,1980-08,1980-08-01,1980-08-31,10.87,76.636,39.715,10.660648109448578,10.74,0.19,13.7,12.02,94.2305,12.59,8.1,13.47,13.85,3.0242476964763627
1980-09,1980-09,1980-09-01,1980-09-30,12.81,77.8126,40.033,10.643413852191696,13.19,-0.27,14.23,12.31,93.414,12.76,8.3,13.2,14.27,3.0971929176597617
1980-10,1980-10,1980-10-01,1980-10-31,15.85,78.9895,40.359,10.775944885131628,13.77,-0.62,14.64,12.97,94.5424,13.03,8.6,13.34,14.24,3.196444625524821
1980-11,1980-11,1980-11-01,1980-11-30,18.9,79.1106,40.621,10.566428046490127,18.56,-1.41,15.14,13.21,95.8912,12.94,8.8,13.78,14.31,3.2776722426697025
1980-12,1980-12,1980-12-01,1980-12-31,19.08,78.5433,41.011,10.470315698739352,22.0,-0.63,15.03,12.81,97.8208,12.82,9.0,13.97,14.58,3.3483103925176843
1981-01,1981-01,1981-01-01,1981-01-31,15.93,77.9137,41.426,10.392794329265032,17.25,-0.58,15.37,13.35,95.5688,13.3,9.8,13.84,15.05,3.5843097721111095
1981-02,1981-02,1981-02-01,1981-02-28,14.7,77.9371,41.715,9.813883697054248,15.53,-0.65,15.34,13.33,100.3899,13.37,10.2,13.66,14.98,3.6293209451796984
1981-03,1981-03,1981-03-01,1981-03-31,15.72,78.1305,41.897,9.721094670682184,14.63,-0.04,15.56,13.88,98.8203,14.25,10.0,13.66,14.97,3.7164144581965037
1981-04,1981-04,1981-04-01,1981-04-30,18.52,78.2901,42.085,9.362818980302489,18.92,-0.73,15.95,14.32,101.4888,15.34,10.5,14.4,17.25,4.30435641271124
1981-05,1981-05,1981-05-01,1981-05-31,19.1,77.7009,42.253,9.1103938024532,17.56,-0.9,15.8,13.75,105.4575,14.76,10.5,14.69,17.32,4.267690780227223
1981-06,1981-06,1981-06-01,1981-06-30,19.04,77.6454,42.508,8.92225695690052,18.64,-0.8,16.17,14.38,108.1679,15.89,10.5,15.28,17.11,4.468963218451335
1981-07,1981-07,1981-07-01,1981-07-31,17.82,77.4189,42.774,8.698635358694817,17.46,-1.17,16.34,14.89,110.4973,16.45,10.7,15.23,17.03,4.563087184409733
1981-08,1981-08,1981-08-01,1981-08-31,15.87,76.9439,43.033,8.354525997733852,16.83,-1.32,16.92,15.49,111.1856,17.0,10.6,15.81,17.08,4.69775277531741
1981-09,1981-09,1981-09-01,1981-09-30,15.08,75.9541,43.228,7.980915744510786,16.58,-0.85,17.11,15.4,106.8214,16.76,10.2,16.34,16.94,4.646675249951864
1981-10,1981-10,1981-10-01,1981-10-31,13.31,74.8132,43.46,7.683540226467445,14.44,0.04,16.39,14.22,,14.93,9.9,15.72,16.75,4.249736810979186
1981-11,1981-11,1981-11-01,1981-11-30,12.37,73.4182,43.594,7.3188744737943345,12.44,0.77,16.55,14.23,104.3683,15.0,9.7,16.0,16.44,4.223884998705248
1981-12,1981-12,1981-12-01,1981-12-31,13.22,71.4208,43.853,6.929848089536961,13.13,0.35,17.1,15.18,105.9334,15.82,9.8,15.94,16.42,4.343272729350993
1982-01,1982-01,1982-01-01,1982-01-31,14.78,73.3026,43.985,6.1772799691015345,14.21,-0.1,17.18,15.27,105.8531,15.66,9.7,15.09,16.29,4.187794574700682
1982-02,1982-02,1982-02-01,1982-02-28,14.68,72.6304,44.098,5.712573414838773,13.74,-0.41,16.82,14.58,109.3506,14.95,9.4,14.01,16.35,3.9189216158283755
1982-03,1982-03,1982-03-01,1982-03-31,14.94,71.9168,44.12,5.3058691553094395,16.8,-0.34,16.78,14.46,114.4161,14.93,8.9,14.2,16.29,3.8503955878597025
1982-04,1982-04,1982-04-01,1982-04-30,14.45,71.6519,44.382,5.45800166330046,15.28,-0.12,16.64,14.26,114.425,14.7,8.7,13.89,16.13,3.730223694670975
1982-05,1982-05,1982-05-01,1982-05-31,14.15,71.4748,44.704,5.800771542849037,13.38,,16.92,14.81,,15.96,9.1,13.75,15.98,3.934080479663709
1982-06,1982-06,1982-06-01,1982-06-30,12.59,71.2834,44.969,5.789498447351082,14.58,-0.22,16.8,14.61,113.5508,16.1625,9.3,13.35,15.96,3.9441853770478037
1982-07,1982-07,1982-07-01,1982-07-31,10.12,70.5349,45.108,5.45658577640622,11.41,0.51,16.32,13.71,119.2429,14.9625,9.0,12.21,15.79,3.573780451228536
1982-08,1982-08,1982-08-01,1982-08-31,10.31,70.3372,45.233,5.112355634048282,10.63,0.82,15.63,12.94,118.8698,13.926,8.6,11.51,15.76,3.278745049476093
1982-09,1982-09,1982-09-01,1982-09-30,9.71,69.3736,45.487,5.225779587304524,12.17,0.5,14.73,12.12,118.36,12.735,8.3,10.69,15.81,2.9738044087060445
1982-10,1982-10,1982-10-01,1982-10-31,9.2,68.9279,45.624,4.979291302347,9.41,0.86,14.3,11.68,121.8157,11.77,8.2,10.8,15.79,2.8357939707758457
1982-11,1982-11,1982-11-01,1982-11-30,8.95,68.6719,45.693,4.814882782034213,8.93,0.83,14.14,11.83,122.4092,11.648,7.9,11.58,15.4,2.8178180011284373
1982-12,1982-12,1982-12-01,1982-12-31,8.68,70.2066,45.906,4.681549722937994,11.2,0.88,13.94,11.79,117.8806,11.365,7.8,11.87,14.99,2.7492268989245927
1983-01,1983-01,1983-01-01,1983-01-31,8.51,70.1121,45.984,4.544731158349435,8.56,1.22,13.95,12.01,118.2814,11.4325,7.8,11.79,14.9,2.738327513190359
1983-02,1983-02,1983-02-01,1983-02-28,8.77,70.7376,46.043,4.410630867613041,8.53,0.96,13.61,11.73,116.9903,11.186,7.6,11.38,14.65,2.5933203060381027
1983-03,1983-03,1983-03-01,1983-03-31,8.8,71.5673,46.253,4.834542157751587,10.81,0.75,13.29,11.51,119.6493,11.0675,7.7,11.06,14.55,2.5432219321485703
1983-04,1983-04,1983-04-01,1983-04-30,8.63,72.3638,46.384,4.510837727006445,8.84,0.92,13.09,11.46,118.5617,10.71,7.8,11.16,14.55,2.522409824691605
1983-05,1983-05,1983-05-01,1983-05-31,8.98,72.9112,46.557,4.145042949176814,8.94,0.79,13.37,11.74,118.2917,11.046,8.2,10.99,14.52,2.609857988424967
1983-06,1983-06,1983-06-01,1983-06-30,9.37,73.9127,46.82,4.116168916364615,10.06,0.73,13.39,12.15,120.97,11.5675,8.2,11.53,14.04,2.689819437976796
1983-07,1983-07,1983-07-01,1983-07-31,9.56,74.5144,47.02,4.238715970559559,9.52,0.73,13.64,12.51,122.5051,11.79,8.4,11.72,13.96,2.7663634281117004
1983-08,1983-08,1983-08-01,1983-08-31,9.45,75.8371,47.185,4.315433422501291,9.59,0.8,13.55,12.37,122.4881,11.77,8.5,11.25,14.03,2.7317901191401814
1983-09,1983-09,1983-09-01,1983-09-30,9.48,76.5587,47.265,3.9088091102952527,10.59,0.91,13.46,12.25,123.5622,11.5475,8.3,11.02,14.15,2.6551514206752596
1983-10,1983-10,1983-10-01,1983-10-31,9.34,76.8777,47.332,3.7436436963001807,9.43,1.13,13.61,12.41,121.4059,11.516,8.3,10.68,14.12,2.6065307242668374
1983-11,1983-11,1983-11-01,1983-11-30,9.47,77.0038,47.358,3.6438841835729763,9.34,0.96,13.75,12.57,,11.785,8.4,10.77,13.96,2.651766399896901
1983-12,1983-12,1983-12-01,1983-12-31,9.56,78.283,47.564,3.611728314381568,9.92,0.97,13.65,12.2,124.7037,11.7175,8.4,10.77,13.76,2.618987374979953
1984-01,1984-01,1984-01-01,1984-01-31,9.59,79.0178,47.884,4.1318719554627625,9.35,1.09,13.59,12.08,125.6407,11.872,8.2,10.87,13.87,2.6325249475226196
1984-02,1984-02,1984-02-01,1984-02-29,9.91,79.2532,48.041,4.339421844797253,9.45,1.05,13.99,12.57,122.0201,12.8425,8.1,10.66,13.98,2.7372752047936957
1984-03,1984-03,1984-03-01,1984-03-31,10.29,79.4777,48.224,4.261345210040424,10.24,0.93,14.31,12.81,122.6878,13.235,8.1,10.85,13.81,2.793987652230023
1984-04,1984-04,1984-04-01,1984-04-30,10.32,79.5758,48.285,4.098395998620208,10.9,0.93,14.74,13.28,122.4351,13.64,8.2,11.38,13.82,2.930643466831508
1984-05,1984-05,1984-05-01,1984-05-31,11.06,79.7745,48.371,3.8962991601692476,10.81,0.91,15.05,13.55,126.4919,13.6675,8.2,11.59,13.99,2.9795823194960946
1984-06,1984-06,1984-06-01,1984-06-30,11.23,79.9006,48.544,3.6821870995300987,10.85,0.67,15.15,13.44,128.3474,13.73,8.2,12.07,13.91,3.0363186338337282
1984-07,1984-07,1984-07-01,1984-07-31,11.64,79.8447,48.693,3.5580603998298432,11.83,0.34,14.63,12.87,130.0796,12.912,8.1,11.41,13.58,2.789735394081759
1984-08,1984-08,1984-08-01,1984-08-31,11.3,79.3255,48.759,3.3358058705097005,11.64,0.25,14.35,12.66,131.3543,12.7675,7.8,11.23,13.05,2.6371043338906577
1984-09,1984-09,1984-09-01,1984-09-30,9.99,79.5661,48.874,3.4042103036073135,11.23,0.4,13.94,12.63,133.2357,12.544,7.6,11.1,12.02,2.43715033860139
1984-10,1984-10,1984-10-01,1984-10-31,9.43,79.5357,48.943,3.4036170032958557,9.99,0.7,13.48,12.29,133.8149,11.93,7.4,10.73,12.36,2.315808715244246
1984-11,1984-11,1984-11-01,1984-11-30,8.38,79.479,49.081,3.6382448583132776,8.92,1.08,13.4,12.13,132.7006,11.6625,7.2,10.87,12.7,2.3032124098430216
1984-12,1984-12,1984-12-01,1984-12-31,8.35,79.103,49.326,3.7044823816331673,8.74,1.53,13.26,12.08,135.6005,11.406,7.3,11.36,12.12,2.2748643746533292
1985-01,1985-01,1985-01-01,1985-01-31,8.5,78.542,49.555,3.489683401553756,8.73,1.27,13.23,12.13,139.4031,11.855,7.6,11.49,12.25,2.41630961863015
1985-02,1985-02,1985-02-01,1985-02-28,8.58,78.9148,49.749,3.5552965175579265,8.74,1.25,13.69,12.56,147.5612,12.16,7.7,11.33,12.27,2.4576704986710483
1985-03,1985-03,1985-03-01,1985-03-31,8.27,78.3803,49.821,3.311629064366284,8.58,1.22,13.51,12.23,139.0683,11.545,7.4,11.07,11.98,2.259030559037303
1985-04,1985-04,1985-04-01,1985-04-30,7.97,78.3157,49.939,3.4254944599772186,8.58,1.5,13.15,11.72,140.7785,11.074,7.2,11.23,11.72,2.150357934510384
1985-05,1985-05,1985-05-01,1985-05-31,7.53,78.1342,50.075,3.522771908788336,7.64,1.36,12.4,10.94,140.2596,10.515,7.1,11.03,12.12,2.0803087859545633
1985-06,1985-06,1985-06-01,1985-06-30,7.88,77.6564,50.198,3.407218193803563,7.95,1.58,12.43,10.97,137.1135,10.594,6.9,10.77,11.87,1.9979964516048137
1985-07,1985-07,1985-07-01,1985-07-31,7.9,77.8356,50.364,3.4317047624915276,8.61,1.56,12.5,11.05,,10.595,6.7,10.69,11.96,1.9665162841694936
1985-08,1985-08,1985-08-01,1985-08-31,7.92,77.6841,50.449,3.4660267847987036,7.8,1.32,12.48,11.07,129.88,10.7925,6.5,10.68,11.97,1.961016730057075
1985-09,1985-09,1985-09-01,1985-09-30,7.99,77.4161,50.533,3.3944428530507054,8.84,1.43,12.36,11.02,132.2207,10.668,6.7,10.52,11.59,1.912670263046547
1985-10,1985-10,1985-10-01,1985-10-31,8.05,77.8151,50.68,3.5490264184868225,8.08,1.31,11.99,10.55,122.8873,10.0175,6.8,10.69,11.22,1.8165175419464572
1985-11,1985-11,1985-11-01,1985-11-30,8.27,77.948,50.85,3.6042460422566647,8.54,1.13,11.58,10.16,120.8138,9.72,6.6,10.78,11.33,1.7667716119309524
1985-12,1985-12,1985-12-01,1985-12-31,8.14,78.7842,51.084,3.5640433037343433,13.46,1.02,11.44,10.05,121.2051,10.042,6.5,11.13,10.79,1.773194682657448
1986-01,1986-01,1986-01-01,1986-01-31,7.86,78.267,51.084,3.085460599334078,8.09,1.09,11.11,9.67,120.3616,9.9675,6.4,10.73,10.1,1.6175966864341436
1986-02,1986-02,1986-02-01,1986-02-28,7.48,77.9205,50.972,2.4583408711732924,7.95,0.42,10.5,9.0,113.8082,9.4025,6.1,9.69,9.29,1.271178514878723
1986-03,1986-03,1986-03-01,1986-03-31,6.99,78.2571,50.868,2.101523453965193,8.06,0.47,10.19,8.79,113.3267,8.848,5.7,8.94,8.56,0.9540764579295824
1986-04,1986-04,1986-04-01,1986-04-30,6.85,78.2798,50.961,2.04649672600572,7.05,0.55,10.29,9.09,115.9649,8.9325,6.1,9.15,8.58,1.0584208386740337
1986-05,1986-05,1986-05-01,1986-05-31,6.92,77.8771,51.151,2.1487768347478786,6.84,0.69,10.34,9.13,108.2899,9.12,6.2,9.45,8.65,1.1446759443368777
1986-06,1986-06,1986-06-01,1986-06-30,6.56,78.2626,51.164,1.9243794573488904,7.72,0.54,10.16,8.88,109.3326,8.872,6.1,9.61,8.55,1.1017412719615316
1986-07,1986-07,1986-07-01,1986-07-31,6.17,78.3482,51.228,1.7155110793424022,6.35,0.77,10.18,8.72,108.2747,8.825,5.9,9.66,8.05,1.009908470016784
1986-08,1986-08,1986-08-01,1986-08-31,5.89,78.4495,51.396,1.8771432535828358,5.77,1.01,10.2,8.89,105.9297,9.0025,6.0,10.28,8.51,1.1789995459359972
1986-09,1986-09,1986-09-01,1986-09-30,5.85,78.6211,51.488,1.8898541547107905,6.9,1.07,10.24,8.86,105.0566,9.166,6.3,10.92,8.97,1.3811692468098604
1986-10,1986-10,1986-10-01,1986-10-31,6.04,78.7665,51.58,1.7758484609313285,5.93,1.08,10.07,8.68,107.0007,8.9025,6.4,11.08,9.49,1.4415825057250498
1986-11,1986-11,1986-11-01,1986-11-30,6.91,79.3729,51.651,1.5752212389380515,6.03,0.94,9.97,8.49,106.737,8.666,6.2,10.98,9.89,1.4115191465823513
1986-12,1986-12,1986-12-01,1986-12-31,6.43,78.9108,51.894,1.585623678646919,14.35,0.88,9.72,8.36,106.8355,8.33,6.1,10.27,8.86,1.1428692516336847
1987-01,1987-01,1987-01-01,1987-01-31,6.1,79.8877,52.076,1.94189961631821,6.28,0.85,9.65,8.38,103.8142,8.4575,6.1,9.97,9.12,1.1549701852008611
1987-02,1987-02,1987-02-01,1987-02-28,6.13,79.7376,52.214,2.436631876324258,6.02,0.84,9.61,8.36,100.0304,8.2825,6.0,9.11,8.67,0.9586205477636051
1987-03,1987-03,1987-03-01,1987-03-31,6.37,79.9812,52.409,3.029409451914744,6.23,0.97,10.04,8.85,99.1489,8.828,5.8,9.14,8.69,1.0068921232521781
1987-04,1987-04,1987-04-01,1987-04-30,6.85,80.3199,52.542,3.1023724024253907,7.63,0.83,10.51,9.33,96.1837,9.5925,5.7,8.8,8.94,1.0842148324730976
1987-05,1987-05,1987-05-01,1987-05-31,6.73,80.4169,52.741,3.1084436276905603,6.63,0.8,10.52,9.32,98.2035,9.3325,6.0,8.93,9.32,1.157659856833588
1987-06,1987-06,1987-06-01,1987-06-30,6.58,80.8279,52.863,3.3206942381361904,6.56,0.9,10.61,9.42,97.2067,9.574,6.3,9.29,9.37,1.2887791902963688
1987-07,1987-07,1987-07-01,1987-07-31,6.73,81.0626,53.072,3.599593972046544,6.75,1.03,10.8,9.67,99.1518,10.095,6.5,10.13,9.83,1.5477326575816388
1987-08,1987-08,1987-08-01,1987-08-31,7.22,81.4604,53.251,3.6092302902949625,6.95,1.03,11.31,10.18,96.7639,10.722,6.7,10.21,10.25,1.7254160363306439
1987-09,1987-09,1987-09-01,1987-09-30,7.29,82.4562,53.42,3.7523306401491707,8.38,1.03,11.62,10.52,97.246,10.4375,6.9,10.14,10.7,1.7634406634423776
1987-10,1987-10,1987-10-01,1987-10-31,6.69,82.7578,53.521,3.7630864676231113,6.62,1.3,11.23,10.01,98.0598,9.875,6.4,9.23,9.96,1.4085777617455126
1987-11,1987-11,1987-11-01,1987-11-30,6.77,83.1933,53.62,3.8121236762114874,7.19,1.26,11.29,10.11,90.7084,10.122,6.5,9.63,9.98,1.5091191501361871
1987-12,1987-12,1987-12-01,1987-12-31,6.83,82.9076,53.828,3.7268277642887426,6.89,1.06,11.07,9.88,89.4356,9.715,6.5,9.71,9.81,1.4428266893243469
1988-01,1988-01,1988-01-01,1988-01-31,6.58,83.1047,53.908,3.5179353252938084,6.79,1.04,10.62,9.4,89.8696,9.2,6.3,9.52,9.13,1.2367776255197551
1988-02,1988-02,1988-02-01,1988-02-29,6.58,83.286,54.093,3.598651702608513,6.67,1.03,10.57,9.39,90.219,9.422,6.2,9.22,9.26,1.2302769451340678
1988-03,1988-03,1988-03-01,1988-03-31,6.87,83.9899,54.356,3.7150107805911325,6.83,1.16,10.9,9.67,90.2536,9.6925,6.3,9.2,9.2,1.2742828270983253
1988-04,1988-04,1988-04-01,1988-04-30,7.09,83.738,54.514,3.753187925849799,6.98,1.14,11.04,9.9,87.6123,9.9425,6.6,9.41,9.25,1.3885838483443003
1988-05,1988-05,1988-05-01,1988-05-31,7.51,83.8874,54.746,3.8015964809161806,7.48,0.99,11.0,9.86,88.0894,9.722,6.6,9.51,8.96,1.336201661780912
1988-06,1988-06,1988-06-01,1988-06-30,7.75,83.8048,55.012,4.065225204774614,8.27,0.8,11.11,9.96,91.4994,9.9,6.7,9.84,8.98,1.4188721700270874
1988-07,1988-07,1988-07-01,1988-07-31,8.01,83.9,55.175,3.962541453120272,7.84,0.73,11.21,10.11,91.605,10.242,6.8,9.91,9.24,1.521102533073603
1988-08,1988-08,1988-08-01,1988-08-31,8.19,84.1347,55.444,4.118232521455001,8.14,0.54,10.9,9.82,94.2103,10.15,6.6,10.1,9.01,1.471610743407365
1988-09,1988-09,1988-09-01,1988-09-30,8.3,84.438,55.625,4.127667540247093,8.54,0.44,10.41,9.51,94.0606,9.8475,6.4,9.69,8.76,1.3189116578335542
1988-10,1988-10,1988-10-01,1988-10-31,8.35,84.6678,55.754,4.172194092038639,8.39,0.4,10.48,9.45,89.7405,10.02,6.4,9.86,8.74,1.3606385741136082
1988-11,1988-11,1988-11-01,1988-11-30,8.76,84.9862,55.928,4.304364043267439,8.5,0.22,10.65,9.57,,10.1175,6.5,10.14,8.69,1.4180290831245537
1988-12,1988-12,1988-12-01,1988-12-31,9.12,85.5469,56.215,4.434495058333954,9.04,0.0,10.65,9.62,87.228,10.1271428571429,6.7,9.96,8.57,1.4162695274943051
1989-01,1989-01,1989-01-01,1989-01-31,9.36,84.5959,56.402,4.626400534243524,9.14,-0.11,10.61,9.64,91.6322,10.2555,6.9,9.72,8.95,1.482390548240145
1989-02,1989-02,1989-02-01,1989-02-28,9.85,84.3714,56.612,4.656794779361473,9.87,-0.23,10.67,9.8,91.3899,10.5631818181818,7.0,9.88,9.08,1.5754187192689644
1989-03,1989-03,1989-03-01,1989-03-31,9.84,84.3464,56.989,4.843991463683861,9.79,-0.43,10.61,9.79,92.3843,10.326,6.9,10.18,8.86,1.5366522135393463
1989-04,1989-04,1989-04-01,1989-04-30,9.81,83.518,57.197,4.921671497230062,9.82,-0.2,10.46,9.57,92.6299,9.90045454545455,7.1,10.17,8.82,1.50490434542559
1989-05,1989-05,1989-05-01,1989-05-31,9.53,83.4391,57.322,4.705366602126193,10.48,-0.22,10.03,9.1,94.1177,9.43272727272727,6.9,10.55,8.67,1.4359896232033051
1989-06,1989-06,1989-06-01,1989-06-30,9.24,82.2513,57.459,4.448120410092349,9.63,0.02,9.87,8.93,97.0452,9.3245,6.8,10.15,8.55,1.342755576695886
1989-07,1989-07,1989-07-01,1989-07-31,8.99,82.8147,57.466,4.152242863615774,8.94,0.29,9.88,8.96,94.9649,9.35090909090909,6.8,9.91,8.35,1.2940981051502314
1989-08,1989-08,1989-08-01,1989-08-31,9.02,82.423,57.594,3.877786595483723,8.92,-0.16,9.91,9.01,94.4599,9.5465,7.0,10.21,8.55,1.4130461961924405
1989-09,1989-09,1989-09-01,1989-09-30,8.84,81.9997,57.819,3.9442696629213625,9.24,-0.15,9.81,8.92,97.3172,9.4905,7.2,10.45,8.81,1.4972949625129142
1989-10,1989-10,1989-10-01,1989-10-31,8.55,81.9613,57.945,3.929762886967758,8.89,0.07,9.81,8.89,94.5811,9.48857142857143,7.5,10.55,9.05,1.5861349197515753
1989-11,1989-11,1989-11-01,1989-11-30,8.45,81.7522,58.113,3.906808754112445,8.6,0.09,9.82,8.86,94.2336,9.58105263157895,7.5,10.56,9.12,1.6082643755942692
1989-12,1989-12,1989-12-01,1989-12-31,8.23,81.5063,58.553,4.1590322867562035,7.97,0.06,9.94,8.99,92.9103,9.83772727272727,7.695,10.89,9.54,1.7642430204793444
1990-01,1990-01,1990-01-01,1990-01-31,8.24,82.3926,58.811,4.271125137406484,8.26,0.15,10.14,9.22,93.0698,10.283,8.575,11.33,9.97,2.072158469240918
1990-02,1990-02,1990-02-01,1990-02-28,8.28,82.6004,59.033,4.276478485126822,8.29,0.08,10.21,9.37,92.4009,10.8059090909091,8.645,12.42,9.98,2.287266257821271
1990-03,1990-03,1990-03-01,1990-03-31,8.26,82.0368,59.157,3.8042429240730646,8.3,0.01,10.3,9.46,94.01,11.5185,8.7625,12.74,9.59,2.3968287280105995
1990-04,1990-04,1990-04-01,1990-04-30,8.18,82.1004,59.29,3.659282829519017,8.23,0.08,10.41,9.47,93.7016,11.145,8.715,12.41,9.56,2.2946883590992204
1990-05,1990-05,1990-05-01,1990-05-31,8.29,82.171,59.552,3.8903038972820214,8.23,0.1,10.22,9.26,92.9624,10.74,8.8325,11.8,9.69,2.2003516859434056
1990-06,1990-06,1990-06-01,1990-06-30,8.15,81.8082,59.699,3.8984319253728694,8.32,0.19,10.2,9.24,93.1874,10.6542857142857,8.545,11.84,9.59,2.134753333482342
1990-07,1990-07,1990-07-01,1990-07-31,8.13,81.9327,60.096,4.576619218320399,8.05,0.45,10.41,9.41,90.3771,10.705,8.9975,12.15,10.06,2.307898065637466
1990-08,1990-08,1990-08-01,1990-08-31,8.2,81.6281,60.465,4.98489425981874,8.06,0.79,10.64,9.56,89.2149,10.9794736842105,9.105,12.1,10.49,2.407668750220493
1990-09,1990-09,1990-09-01,1990-09-30,8.11,80.9966,60.811,5.174769539424751,8.03,0.8,10.74,9.53,86.5677,11.1827272727273,9.0675,11.74,10.38,2.373378336778053
1990-10,1990-10,1990-10-01,1990-10-31,7.81,79.8882,60.888,5.078954180688577,9.52,0.88,10.62,9.3,83.6819,10.6185714285714,8.9325,11.37,10.21,2.209534899315118
1990-11,1990-11,1990-11-01,1990-11-30,7.31,79.1292,60.945,4.873264157761614,7.61,0.73,10.43,9.05,84.0458,10.2547368421053,8.845,10.84,9.94,2.0500112430615647
1990-12,1990-12,1990-12-01,1990-12-31,6.91,78.5469,61.177,4.481410004611219,5.53,0.93,10.45,9.04,85.3782,10.1163636363636,8.9275,10.59,9.77,1.9944961202882991
1991-01,1991-01,1991-01-01,1991-01-31,6.25,77.8987,61.208,4.0757681386135225,8.18,0.98,10.07,8.83,84.9763,9.551,8.35,10.13,9.12,1.6911419262391907
1991-02,1991-02,1991-02-01,1991-02-28,6.12,77.2211,61.221,3.706401504243373,6.99,0.98,10.09,8.93,85.0203,9.621,8.4275,10.29,9.05,1.7243478615656893
1991-03,1991-03,1991-03-01,1991-03-31,5.91,77.4894,61.332,3.676657031289632,5.53,,9.94,8.86,87.1845,9.52045454545454,8.3575,10.19,8.9,1.6695049978790806
1991-04,1991-04,1991-04-01,1991-04-30,5.78,77.9033,61.586,3.872491145218415,5.98,1.22,9.86,8.86,88.849,9.58181818181818,8.395,10.38,8.88,1.7044780459044497
1991-05,1991-05,1991-05-01,1991-05-31,5.9,78.5531,61.69,3.5901397098334176,5.92,1.38,9.96,9.01,90.0676,9.9265,8.4075,10.58,9.15,1.8095758428741275
1991-06,1991-06,1991-06-01,1991-06-30,5.82,78.9063,61.787,3.4975460225464383,6.74,1.34,9.89,9.0,90.9879,9.97772727272727,8.6325,10.28,9.19,1.822020936843588
1991-07,1991-07,1991-07-01,1991-07-31,5.66,78.909,61.931,3.0534478168264156,5.85,1.39,9.65,8.75,93.2657,9.74142857142857,8.52,10.03,9.11,1.7318452674680649
1991-08,1991-08,1991-08-01,1991-08-31,5.45,79.584,62.144,2.776813032332748,5.5,1.46,9.51,8.61,90.9655,9.441,8.455,9.64,8.88,1.6061869216112892
1991-09,1991-09,1991-09-01,1991-09-30,5.21,79.4507,62.26,2.3827925868675104,5.6,1.48,9.49,8.55,88.567,9.00681818181818,8.3475,9.72,8.8,1.5292149342428853
1991-10,1991-10,1991-10-01,1991-10-31,4.81,79.1399,62.397,2.478320851399296,5.23,1.77,9.45,8.48,87.8444,8.5735,8.315,9.77,8.81,1.4715691161573672
1991-11,1991-11,1991-11-01,1991-11-30,4.43,78.7793,62.553,2.6384444991385703,4.86,2.0,9.26,8.31,85.7499,8.4135,8.2125,9.66,8.8,1.4185180486368636
1991-12,1991-12,1991-12-01,1991-12-31,4.03,78.1764,62.638,2.388152410219524,4.09,1.94,9.13,8.2,85.8336,8.14045454545455,7.9475,9.46,8.46,1.2738703163600587
1992-01,1992-01,1992-01-01,1992-01-31,4.06,78.6896,62.797,2.596065873741993,4.4,2.2,9.23,8.29,87.0476,8.387,7.92,9.3,8.46,1.2840666964992642
1992-02,1992-02,1992-02-01,1992-02-29,3.98,79.3214,62.949,2.8225608859705043,4.13,2.0,9.25,8.35,88.2425,8.745,8.0275,9.68,8.59,1.411608167188633
1992-03,1992-03,1992-03-01,1992-03-31,3.73,79.5506,63.119,2.9136502967455735,4.07,1.94,9.21,8.33,90.0974,8.78857142857143,8.035,9.43,8.68,1.3994175716623074
1992-04,1992-04,1992-04-01,1992-04-30,3.82,79.8097,63.203,2.625596726528756,3.85,2.15,9.13,8.28,88.4716,8.545,8.075,9.02,8.59,1.312742850567397
1992-05,1992-05,1992-05-01,1992-05-31,3.76,79.8526,63.315,2.6341384341060037,3.8,2.14,9.05,8.22,87.9349,8.23863636363636,8.0675,9.12,8.74,1.2990608775058485
1992-06,1992-06,1992-06-01,1992-06-30,3.25,80.3764,63.524,2.8112709793322255,4.53,2.31,8.84,8.07,86.1123,7.72681818181818,8.125,9.05,8.9,1.2485462715742344
1992-07,1992-07,1992-07-01,1992-07-31,3.3,79.7617,63.609,2.709466987453779,3.37,2.3,8.65,7.95,84.1114,7.2935,8.04,9.35,9.05,1.2287737164341208
1992-08,1992-08,1992-08-01,1992-08-31,3.22,79.6862,63.713,2.524781153450051,3.51,2.47,8.62,7.92,83.7023,7.47428571428571,7.6525,9.19,8.75,1.1359900516906452
1992-09,1992-09,1992-09-01,1992-09-30,3.1,79.9437,63.938,2.6951493735946075,4.47,2.57,8.84,7.99,85.6332,7.67809523809524,7.4525,8.65,8.44,1.0301951083124665
1992-10,1992-10,1992-10-01,1992-10-31,3.09,80.0445,64.064,2.671602801416717,3.04,2.4,8.96,8.1,87.8249,7.856,7.36,8.19,8.15,0.9503095885429808
1992-11,1992-11,1992-11-01,1992-11-30,2.92,79.8526,64.176,2.5945997793870967,3.45,2.16,8.81,7.98,90.9012,7.86142857142857,7.32,8.32,8.21,0.9671745212020443
1992-12,1992-12,1992-12-01,1992-12-31,3.02,80.4309,64.332,2.704428621603494,2.66,2.14,8.67,7.91,89.7648,7.969,7.1325,8.29,7.97,0.9195779824471347
1993-01,1993-01,1993-01-01,1993-01-31,3.03,80.513,64.429,2.598850263547625,3.02,2.19,8.39,7.71,92.2091,7.6585,6.905,7.95,7.79,0.7779181126551016
1993-02,1993-02,1993-02-01,1993-02-28,3.07,80.2329,64.561,2.560803189883898,3.18,2.11,8.15,7.58,92.2976,7.44391304347826,6.6375,7.72,7.35,0.6255414541218495
1993-03,1993-03,1993-03-01,1993-03-31,2.96,80.4777,64.733,2.557074731855713,3.83,2.07,8.14,7.46,91.0904,7.46857142857143,6.6775,7.89,7.16,0.6335008566745245
1993-04,1993-04,1993-04-01,1993-04-30,3.0,80.2625,64.933,2.7372118412100743,3.01,2.22,8.21,7.43,87.7656,7.566,6.83,8.15,7.19,0.7064448842872143
1993-05,1993-05,1993-05-01,1993-05-31,3.04,80.052,64.955,2.5902234857458684,3.02,,8.07,7.33,88.3031,7.45545454545455,6.8075,7.96,7.01,0.6436541659894394
1993-06,1993-06,1993-06-01,1993-06-30,3.06,80.1149,65.059,2.416409545998355,3.92,1.77,7.93,7.17,87.742,7.20380952380952,6.6075,7.62,6.75,0.5051582734075432
1993-07,1993-07,1993-07-01,1993-07-31,3.03,79.8052,65.17,2.4540552437548158,3.07,1.7,7.6,6.85,,6.95428571428571,6.3725,7.07,6.34,0.31843729565546636
1993-08,1993-08,1993-08-01,1993-08-31,3.09,80.2402,65.238,2.393546058104312,3.19,1.57,7.34,6.66,89.762,6.88142857142857,6.19,6.96,6.14,0.24198215313277396
1993-09,1993-09,1993-09-01,1993-09-30,2.99,80.752,65.443,2.353842785198146,3.99,1.51,7.31,6.67,88.479,6.7975,5.985,6.87,5.98,0.16743802636574265
1993-10,1993-10,1993-10-01,1993-10-31,3.02,80.9708,65.567,2.346091408591411,3.03,1.44,7.66,6.93,90.9907,6.84904761904762,5.9825,6.85,6.03,0.1775895850604634
1993-11,1993-11,1993-11-01,1993-11-30,2.96,81.3076,65.582,2.1908501620543364,3.16,1.61,7.69,6.93,90.5142,6.69333333333333,5.83,6.4253,5.8,0.05338371971940351
1993-12,1993-12,1993-12-01,1993-12-31,3.05,81.1677,65.604,1.977243051669464,2.85,1.58,7.65,6.92,91.6056,6.464,5.815,6.3794,5.67,-0.0013451957414460753
1994-01,1994-01,1994-01-01,1994-01-31,3.25,81.0802,65.756,2.059631532384487,3.68,1.58,7.76,7.08,92.4174,6.7065,6.135,6.7572,5.97,0.16469061492017562
1994-02,1994-02,1994-02-01,1994-02-28,3.34,81.933,65.937,2.1313176685614943,3.49,1.48,8.13,7.48,91.7497,7.46565217391304,6.345,7.417,6.38,0.4305017739802231
1994-03,1994-03,1994-03-01,1994-03-31,3.56,82.4124,66.015,1.980442741723687,4.18,1.56,8.52,7.88,90.8612,8.08,6.607,7.8401,6.69,0.6447648206817268
1994-04,1994-04,1994-04-01,1994-04-30,4.01,82.6321,66.111,1.8141776908505713,3.73,1.33,8.62,7.99,89.4262,8.44047619047619,6.6635,8.2825,6.98,0.7906206765517284
1994-05,1994-05,1994-05-01,1994-05-31,4.25,82.6188,66.272,2.0275575398352785,4.6,1.16,8.65,7.97,89.6547,8.99863636363636,7.0523809524,8.7105,7.5,1.0431203548849441
1994-06,1994-06,1994-06-01,1994-06-30,4.26,82.6498,66.481,2.1857083570297586,5.96,1.15,8.8,8.11,90.0671,9.1455,6.8961904762,8.533,7.39,1.0036186451644469
1994-07,1994-07,1994-07-01,1994-07-31,4.47,83.089,66.634,2.2464324075494924,4.29,1.13,8.74,8.07,86.9973,8.89636363636364,7.0895652174,8.6524,7.65,1.045798532206621
1994-08,1994-08,1994-08-01,1994-08-31,4.73,83.1397,66.708,2.2532879610043244,4.7,1.02,8.98,8.34,87.3165,8.90285714285714,7.5154545455,8.8959,8.1,1.1982068432387551
1994-09,1994-09,1994-09-01,1994-09-30,4.76,83.6095,66.821,2.1056491908989505,5.44,1.0,9.2,8.57,86.5263,9.062,7.5415,8.7797,8.19,1.2209571500618757
1994-10,1994-10,1994-10-01,1994-10-31,5.29,83.9976,66.948,2.106242469534969,4.9,0.97,9.32,8.68,85.9173,9.15142857142857,7.4914285714,8.6361,8.14,1.2019827687068476
1994-11,1994-11,1994-11-01,1994-11-30,5.45,84.6166,66.991,2.148455368851221,5.66,0.51,9.1,8.46,84.4406,9.065,7.460952381,8.5814,8.03,1.1656552319311477
1994-12,1994-12,1994-12-01,1994-12-31,5.53,84.4175,67.127,2.3215047862935156,4.94,0.15,9.08,8.46,87.4345,9.34952380952381,7.5959090909,8.7349,8.22,1.267473971338474
1995-01,1995-01,1995-01-01,1995-01-31,5.92,83.9078,67.246,2.265952916844083,5.86,0.34,8.85,8.26,86.8463,8.9015,7.424,8.6557,8.01,1.1437320366687531
1995-02,1995-02,1995-02-01,1995-02-28,5.98,83.8217,67.37,2.1732866220786518,6.1,0.43,8.7,8.12,85.8422,8.64217391304348,7.2773913043,8.5938,8.03,1.0791411421431842
1995-03,1995-03,1995-03-01,1995-03-31,6.05,83.2082,67.547,2.320684692872832,6.3,0.4,8.6,8.03,82.8082,8.41684210526316,7.0883333333,8.4378,7.81,0.9728073720010872
1995-04,1995-04,1995-04-01,1995-04-30,6.01,83.1916,67.651,2.3294156796902055,6.06,0.47,8.2,7.65,79.3097,8.06045454545455,6.8623809524,8.1802,7.52,0.8220479618812327
1995-05,1995-05,1995-05-01,1995-05-31,6.0,83.2331,67.717,2.1804080154514516,6.17,0.41,7.9,7.3,79.9412,7.85818181818182,6.783,8.1097,7.45,0.7646433317191852
1995-06,1995-06,1995-06-01,1995-06-30,5.85,82.3071,67.802,1.9870338893819506,6.11,0.42,8.04,7.41,80.6794,8.076,6.8623809524,8.2613,7.45,0.8256798983109962
1995-07,1995-07,1995-07-01,1995-07-31,5.74,82.8963,67.948,1.9719662634690938,5.97,0.57,8.19,7.57,81.2236,8.26409090909091,6.7460869565,8.1169,7.33,0.8011382755741168
1995-08,1995-08,1995-08-01,1995-08-31,5.8,83.25,67.995,1.929303831624396,5.93,0.43,7.93,7.32,81.8647,7.9285,6.5852380952,7.9486,7.35,0.7109926851242218
1995-09,1995-09,1995-09-01,1995-09-30,5.76,82.7324,68.171,2.0203229523652944,6.2,0.34,7.75,7.12,84.9446,7.72095238095238,6.5652380952,8.0967,7.49,0.7134379433578611
1995-10,1995-10,1995-10-01,1995-10-31,5.8,82.4035,68.169,1.8238035490231175,5.97,0.42,7.68,7.02,84.347,7.47380952380952,6.3418181818,7.7752,7.04,0.5516286577981214
1995-11,1995-11,1995-11-01,1995-11-30,5.6,82.2529,68.3,1.9539938200653806,6.11,0.4,7.49,6.82,84.171,7.24947368421053,6.0747368421,7.4926,6.71,0.4046033201322002
1995-12,1995-12,1995-12-01,1995-12-31,5.56,81.2592,68.452,1.9738704247173278,4.73,0.4,7.47,6.81,84.9929,7.09181818181818,5.8872727273,7.4408,6.47,0.31796845311261074
1996-01,1996-01,1996-01-01,1996-01-31,5.22,82.0152,68.56,1.9540195699372598,5.71,0.67,7.63,6.99,85.6681,7.24047619047619,6.2042857143,7.7618,6.6,0.44383560077933626
1996-02,1996-02,1996-02-01,1996-02-29,5.31,81.4024,68.767,2.0736232744544836,6.05,0.69,8.03,7.35,86.6855,7.62190476190476,6.4452380952,8.057,6.65,0.5767791503805058
1996-03,1996-03,1996-03-01,1996-03-31,5.22,81.9406,68.973,2.1111226257272797,5.25,0.55,8.19,7.5,86.8095,7.69952380952381,6.377,8.0602,6.51,0.560244916937626
1996-04,1996-04,1996-04-01,1996-04-30,5.24,82.1342,69.092,2.1300498144890767,5.5,0.63,8.3,7.62,87.1982,7.76818181818182,6.446,8.0871,6.47,0.5794475836378843
1996-05,1996-05,1996-05-01,1996-05-31,5.27,82.4584,69.091,2.0290325915205853,5.31,0.58,8.4,7.71,86.9426,7.8095,6.5589473684,8.054,6.56,0.6101447608142281
1996-06,1996-06,1996-06-01,1996-06-30,5.4,82.38,69.237,2.11645674168901,5.0,0.62,8.35,7.65,87.7201,7.71181818181818,6.4786956522,7.9162,6.49,0.5588946201955837
1996-07,1996-07,1996-07-01,1996-07-31,5.22,82.3084,69.303,1.9941720138929808,6.75,0.58,8.18,7.46,86.8725,7.30571428571429,6.3022727273,7.8219,6.41,0.45364410378691744
1996-08,1996-08,1996-08-01,1996-08-31,5.3,82.4969,69.499,2.211927347599074,5.28,0.62,8.35,7.66,86.7202,7.3385,6.2266666667,7.8151,6.29,0.43090238353240834
1996-09,1996-09,1996-09-01,1996-09-30,5.24,82.0128,69.709,2.2560912998195626,6.09,0.62,8.07,7.39,86.9902,6.64454545454545,6.0086363636,7.5413,5.98,0.23077468028103543
1996-10,1996-10,1996-10-01,1996-10-31,5.31,82.3142,69.833,2.44099223987444,5.63,0.6,7.79,7.1,,6.135,5.8595238095,7.5952,5.83,0.1253103697219596
1996-11,1996-11,1996-11-01,1996-11-30,5.29,82.5699,69.914,2.3631039531478937,5.44,0.47,7.89,7.2,,6.392,5.79,7.5716,5.75,0.13704420920536536
1996-12,1996-12,1996-12-01,1996-12-31,5.25,82.2119,70.005,2.2687430608309356,6.26,0.55,8.09,7.42,88.7126,6.63272727272727,5.8040909091,7.5552,5.69,0.163387640624518
1997-01,1997-01,1997-01-01,1997-01-31,5.19,82.8966,70.151,2.320595099183187,5.37,0.59,7.94,7.31,91.6567,6.3035,5.5445,7.1962,5.45,0.004593635250899373
1997-02,1997-02,1997-02-01,1997-02-28,5.39,83.2201,70.225,2.120203004348009,5.5,0.47,8.18,7.55,91.7045,6.5395,5.7152631579,7.4544,5.67,0.12166470655754436
1997-03,1997-03,1997-03-01,1997-03-31,5.51,82.7028,70.294,1.9152421962217003,7.07,0.47,8.34,7.73,93.6101,6.78454545454545,5.8668181818,7.638,5.81,0.21849897731968515
1997-04,1997-04,1997-04-01,1997-04-30,5.5,82.788,70.262,1.6933943148266017,5.82,0.43,8.2,7.58,95.4034,6.57333333333333,5.7611111111,7.1681,5.71,0.10415845780676547
1997-05,1997-05,1997-05-01,1997-05-31,5.56,82.7944,70.352,1.8251291774616263,5.58,0.45,8.02,7.41,91.9907,6.27142857142857,5.7185714286,7.1418,5.65,0.04554984373320072
1997-06,1997-06,1997-06-01,1997-06-30,5.52,82.902,70.394,1.6710718257579193,6.87,0.43,7.75,7.14,92.7004,5.96318181818182,5.5565217391,7.0577,5.44,-0.05797330023051801
1997-07,1997-07,1997-07-01,1997-07-31,5.54,83.3485,70.45,1.6550510078928937,5.96,0.28,7.82,7.22,,5.9945,5.66,7.0893,5.59,-0.015383145167877286
1997-08,1997-08,1997-08-01,1997-08-31,5.54,83.5136,70.62,1.6129728485302142,5.52,0.37,7.7,7.15,95.2867,5.87619047619048,5.5927272727,6.8216,5.53,-0.08175115254059688
1997-09,1997-09,1997-09-01,1997-09-30,5.5,83.6688,70.712,1.4388386004676512,5.81,0.32,7.57,7.0,94.5255,5.60909090909091,5.5781818182,6.5109,5.6,-0.14983676912555952
1997-10,1997-10,1997-10-01,1997-10-31,5.52,83.8583,70.716,1.2644451763492937,5.56,0.21,7.42,6.87,94.0934,5.50315789473684,5.5565,6.624,5.57,-0.15788652860825558
1997-11,1997-11,1997-11-01,1997-11-30,5.5,83.6515,70.701,1.1256686786623504,5.5,0.1,7.32,6.76,94.2656,5.66571428571429,5.3273684211,6.3739,5.32,-0.23228386731239142
1997-12,1997-12,1997-12-01,1997-12-31,5.56,83.6492,70.736,1.0442111277765953,5.84,0.09,7.19,6.61,,5.36047619047619,5.1123809524,6.0978,5.12,-0.3658700208309414
1998-01,1998-01,1998-01-01,1998-01-31,5.51,83.1551,70.699,0.7811720431640357,5.48,0.21,7.25,6.67,98.9445,5.434,4.989,6.0461,5.04,-0.391486546181755
1998-02,1998-02,1998-02-01,1998-02-28,5.49,82.3971,70.71,0.6906372374510417,5.57,0.07,7.32,6.72,96.9511,5.42727272727273,4.8995454545,5.992,4.96,-0.4228831346283574
1998-03,1998-03,1998-03-01,1998-03-31,5.45,82.1691,70.798,0.7169886476797505,5.88,0.07,7.33,6.69,97.6767,5.31238095238095,4.902,5.8249,4.97,-0.4571247932776354
1998-04,1998-04,1998-04-01,1998-04-30,5.49,82.0271,70.895,0.9009137229227582,5.59,0.09,7.3,6.69,97.9979,5.387,4.9647368421,5.8648,5.01,-0.4271625544638177
1998-05,1998-05,1998-05-01,1998-05-31,5.56,80.8666,70.835,0.6865476461223485,5.63,0.03,7.13,6.53,98.3427,5.31863636363636,4.7985,5.7743,4.86,-0.4921342645779202
1998-06,1998-06,1998-06-01,1998-06-30,5.54,80.0244,71.01,0.8750745802199145,7.06,-0.05,7.15,6.55,99.4146,5.34772727272727,4.6847826087,5.8319,4.78,-0.509172866506134
1998-07,1998-07,1998-07-01,1998-07-31,5.55,81.4968,71.108,0.9339957416607536,5.63,0.01,7.14,6.52,101.298,5.565,4.4252380952,5.5706,4.53,-0.5823554244425
1998-08,1998-08,1998-08-01,1998-08-31,5.51,80.9731,71.067,0.6329651656754365,5.89,0.14,7.09,6.4,102.4963,5.24666666666667,4.0609090909,5.151,4.2,-0.7745719061661969
1998-09,1998-09,1998-09-01,1998-09-30,5.07,81.2168,71.223,0.7226496209978395,6.14,0.14,7.18,6.37,98.3854,4.90809523809524,4.0645454545,5.0114,4.19,-0.8383977747656677
1998-10,1998-10,1998-10-01,1998-10-31,4.83,80.9192,71.226,0.7211946377057687,5.35,0.52,7.34,6.41,94.5111,5.169,4.1204761905,4.9292,4.2,-0.8021243806146835
1998-11,1998-11,1998-11-01,1998-11-30,4.68,81.0067,71.298,0.8444010692918225,5.11,0.2,7.23,6.22,97.378,4.87238095238095,3.8635,4.5175,3.91,-0.9682091519708412
1998-12,1998-12,1998-12-01,1998-12-31,4.63,80.8313,71.398,0.9358742365980444,4.07,0.11,7.29,6.24,94.9484,4.9465,3.702,4.2868,3.78,-1.0272979681181336
1999-01,1999-01,1999-01-01,1999-01-31,4.76,81.1755,71.358,0.932120680631976,4.79,0.08,7.39,6.4,94.8346,5.124,3.849,4.4319,3.94,-0.9427495560717863
1999-02,1999-02,1999-02-01,1999-02-28,4.81,80.8083,71.412,0.9927874416631566,4.84,0.16,7.53,6.62,95.2569,5.2204347826087,4.037826087,4.6554,4.14,-0.848415367487559
1999-03,1999-03,1999-03-01,1999-03-31,4.74,80.7354,71.757,1.3545580383626632,4.98,0.26,7.48,6.64,97.386,5.02952380952381,3.85,4.592,3.99,-0.9304895467233009
1999-04,1999-04,1999-04-01,1999-04-30,4.74,81.0344,71.804,1.2821778686790353,5.03,0.28,7.72,6.93,97.9948,5.3595,4.0121052632,4.9068,4.17,-0.7998366259521915
1999-05,1999-05,1999-05-01,1999-05-31,4.76,80.4957,71.826,1.3990259052728105,4.61,,8.02,7.23,99.0488,5.58090909090909,4.3604761905,5.1716,4.49,-0.6432713695889422
1999-06,1999-06,1999-06-01,1999-06-30,4.99,80.4847,72.017,1.4181101253344375,5.12,0.28,7.95,7.19,98.6554,5.49095238095238,4.6763636364,5.3721,4.82,-0.5413036747050017
1999-07,1999-07,1999-07-01,1999-07-31,5.07,80.634,72.148,1.4625639871744367,5.07,0.29,8.15,7.4,100.0495,5.75571428571429,4.8790909091,5.4312,5.02,-0.44129525268382247
1999-08,1999-08,1999-08-01,1999-08-31,5.22,79.9785,72.407,1.885544626901381,5.57,0.25,8.2,7.39,97.6537,5.72142857142857,5.0404545455,5.6909,5.2,-0.36740320835604173
1999-09,1999-09,1999-09-01,1999-09-30,5.2,80.7666,72.529,1.8336773233365689,5.51,0.27,8.38,7.55,95.7617,6.0895,5.2923809524,5.8801,5.44,-0.22488317139235758
1999-10,1999-10,1999-10-01,1999-10-31,5.42,80.9602,72.594,1.920646954763705,5.27,0.23,8.15,7.36,95.2186,6.0347619047619,5.04,5.3145,5.15,-0.37544874853714305
1999-11,1999-11,1999-11-01,1999-11-30,5.3,81.1849,72.763,2.0547560941400977,5.63,0.17,8.19,7.55,96.547,6.14,5.1476190476,5.389,5.29,-0.31806173647190683
1999-12,1999-12,1999-12-01,1999-12-31,5.45,80.8292,72.961,2.1891369506148672,3.99,0.21,8.33,7.78,96.0068,6.4915,5.5395238095,5.8227,5.66,-0.11040213849488988
2000-01,2000-01,2000-01-01,2000-01-31,5.73,80.6792,73.191,2.5687379130580945,5.87,0.07,8.29,7.68,95.2533,6.33857142857143,5.5085714286,5.6347,5.62,-0.16369716785975458
2000-02,2000-02,2000-02-01,2000-02-29,5.85,80.8587,73.505,2.930879964151667,5.85,-0.11,8.37,7.68,98.26,6.02826086956522,5.3330434783,5.3707,5.43,-0.28892122549233334
2000-03,2000-03,2000-03-01,2000-03-31,6.02,81.0265,73.444,2.3509901473026895,6.17,-0.47,8.4,7.64,98.6182,5.92421052631579,5.2255555556,5.3213,5.33,-0.3384125766106769
2000-04,2000-04,2000-04-01,2000-04-30,6.27,80.701,73.505,2.368948805080495,6.06,-0.45,8.9,7.99,101.3315,6.215,5.3781818182,5.4033,5.5,-0.24377677400485637
2000-05,2000-05,2000-05-01,2000-05-31,6.53,80.5159,73.754,2.684264750925869,6.83,-0.4,8.48,7.67,102.8356,5.89545454545455,5.1913636364,5.2097,5.32,-0.3624930673448901
2000-06,2000-06,2000-06-01,2000-06-30,6.54,80.2704,73.939,2.668814307732892,6.86,-0.35,8.35,7.65,99.9855,5.8635,5.2661904762,5.2388,5.4,-0.3417918280315815
2000-07,2000-07,2000-07-01,2000-07-31,6.5,79.4606,73.934,2.475467095414974,6.64,-0.26,8.26,7.55,100.8814,5.76636363636364,5.2104347826,5.3312,5.36,-0.3578453817375455
2000-08,2000-08,2000-08-01,2000-08-31,6.52,79.5715,74.252,2.5480961785462775,6.65,-0.45,8.35,7.62,102.071,5.7295,5.2633333333,5.3873,5.42,-0.34050643070378656
2000-09,2000-09,2000-09-01,2000-09-30,6.51,78.9447,74.353,2.5148561265149194,6.6,-0.18,8.34,7.55,103.4581,5.72333333333333,5.2071428571,5.2179,5.36,-0.37787774553042747
2000-10,2000-10,2000-10-01,2000-10-31,6.51,78.447,74.457,2.5663277956855968,6.59,-0.17,8.28,7.45,106.5658,5.72714285714286,5.1536363636,5.0983,5.29,-0.4086453278903606
2000-11,2000-11,2000-11-01,2000-11-30,6.4,77.6908,74.571,2.4847793521432404,6.62,-0.13,8.02,7.21,106.3962,5.40210526315789,4.8905263158,4.9118,5.04,-0.5479292152864427
2000-12,2000-12,2000-12-01,2000-12-31,5.98,77.1264,74.932,2.7014432367977514,5.41,0.01,7.93,7.15,102.9824,5.41863636363636,4.8031818182,4.8471,4.94,-0.5794089310209427
2001-01,2001-01,2001-01-01,2001-01-31,5.49,76.3313,75.048,2.537197196376595,5.74,0.57,7.87,7.1,103.8759,5.43,4.7775,4.8248,4.93,-0.5858839343392385
2001-02,2001-02,2001-02-01,2001-02-28,5.31,75.9107,75.055,2.1087000884293827,5.59,0.51,7.84,6.98,105.5642,5.30136363636364,4.6677272727,4.703,4.84,-0.6466305426905367
2001-03,2001-03,2001-03-01,2001-03-31,4.8,75.3521,75.187,2.373236751810892,5.29,0.75,8.07,7.2,108.3163,5.5915,4.8278947368,4.9468,5.0,-0.53262976427264
2001-04,2001-04,2001-04-01,2001-04-30,4.21,74.7304,75.385,2.5576491395143286,4.67,1.05,8.07,7.29,110.232,5.85136363636364,5.0468181818,5.1153,5.21,-0.4163608423686454
2001-05,2001-05,2001-05-01,2001-05-31,3.97,74.097,75.518,2.3917346855763633,4.24,1.21,7.97,7.18,109.8213,5.71809523809524,5.0,5.1951,5.15,-0.43978190666789146
2001-06,2001-06,2001-06-01,2001-06-30,3.77,73.5073,75.493,2.1017325092305805,3.95,1.17,7.97,7.13,109.7926,5.80047619047619,5.0159090909,5.2037,5.15,-0.4248418267688186
2001-07,2001-07,2001-07-01,2001-07-31,3.65,73.0372,75.484,2.0964644142072553,3.82,1.28,7.85,7.02,108.9504,5.53090909090909,4.8239130435,4.9854,4.95,-0.5428498498789832
2001-08,2001-08,2001-08-01,2001-08-31,3.07,72.5829,75.227,1.3130959435436296,3.66,1.21,8.03,7.17,108.7682,5.30263157894737,4.813,4.9876,4.94,-0.5768955033441494
2001-09,2001-09,2001-09-01,2001-09-30,2.49,72.1596,75.492,1.531881699460702,2.75,1.74,7.91,7.03,107.9511,5.23272727272727,4.5995652174,4.8253,4.72,-0.6666097831588044
2001-10,2001-10,2001-10-01,2001-10-31,2.09,71.7544,75.441,1.321568153430852,2.66,1.86,7.81,6.97,106.7608,5.17714285714286,4.4477272727,4.6271,4.57,-0.7403927582252879
2001-11,2001-11,2001-11-01,2001-11-30,1.82,71.7863,75.363,1.0620750693969505,2.06,1.94,8.05,6.77,108.2331,5.40842105263158,4.7358823529,4.8928,4.87,-0.594531004762009
2001-12,2001-12,2001-12-01,2001-12-31,1.73,72.1618,75.431,0.6659371163187933,1.52,2.0,7.87,6.55,109.5936,5.34363636363636,4.8627272727,4.9171,4.93,-0.5727855986792368
2002-01,2002-01,2002-01-01,2002-01-31,1.74,72.088,75.558,0.679565078349853,1.85,1.91,7.89,6.51,111.6905,5.321,4.9195,4.9251,4.99,-0.5586283587134939
2002-02,2002-02,2002-02-01,2002-02-28,1.73,72.5091,75.763,0.9433082406235416,1.83,1.82,8.11,6.81,112.5178,5.667,5.161,5.2202,5.24,-0.4069662543230101
2002-03,2002-03,2002-03-01,2002-03-31,1.75,72.6845,76.08,1.1877053213986466,1.74,,8.03,6.76,110.7234,5.65863636363636,5.1552380952,5.2331,5.24,-0.40750755087867285
2002-04,2002-04,2002-04-01,2002-04-30,1.75,73.0064,76.13,0.9882602639782245,1.82,1.87,8.09,6.75,111.0546,5.59590909090909,5.1677272727,5.2689,5.26,-0.4074441257638797
2002-05,2002-05,2002-05-01,2002-05-31,1.75,73.7004,76.225,0.9362006409068035,1.79,1.86,7.95,6.63,106.014,5.424,5.0175,5.099,5.11,-0.4935489792424848
2002-06,2002-06,2002-06-01,2002-06-30,1.73,73.6162,76.393,1.1921635118487872,1.73,1.96,7.9,6.53,105.6487,5.29045454545455,4.8673913043,5.0027,4.96,-0.5655400194162877
2002-07,2002-07,2002-07-01,2002-07-31,1.74,73.6831,76.543,1.402946319749887,1.76,2.28,7.58,6.37,103.4799,5.12047619047619,4.5895454545,4.746,4.67,-0.6990468228893952
2002-08,2002-08,2002-08-01,2002-08-31,1.75,73.7166,76.681,1.9328166748640685,1.81,2.0,7.4,6.15,104.0711,4.8855,4.3852380952,4.5006,4.46,-0.818735389031717
2002-09,2002-09,2002-09-01,2002-09-30,1.75,73.5323,76.821,1.7604514385630265,1.85,1.91,7.73,6.32,103.5513,5.12727272727273,4.4639130435,4.616,4.55,-0.7482858137276632
2002-10,2002-10,2002-10-01,2002-10-31,1.34,73.9162,76.897,1.9299850214074654,1.82,2.25,7.62,6.31,104.101,5.0895,4.4776190476,4.6378,4.53,-0.7509765840744304
2002-11,2002-11,2002-11-01,2002-11-30,1.24,73.4884,76.971,2.13367302257077,1.23,2.14,7.45,6.21,101.8315,4.9675,4.3355555556,4.5644,4.38,-0.8173244536819836
2002-12,2002-12,2002-12-01,2002-12-31,1.24,74.1095,77.201,2.3465153584070197,1.16,2.22,7.35,6.17,102.6079,4.96181818181818,4.18,4.3899,4.22,-0.883192711384187
2003-01,2003-01,2003-01-01,2003-01-31,1.26,74.0295,77.526,2.6046216151830226,1.33,2.28,7.06,5.95,97.451,5.012,3.955,4.2131,4.01,-0.9588611488333999
2003-02,2003-02,2003-02-01,2003-02-28,1.25,74.1193,77.725,2.589654580732015,1.33,2.18,6.95,5.89,97.2223,4.99714285714286,4.0004761905,4.3243,4.1,-0.9295765411705234
2003-03,2003-03,2003-03-01,2003-03-31,1.26,73.6009,77.593,1.9886961093585676,1.38,2.32,6.85,5.74,96.6968,5.05190476190476,4.147,4.4663,4.22,-0.867037664089132
2003-04,2003-04,2003-04-01,2003-04-30,1.26,73.6471,77.504,1.8048075660055396,1.31,2.38,6.38,5.22,97.759,4.67190476190476,3.8152380952,4.2197,3.89,-1.0416717078795716
2003-05,2003-05,2003-05-01,2003-05-31,1.22,73.9947,77.588,1.788127254837657,1.28,2.04,6.19,4.97,91.0644,4.28809523809524,3.6166666667,4.1127,3.69,-1.1630979121405836
2003-06,2003-06,2003-06-01,2003-06-30,1.01,74.2472,77.816,1.8627361145654664,1.45,2.22,6.62,5.49,92.1028,4.68318181818182,3.9726086957,4.4078,4.01,-0.977809830128033
2003-07,2003-07,2003-07-01,2003-07-31,1.03,73.9161,78.079,2.0067151797029004,1.04,2.69,7.01,5.88,92.9376,4.902,4.13,4.604,4.16,-0.8809404024079002
2003-08,2003-08,2003-08-01,2003-08-31,1.01,74.5478,78.323,2.141338793182146,1.01,2.5,6.79,5.72,94.5826,4.75714285714286,4.1713636364,4.7132,4.23,-0.8727729265306585
2003-09,2003-09,2003-09-01,2003-09-30,1.01,74.647,78.333,1.9682118170812668,1.17,2.46,6.73,5.7,93.7534,4.81545454545455,4.2213043478,4.9071,4.28,-0.8274957469925993
2003-10,2003-10,2003-10-01,2003-10-31,1.0,75.3087,78.432,1.996176703902619,1.03,2.48,6.66,5.65,88.4867,4.85684210526316,4.353,5.065,4.41,-0.7661292744883911
2003-11,2003-11,2003-11-01,2003-11-30,0.98,75.2623,78.605,2.122877447350291,1.01,2.28,6.6,5.62,89.0617,4.72904761904762,4.2910526316,4.896,4.34,-0.8222726647575384
2003-12,2003-12,2003-12-01,2003-12-31,1.0,75.2136,78.909,2.212406575044379,0.94,2.43,6.44,5.54,84.8883,4.58619047619048,4.170952381,4.7875,4.2,-0.8909382815722261
2004-01,2004-01,2004-01-01,2004-01-31,1.01,75.8069,79.077,2.000619147124838,1.03,2.32,6.27,5.5,84.2166,4.4515,4.11,4.8056,4.14,-0.9242569672207468
2004-02,2004-02,2004-02-01,2004-02-29,1.0,75.8094,79.199,1.8964297201672586,1.04,2.33,6.11,5.33,85.6484,4.2604347826087,3.9134782609,4.7088,3.98,-1.012950098360707
2004-03,2004-03,2004-03-01,2004-03-31,1.0,76.0725,79.346,2.2592244145734686,1.05,2.26,6.46,5.73,87.1762,4.61285714285714,4.097,4.957,4.18,-0.8813577777863856
2004-04,2004-04,2004-04-01,2004-04-30,1.0,76.628,79.604,2.709537572254317,1.03,2.22,6.75,6.04,88.8297,4.773,4.2533333333,5.1118,4.34,-0.7965088760555734
2004-05,2004-05,2004-05-01,2004-05-31,1.03,76.1259,79.831,2.890910965613247,1.02,,6.78,6.01,88.3965,4.93272727272727,4.3127272727,5.2,4.39,-0.7484347354461268
2004-06,2004-06,2004-06-01,2004-06-30,1.26,76.8104,79.905,2.684537884239746,1.38,1.92,6.62,5.82,87.1165,4.75,4.2368181818,5.1083,4.27,-0.8110076146589801
2004-07,2004-07,2004-07-01,2004-07-31,1.43,77.1402,79.946,2.391167919671111,1.29,1.82,6.46,5.65,85.5677,4.63095238095238,4.0804545455,5.0071,4.11,-0.8837898846365652
2004-08,2004-08,2004-08-01,2004-08-31,1.61,77.1344,80.104,2.2739169847937557,1.55,1.72,6.27,5.46,87.0051,4.60238095238095,4.0163636364,4.9109,4.09,-0.9120479154411132
2004-09,2004-09,2004-09-01,2004-09-30,1.76,77.7669,80.448,2.700011489410592,1.94,1.51,6.21,5.47,85.8584,4.55,3.8947619048,4.7683,3.98,-0.9690935891415661
2004-10,2004-10,2004-10-01,2004-10-31,1.93,77.7031,80.758,2.9656262749897966,1.79,1.49,6.2,5.52,82.6529,4.48476190476191,3.7804545455,4.6903,3.86,-1.0201456265730315
2004-11,2004-11,2004-11-01,2004-11-30,2.16,78.2322,80.801,2.7937154125055708,2.02,1.34,6.15,5.47,79.5853,4.32047619047619,3.5795238095,4.5316,3.64,-1.1203536247108192
2004-12,2004-12,2004-12-01,2004-12-31,2.28,78.6268,80.907,2.53203056685547,1.97,1.16,6.02,5.36,80.4283,4.2605,3.5647619048,4.5419,3.58,-1.1368153426173357
2005-01,2005-01,2005-01-01,2005-01-31,2.5,79.1803,81.132,2.598732880610055,2.5,0.85,5.82,5.2,81.5378,4.205,3.544,4.5884,3.6,-1.1398967321340399
2005-02,2005-02,2005-02-01,2005-02-28,2.63,78.6751,81.375,2.747509438250484,2.52,0.77,6.06,5.4,82.1353,4.35818181818182,3.6961904762,4.796,3.75,-1.0515236878286147
2005-03,2005-03,2005-03-01,2005-03-31,2.79,78.8731,81.603,2.844503818718014,2.96,0.7,6.05,5.33,81.605,4.19380952380952,3.4823809524,4.6218,3.54,-1.154526202425929
2005-04,2005-04,2005-04-01,2005-04-30,3.0,78.9331,81.649,2.5689663835988252,2.97,0.55,6.01,5.15,82.3739,4.07380952380952,3.3040909091,4.4173,3.38,-1.2433999141906587
2005-05,2005-05,2005-05-01,2005-05-31,3.04,78.9349,81.7,2.3411957760769653,3.09,0.4,5.86,4.96,84.9582,3.82818181818182,3.1263636364,4.2847,3.2,-1.343167023345585
2005-06,2005-06,2005-06-01,2005-06-30,3.26,78.4897,82.046,2.679431825292533,3.35,0.28,5.95,5.06,85.9512,3.8995,3.2057142857,4.3011,3.27,-1.310241480181252
2005-07,2005-07,2005-07-01,2005-07-31,3.5,78.7308,82.377,3.0408025417156592,3.31,0.26,5.96,5.09,85.7985,3.92045454545455,3.2326086957,4.3249,3.3,-1.2965991255970049
2005-08,2005-08,2005-08-01,2005-08-31,3.62,77.6962,83.172,3.8300209727354373,3.63,0.18,6.03,5.13,83.6758,3.86857142857143,3.0677272727,4.2109,3.13,-1.364254733881324
2005-09,2005-09,2005-09-01,2005-09-30,3.78,78.6389,83.305,3.551362370723954,3.93,0.16,6.3,5.35,82.9177,4.047,3.2385714286,4.3482,3.29,-1.2766270282929004
2005-10,2005-10,2005-10-01,2005-10-31,4.0,79.1894,83.131,2.938408578716656,4.02,0.17,6.39,5.42,84.999,4.10714285714286,3.4481818182,4.3129,3.5,-1.2137456856342974
2005-11,2005-11,2005-11-01,2005-11-30,4.16,79.1365,83.131,2.8836276778752667,4.03,0.07,6.32,5.37,86.7609,4.041,3.3376190476,4.2186,3.38,-1.2662660235600713
2005-12,2005-12,2005-12-01,2005-12-31,4.29,79.5941,83.534,3.246937842213904,4.09,-0.02,6.24,5.29,84.7276,4.02904761904762,3.3213636364,4.0752,3.34,-1.292453623544882
2006-01,2006-01,2006-01-01,2006-01-31,4.49,79.2317,83.584,3.0222353695212645,4.47,-0.01,6.27,5.35,84.1424,4.17,3.4725,4.1543,3.51,-1.21898929611518
2006-02,2006-02,2006-02-01,2006-02-28,4.59,79.0731,83.746,2.9136712749615823,4.52,-0.14,6.41,5.53,85.1312,4.1995652173913,3.6373913043,4.3177,3.69,-1.1472988400719903
2006-03,2006-03,2006-03-01,2006-03-31,4.79,79.2153,84.135,3.102827101944805,5.0,0.04,6.68,5.84,85.7696,4.41578947368421,3.895,4.5177,3.95,-1.0210637189634426
2006-04,2006-04,2006-04-01,2006-04-30,4.94,78.8787,84.361,3.321534862643749,4.86,0.2,6.75,5.95,83.234,4.39954545454545,3.9627272727,4.6488,4.0,-0.9906576844647228
2006-05,2006-05,2006-05-01,2006-05-31,4.99,78.9462,84.569,3.511627906976744,5.05,0.08,6.78,5.89,80.3988,4.44136363636364,3.9604545455,4.6645,4.01,-0.98222634836929
2006-06,2006-06,2006-06-01,2006-06-30,5.24,78.5463,84.858,3.4273456353752785,5.05,-0.01,6.76,5.85,82.3801,4.444,4.01,4.656,4.03,-0.9724558991319131
2006-07,2006-07,2006-07-01,2006-07-31,5.25,78.9594,85.125,3.335882588586636,5.31,0.02,6.59,5.68,81.3038,4.25272727272727,3.8839130435,4.6535,3.9,-1.0348622101484688
2006-08,2006-08,2006-08-01,2006-08-31,5.25,78.8808,84.902,2.0800269321406217,5.31,-0.05,6.43,5.51,81.3794,4.06857142857143,3.7538095238,4.5522,3.77,-1.1087924180034898
2006-09,2006-09,2006-09-01,2006-09-30,5.25,78.3488,84.702,1.67697016985775,5.34,-0.07,6.42,5.51,81.8035,4.10666666666667,3.7877272727,4.6155,3.81,-1.085739130833772
2006-10,2006-10,2006-10-01,2006-10-31,5.25,78.2681,84.731,1.9246731063020883,5.31,-0.1,6.2,5.33,81.7348,3.99952380952381,3.7140909091,4.5452,3.74,-1.129116751215466
2006-11,2006-11,2006-11-01,2006-11-30,5.24,79.227,85.032,2.2867522344251823,5.31,-0.16,6.22,5.32,81.873,3.96631578947368,3.7705263158,4.6195,3.81,-1.1073414551074126
2006-12,2006-12,2006-12-01,2006-12-31,5.25,78.781,85.316,2.133263102449301,5.17,-0.11,6.34,5.4,80.195,4.12181818181818,4.0168181818,4.8694,4.07,-0.9853083383487221
2007-01,2007-01,2007-01-01,2007-01-31,5.26,78.8347,85.581,2.389213246554367,5.33,-0.11,6.28,5.39,,4.1175,4.049,4.896,4.1,-0.973939643380821
2007-02,2007-02,2007-02-01,2007-02-28,5.26,79.285,85.894,2.564898622023759,5.41,-0.09,6.27,5.3,82.6587,4.04590909090909,3.9409090909,4.8194,4.0,-1.0223322575342206
2007-03,2007-03,2007-03-01,2007-03-31,5.25,79.5845,86.096,2.3307779164438047,5.3,0.07,6.39,5.47,81.7538,4.1715,4.1521052632,5.0439,4.21,-0.9190513326863584
2007-04,2007-04,2007-04-01,2007-04-30,5.25,79.3763,86.346,2.352983013477794,5.29,0.03,6.39,5.47,79.4445,4.29272727272727,4.279047619,5.1458,4.34,-0.8542080584508531
2007-05,2007-05,2007-05-01,2007-05-31,5.25,79.4851,86.529,2.3176341212501006,5.28,-0.02,6.7,5.79,79.4512,4.61285714285714,4.5604761905,5.4321,4.62,-0.6971193263313811
2007-06,2007-06,2007-06-01,2007-06-30,5.26,79.2955,86.661,2.1247260128685497,5.31,0.16,6.65,5.73,79.1189,4.59,4.505,5.4084,4.58,-0.7168457279020649
2007-07,2007-07,2007-07-01,2007-07-31,5.02,78.8946,86.72,1.873715124816444,5.28,0.22,6.65,5.79,78.102,4.42863636363636,4.2965217391,5.1499,4.39,-0.8263231793753324
2007-08,2007-08,2007-08-01,2007-08-31,4.94,78.9517,87.054,2.534687050952855,4.96,0.39,6.59,5.74,78.0747,4.35631578947368,4.226,4.9928,4.36,-0.8701163351370299
2007-09,2007-09,2007-09-01,2007-09-30,4.76,78.7002,87.318,3.08847488843238,4.58,0.62,6.48,5.66,76.8179,4.36272727272727,4.2826086957,4.9576,4.4,-0.8595266443100695
2007-10,2007-10,2007-10-01,2007-10-31,4.49,78.9719,87.781,3.5996270550330056,4.6,0.54,6.4,5.44,73.7371,4.12142857142857,4.0890909091,4.7263,4.23,-0.9719325696109767
2007-11,2007-11,2007-11-01,2007-11-30,4.24,78.9954,87.984,3.471634208298058,4.66,0.93,6.65,5.49,72.2589,4.01578947368421,4.2058823529,4.6937,4.35,-0.957207966760592
2007-12,2007-12,2007-12-01,2007-12-31,3.94,78.7582,88.206,3.3874068170097082,3.06,0.99,6.54,5.33,74.5436,3.84818181818182,4.0277272727,4.4925,4.15,-1.0569046499840344
2008-01,2008-01,2008-01-01,2008-01-31,2.98,78.161,88.382,3.2729227281756534,3.22,1.5,6.82,5.53,73.5725,3.828,3.9528571429,4.6234,4.08,-1.0644138720874983
2008-02,2008-02,2008-02-01,2008-02-29,2.61,77.8244,88.635,3.1911425710759778,3.01,1.88,6.89,5.51,72.14,3.509,3.7994736842,4.445,4.02,-1.161677699596398
2008-03,2008-03,2008-03-01,2008-03-31,2.28,77.0718,88.799,3.13951867682587,2.51,1.83,6.97,5.55,70.1241,3.62863636363636,4.04,4.6432,4.27,-1.052885339426521
2008-04,2008-04,2008-04-01,2008-04-30,1.98,76.6191,89.18,3.282143932550441,2.37,1.48,6.93,5.57,70.7808,3.62142857142857,4.2019047619,4.8683,4.41,-0.984036039188806
2008-05,2008-05,2008-05-01,2008-05-31,2.0,76.1328,89.827,3.8114389395462744,1.98,1.4,7.07,5.68,69.8545,3.76,4.5204761905,5.2103,4.73,-0.8344500780866294
2008-06,2008-06,2008-06-01,2008-06-30,2.01,75.4485,90.245,4.135655023597695,2.47,1.36,7.16,5.67,70.7681,3.75045454545455,4.4904347826,5.0494,4.69,-0.8646527791466188
2008-07,2008-07,2008-07-01,2008-07-31,2.0,74.544,90.172,3.9806273062730657,2.09,1.47,7.15,5.64,70.9156,3.5915,4.2023809524,4.7267,4.4,-1.0062232511696172
2008-08,2008-08,2008-08-01,2008-08-31,1.81,72.0301,90.247,3.6678383532060543,1.94,1.47,7.31,5.65,74.8687,3.54095238095238,4.0940909091,4.5701,4.36,-1.0542981002477287
2008-09,2008-09,2008-09-01,2008-09-30,0.97,71.6296,89.651,2.6718431480336147,2.03,1.85,8.88,6.28,76.3126,3.66818181818182,3.8834782609,4.5789,4.18,-1.0912576741982032
2008-10,2008-10,2008-10-01,2008-10-31,0.39,69.9172,88.593,0.9250293343662008,0.22,2.45,9.21,6.12,83.0921,3.57157894736842,3.5565,4.2571,3.98,-1.2199228750481845
2008-11,2008-11,2008-11-01,2008-11-30,0.16,67.6607,88.098,0.12956901254774777,0.52,1.93,8.43,5.05,82.221,2.94571428571429,3.0478947368,3.6238,3.54,-1.5164528292759312
2008-12,2008-12,2008-12-01,2008-12-31,0.15,65.5546,88.108,-0.11110355304627673,0.14,1.49,8.14,5.05,83.084,2.81238095238095,3.070952381,3.6699,3.6,-1.518428113631363
2009-01,2009-01,2009-01-01,2009-01-31,0.22,65.5782,88.266,-0.13124844425335125,0.23,1.93,8.08,5.27,81.784,2.96052631578947,3.1275,3.6899,3.68,-1.4770602281452279
2009-02,2009-02,2009-02-01,2009-02-28,0.18,64.4771,88.169,-0.5257516782309568,0.22,2.02,8.42,5.5,83.1904,2.88590909090909,3.0195454545,3.2497,3.65,-1.5612162953173052
2009-03,2009-03,2009-03-01,2009-03-31,0.15,64.107,88.295,-0.5675739591662121,0.16,1.9,8.39,5.39,86.1968,2.95428571428571,3.133,3.4072,3.66,-1.513268859699914
2009-04,2009-04,2009-04-01,2009-04-30,0.18,63.5243,88.387,-0.8892128279883504,0.2,2.25,8.06,5.54,82.6241,3.202,3.371,3.6206,3.8,-1.3984027899585039
2009-05,2009-05,2009-05-01,2009-05-31,0.21,63.4322,88.912,-1.018624689681269,0.19,2.55,7.5,5.61,80.8879,3.45909090909091,3.4736363636,3.7221,3.9,-1.3224343667741616
2009-06,2009-06,2009-06-01,2009-06-30,0.16,64.4955,88.922,-1.4660091971854472,0.22,2.42,7.09,5.41,77.5218,3.42909090909091,3.337826087,3.8238,3.73,-1.3564814940903624
2009-07,2009-07,2009-07-01,2009-07-31,0.16,65.3114,89.18,-1.1001197711041022,0.18,2.39,6.58,5.26,75.5523,3.4645,3.3052380952,3.7142,3.59,-1.386527230841837
2009-08,2009-08,2009-08-01,2009-08-31,0.15,66.102,89.324,-1.0227486786264395,0.15,2.43,6.31,5.13,75.3968,3.36571428571429,3.2631818182,3.6566,3.59,-1.413858404125958
2009-09,2009-09,2009-09-01,2009-09-30,0.12,66.2859,89.663,0.013385238313023962,0.07,2.36,6.29,5.15,73.9606,3.4252380952381,3.2090909091,3.5699,3.56,-1.4284222174692989
2009-10,2009-10,2009-10-01,2009-10-31,0.12,67.0806,89.887,1.4606120122357291,0.11,2.51,6.32,5.19,72.0528,3.3925,3.2171428571,3.7592,3.56,-1.408908233030255
2009-11,2009-11,2009-11-01,2009-11-30,0.12,67.1474,89.939,2.089718268292118,0.13,2.54,6.37,5.26,72.1706,3.41619047619048,3.1385,3.8871,3.48,-1.4125414924524535
2009-12,2009-12,2009-12-01,2009-12-31,0.11,67.941,90.136,2.301720615608116,0.05,2.71,6.25,5.26,73.8004,3.485,3.2575,4.0025,3.52,-1.3651524782826856
2010-01,2010-01,2010-01-01,2010-01-31,0.13,68.0202,90.134,2.1163301837627158,0.12,2.81,6.34,5.35,74.6258,3.42368421052632,3.17,4.0624,3.5,-1.3830069462454597
2010-02,2010-02,2010-02-01,2010-02-28,0.16,68.9678,90.261,2.3727160339801934,0.13,2.8,6.27,5.27,75.6532,3.4904347826087,3.102173913,4.0915,3.44,-1.388458275374745
2010-03,2010-03,2010-03-01,2010-03-31,0.2,69.624,90.31,2.282122430488709,0.09,2.82,6.25,5.29,75.0592,3.67,3.0645,4.1007,3.4,-1.3735339860821965
2010-04,2010-04,2010-04-01,2010-04-30,0.2,70.611,90.339,2.20846957131704,0.2,2.72,6.05,4.96,76.0807,3.4455,2.7342857143,3.7772,3.08,-1.5346023999124467
2010-05,2010-05,2010-05-01,2010-05-31,0.18,70.682,90.301,1.5622188231059875,0.19,,6.23,4.88,76.3437,3.29772727272727,2.5431818182,3.6007,3.07,-1.6083916869948536
2010-06,2010-06,2010-06-01,2010-06-30,0.18,71.1601,90.378,1.6373900721981194,0.09,2.36,6.01,4.72,78.5386,3.1852380952381,2.6159090909,3.5087,2.99,-1.6324211569262803
2010-07,2010-07,2010-07-01,2010-07-31,0.19,71.3642,90.502,1.4823951558645243,0.18,2.39,5.66,4.49,76.8124,2.94952380952381,2.35,3.233,2.68,-1.7776401791749863
2010-08,2010-08,2010-08-01,2010-08-31,0.19,71.5357,90.592,1.419551296404098,0.21,2.0,5.66,4.53,74.7265,2.88142857142857,2.3004545455,3.1271,2.68,-1.8077681664512777
2010-09,2010-09,2010-09-01,2010-09-30,0.19,71.6761,90.881,1.3584198610352205,0.15,2.11,5.72,4.68,73.7991,2.766,2.3457142857,3.0685,2.72,-1.8185696797425934
2010-10,2010-10,2010-10-01,2010-10-31,0.19,71.8748,91.062,1.3071968137772894,0.2,2.29,5.92,4.87,72.2108,3.02238095238095,2.5327272727,3.311,3.0,-1.6908804256065628
2010-11,2010-11,2010-11-01,2010-11-30,0.18,72.3185,91.268,1.477668197333748,0.2,2.36,6.1,5.02,,3.2047619047619,2.9147619048,3.6098,3.34,-1.5277605633660656
2010-12,2010-12,2010-12-01,2010-12-31,0.17,72.4358,91.542,1.5598650927487467,0.13,2.69,6.09,5.04,73.9341,3.253,3.0166666667,3.7273,3.44,-1.4786798878855372
2011-01,2011-01,2011-01-01,2011-01-31,0.16,72.6355,91.797,1.8450307320212023,0.17,2.84,6.15,5.22,72.7416,3.41736842105263,3.199,3.8799,3.6,-1.3892759231934684
2011-02,2011-02,2011-02-01,2011-02-28,0.14,73.1469,92.166,2.1105460830258993,0.16,2.73,6.03,5.13,71.4589,3.26652173913043,3.2117391304,3.7386,3.61,-1.4236860379201135
2011-03,2011-03,2011-03-01,2011-03-31,0.1,72.8001,92.557,2.488096556306063,0.1,2.67,6.02,5.16,70.7205,3.328,3.3405263158,3.7619,3.69,-1.382050313888763
2011-04,2011-04,2011-04-01,2011-04-30,0.09,72.8134,92.838,2.7662471357885243,0.09,2.71,5.78,4.96,68.8489,3.15190476190476,3.0609090909,3.5053,3.49,-1.506095672171526
2011-05,2011-05,2011-05-01,2011-05-31,0.09,72.9204,92.819,2.7884519551278464,0.1,2.6,5.75,4.99,70.7051,2.98772727272727,2.8909090909,3.4144,3.43,-1.5743109098975778
2011-06,2011-06,2011-06-01,2011-06-30,0.07,73.3492,92.977,2.875699838456258,0.07,2.73,5.76,4.93,69.0975,2.9385,2.7438095238,3.3137,3.4,-1.6206529339437254
2011-07,2011-07,2011-07-01,2011-07-31,0.1,73.6851,93.196,2.9767297960266115,0.11,2.46,5.36,4.37,68.6043,2.44636363636364,2.2134782609,2.7833,2.98,-1.8876673225272538
2011-08,2011-08,2011-08-01,2011-08-31,0.08,73.8276,93.327,3.0190303779583205,0.08,2.03,5.27,4.09,68.9123,2.19666666666667,1.8290909091,2.504,2.64,-2.0580787508917924
2011-09,2011-09,2011-09-01,2011-09-30,0.07,74.1656,93.329,2.693632332390705,0.06,1.67,5.37,3.98,71.993,2.296,2.0023809524,2.529,2.99,-1.9720496521477981
2011-10,2011-10,2011-10-01,2011-10-31,0.08,73.9533,93.52,2.6992598449408156,0.09,1.92,5.14,3.87,71.4115,2.12238095238095,1.8740909091,2.2917,3.41,-1.995898300548496
2011-11,2011-11,2011-11-01,2011-11-30,0.07,74.3759,93.574,2.5266248849541872,0.1,1.83,5.25,3.93,72.2429,1.992,1.9276190476,2.1828,3.16,-2.0475229211618906
2011-12,2011-12,2011-12-01,2011-12-31,0.08,74.9205,93.894,2.569312446745764,0.04,1.64,5.23,3.85,73.5171,1.98,1.8209090909,2.1104,3.18,-2.0728971665625484
2012-01,2012-01,2012-01-01,2012-01-31,0.1,75.1535,94.104,2.5131540246413397,0.11,1.61,5.14,3.85,73.2027,2.021,1.8519047619,2.2191,3.02,-2.0679850987674673
2012-02,2012-02,2012-02-01,2012-02-29,0.13,74.669,94.284,2.2980274721697835,0.1,1.68,5.23,3.99,72.4948,2.10681818181818,1.8304545455,2.323,2.95,-2.0554637667153743
2012-03,2012-03,2012-03-01,2012-03-31,0.14,74.9465,94.408,1.9998487418563693,0.09,1.9,5.19,3.96,73.2414,2.0645,1.6242105263,2.2117,2.99,-2.1035417198567345
2012-04,2012-04,2012-04-01,2012-04-30,0.16,74.6333,94.302,1.5769404769598871,0.16,1.68,5.07,3.8,73.2227,1.92227272727273,1.3368181818,1.9416,2.75,-2.230522862163806
2012-05,2012-05,2012-05-01,2012-05-31,0.16,74.7583,94.254,1.5460196726963193,0.16,1.32,5.02,3.64,73.3426,1.74761904761905,1.3004761905,1.7698,2.57,-2.3021933689779304
2012-06,2012-06,2012-06-01,2012-06-30,0.16,74.5256,94.288,1.4100261354958565,0.09,1.34,4.87,3.4,75.702,1.65619047619048,1.2422727273,1.6523,2.28,-2.3724145842451176
2012-07,2012-07,2012-07-01,2012-07-31,0.13,74.345,94.605,1.51186746212284,0.13,1.28,4.91,3.48,75.8478,1.82681818181818,1.3417391304,1.6735,2.12,-2.3490273183791994
2012-08,2012-08,2012-08-01,2012-08-31,0.14,74.1108,94.893,1.6779710051753494,0.13,1.35,4.84,3.49,74.5529,1.83789473684211,1.4905,1.7222,2.24,-2.3033113474490863
2012-09,2012-09,2012-09-01,2012-09-30,0.16,73.9373,95.174,1.9768774978838444,0.09,1.42,4.58,3.47,,1.81181818181818,1.4669565217,1.7721,2.19,-2.310624694155799
2012-10,2012-10,2012-10-01,2012-10-31,0.16,74.3212,95.109,1.6991017964071764,0.18,1.42,4.51,3.5,72.95,1.73809523809524,1.3359090909,1.7741,2.14,-2.347751001075508
2012-11,2012-11,2012-11-01,2012-11-30,0.16,74.7755,95.094,1.6243828413875505,0.16,1.37,4.63,3.65,73.5695,1.76789473684211,1.2994117647,1.8467,2.01,-2.356182367053085
2012-12,2012-12,2012-12-01,2012-12-31,0.14,74.589,95.275,1.4708075063369241,0.09,1.53,4.73,3.8,73.057,1.93136363636364,1.5122727273,2.0795,2.17,-2.252308997260179
2013-01,2013-01,2013-01-01,2013-01-31,0.15,74.8632,95.614,1.6046076681118793,0.15,1.75,4.85,3.9,73.7475,1.96789473684211,1.5435,2.1781,2.24,-2.222150346805354
2013-02,2013-02,2013-02-01,2013-02-28,0.14,74.7698,95.488,1.276992915022701,0.14,1.64,4.85,3.93,74.474,1.8515,1.3545,1.9768,2.07,-2.313066447778682
2013-03,2013-03,2013-03-01,2013-03-31,0.15,74.5484,95.391,1.0412253198881505,0.09,,4.59,3.73,76.5413,1.74863636363636,1.1961904762,1.7824,1.8,-2.408047336587973
2013-04,2013-04,2013-04-01,2013-04-30,0.11,74.7765,95.461,1.2290301372187118,0.14,1.48,4.73,3.89,76.1242,1.90181818181818,1.2940909091,1.9462,1.87,-2.343179402998143
2013-05,2013-05,2013-05-01,2013-05-31,0.09,74.9749,95.673,1.5055063976064709,0.09,1.86,5.19,4.27,78.0983,2.2445,1.5305,2.3063,2.21,-2.1744307108598426
2013-06,2013-06,2013-06-01,2013-06-30,0.09,74.4051,95.792,1.5951128457492025,0.07,2.16,5.32,4.34,76.6554,2.43818181818182,1.5656521739,2.471,2.25,-2.1176471798627206
2013-07,2013-07,2013-07-01,2013-07-31,0.08,75.0642,95.934,1.4047883304264985,0.09,2.29,5.42,4.54,77.4743,2.61142857142857,1.735,2.7088,2.36,-2.024801535917939
2013-08,2013-08,2013-08-01,2013-08-31,0.08,75.1341,95.976,1.1412854478201728,0.07,2.39,5.47,4.64,76.4708,2.698,1.8880952381,2.8443,2.49,-1.9564262129834529
2013-09,2013-09,2013-09-01,2013-09-30,0.09,75.3083,96.103,0.9761069199571093,0.06,2.31,5.31,4.53,76.4425,2.51818181818182,1.762173913,2.6784,2.39,-2.0332986133577493
2013-10,2013-10,2013-10-01,2013-10-31,0.08,75.3105,96.246,1.1954704602088029,0.07,2.26,5.38,4.63,74.718,2.5585,1.6771428571,2.7598,2.27,-2.045966482429623
2013-11,2013-11,2013-11-01,2013-11-30,0.09,75.2138,96.414,1.3881001955959427,0.07,2.47,5.38,4.62,75.6371,2.6735,1.7977777778,2.9458,2.33,-1.9811503693113113
2013-12,2013-12,2013-12-01,2013-12-31,0.07,74.4928,96.614,1.4054054054054133,0.07,2.66,5.19,4.49,76.324,2.53409090909091,1.7559090909,2.91,2.38,-2.005539953261846
2014-01,2014-01,2014-01-01,2014-01-31,0.07,75.2268,96.66,1.0939820528374389,0.07,2.33,5.1,4.45,77.0904,2.42,1.5585,2.8147,2.25,-2.080098941313046
2014-02,2014-02,2014-02-01,2014-02-28,0.08,75.9245,96.815,1.38970341823057,0.06,2.33,5.06,4.38,,2.45428571428571,1.5085714286,2.7837,2.15,-2.098999708463485
2014-03,2014-03,2014-03-01,2014-03-31,0.09,75.984,96.987,1.6731138157687786,0.06,2.29,4.9,4.24,76.6267,2.4447619047619,1.4565,2.7417,2.03,-2.127936971834002
2014-04,2014-04,2014-04-01,2014-04-30,0.09,76.2447,97.147,1.7661662878033946,0.09,2.25,4.76,4.16,76.0568,2.3152380952381,1.3271428571,2.6989,1.84,-2.194279321491626
2014-05,2014-05,2014-05-01,2014-05-31,0.1,76.5649,97.253,1.6514586142380772,0.08,2.11,4.8,4.25,76.3088,2.29857142857143,1.2642857143,2.7842,1.71,-2.2118673553697277
2014-06,2014-06,2014-06-01,2014-06-30,0.09,76.9794,97.391,1.6692416903290486,0.09,2.06,4.73,4.16,76.0454,2.19454545454545,1.1143478261,2.7343,1.56,-2.274212286945941
2014-07,2014-07,2014-07-01,2014-07-31,0.09,76.5958,97.379,1.5062438759980923,0.08,2.05,4.69,4.08,77.1301,2.062,0.9561904762,2.5347,1.41,-2.3597642842219133
2014-08,2014-08,2014-08-01,2014-08-31,0.09,76.6653,97.413,1.4972493123280861,0.07,1.87,4.8,4.11,77.2866,2.18095238095238,0.9213636364,2.4919,1.35,-2.361287190826935
2014-09,2014-09,2014-09-01,2014-09-30,0.09,76.6657,97.384,1.3329448612426242,0.07,1.94,4.69,3.92,78.8074,2.01045454545455,0.7909090909,2.2469,1.26,-2.4459275383831813
2014-10,2014-10,2014-10-01,2014-10-31,0.09,77.2751,97.291,1.0857594081832067,0.07,1.85,4.79,3.92,80.9357,2.00315789473684,0.719,2.1593,1.14,-2.4832604671030523
2014-11,2014-11,2014-11-01,2014-11-30,0.12,77.2028,97.12,0.7322588005891362,0.08,1.71,4.74,3.79,82.9246,1.85190476190476,0.5889473684,1.9287,0.92,-2.578745217278007
2014-12,2014-12,2014-12-01,2014-12-31,0.11,76.8495,96.654,0.04140186722421113,0.06,1.5,4.45,3.46,83.5181,1.52571428571429,0.39,1.589,0.67,-2.726097351505435
2015-01,2015-01,2015-01-01,2015-01-31,0.11,76.373,96.825,0.1707014276846719,0.06,1.21,4.51,3.61,88.7602,1.37947368421053,0.302,1.7365,0.6,-2.7510713400059608
2015-02,2015-02,2015-02-01,2015-02-28,0.11,76.7408,97.008,0.19934927438929329,0.06,1.37,4.54,3.64,89.6803,1.42136363636364,0.2272727273,1.7941,0.51,-2.761171239418636
2015-03,2015-03,2015-03-01,2015-03-31,0.12,76.8166,97.094,0.11032406404982709,0.06,1.38,4.48,3.52,92.199,1.41095238095238,0.122,1.755,0.44,-2.792678519222467
2015-04,2015-04,2015-04-01,2015-04-30,0.12,76.921,97.327,0.18528621573490334,0.08,1.47,4.89,3.98,90.5004,1.744,0.5557894737,2.0243,0.89,-2.5910349532429278
2015-05,2015-05,2015-05-01,2015-05-31,0.13,76.6945,97.516,0.27042867572208973,0.08,1.51,5.13,4.19,87.6232,1.78,0.7927272727,2.1696,1.2,-2.4936061874257094
2015-06,2015-06,2015-06-01,2015-06-30,0.13,77.3337,97.605,0.2197328295222345,0.08,1.71,5.2,4.15,90.0514,1.56954545454545,0.71,2.1353,1.11,-2.5506903157461367
2015-07,2015-07,2015-07-01,2015-07-31,0.14,77.1158,97.612,0.23927130079379744,0.08,1.53,5.19,4.04,92.0637,1.3915,0.6085714286,1.9799,1.01,-2.622067469640102
2015-08,2015-08,2015-08-01,2015-08-31,0.14,76.926,97.477,0.06569964994405098,0.08,1.47,5.34,4.07,91.212,1.48142857142857,0.6540909091,1.8814,1.0,-2.6152809378898767
2015-09,2015-09,2015-09-01,2015-09-30,0.12,76.827,97.477,0.09549823379610967,0.07,1.42,5.34,3.95,91.5646,1.46333333333333,0.5181818182,1.846,0.87,-2.659446530700702
2015-10,2015-10,2015-10-01,2015-10-31,0.12,76.6246,97.538,0.2538775426298434,0.07,1.41,5.46,4.06,89.9491,1.6335,0.5161904762,1.9779,0.88,-2.6194069988289725
2015-11,2015-11,2015-11-01,2015-11-30,0.24,76.4118,97.456,0.34596375617792496,0.08,1.27,5.46,3.97,94.0156,1.45952380952381,0.5455,1.9234,0.93,-2.639183490918991
2015-12,2015-12,2015-12-01,2015-12-31,0.34,76.6964,97.496,0.8711486332691809,0.2,1.21,5.45,4.0,93.2336,1.258,0.4305,1.7833,0.84,-2.7129879600501616
2016-01,2016-01,2016-01-01,2016-01-31,0.38,76.4063,97.445,0.640330493157748,0.29,1.18,5.34,3.96,94.9326,1.1245,0.1728571429,1.5032,0.59,-2.836295116895451
2016-02,2016-02,2016-02-01,2016-02-29,0.36,76.3208,97.673,0.6855104733630268,0.29,0.96,5.13,3.82,92.6647,1.26818181818182,0.1714285714,1.5434,0.51,-2.82137541027685
2016-03,2016-03,2016-03-01,2016-03-31,0.37,76.2043,97.993,0.9259068531526138,0.25,1.05,4.79,3.62,91.5824,1.33619047619048,0.1342857143,1.5688,0.51,-2.8150434152438693
2016-04,2016-04,2016-04-01,2016-04-30,0.37,76.1095,98.153,0.8486853596638255,0.3,1.06,4.68,3.65,89.4546,1.35,0.1328571429,1.5366,0.51,-2.817240448575015
2016-05,2016-05,2016-05-01,2016-05-31,0.38,76.2442,98.325,0.8296074490339977,0.29,0.97,4.53,3.5,90.4492,1.16818181818182,-0.0168181818,1.3105,0.39,-2.907828943946838
2016-06,2016-06,2016-06-01,2016-06-30,0.39,76.2506,98.342,0.7550842682239489,0.3,0.91,4.22,3.28,89.3204,1.051,-0.1542857143,0.9569,0.17,-3.014590967842584
2016-07,2016-07,2016-07-01,2016-07-31,0.4,75.904,98.479,0.8882104659263312,0.3,0.79,4.24,3.32,90.3969,1.04272727272727,-0.1317391304,0.7421,0.15,-3.0401582463742556
2016-08,2016-08,2016-08-01,2016-08-31,0.4,76.0291,98.666,1.2197749212634612,0.3,0.78,4.31,3.41,90.0254,1.08619047619048,-0.0840909091,0.8243,0.18,-3.0130384999910773
2016-09,2016-09,2016-09-01,2016-09-30,0.4,76.0921,98.868,1.4270032930845167,0.29,0.83,4.38,3.51,89.3795,1.1665,0.002,1.078,0.33,-2.9399225635786985
2016-10,2016-10,2016-10-01,2016-10-31,0.41,76.0292,98.901,1.3974040886628902,0.31,0.98,4.71,3.86,92.0592,1.43761904761905,0.1890909091,1.3818,0.67,-2.7957937778514133
2016-11,2016-11,2016-11-01,2016-11-30,0.54,76.0673,99.071,1.6571581021178838,0.31,1.26,4.83,4.06,94.0024,1.732,0.2519047619,1.4336,0.75,-2.729505206048637
2016-12,2016-12,2016-12-01,2016-12-31,0.65,76.2213,99.451,2.0052104701731244,0.55,1.25,4.66,3.92,96.3222,1.72238095238095,0.2509090909,1.4203,0.86,-2.7196543249518625
2017-01,2017-01,2017-01-01,2017-01-31,0.66,76.1845,99.586,2.1971368464261953,0.56,1.26,4.64,3.95,95.2662,1.70210526315789,0.258,1.3058,1.03,-2.715031103463972
2017-02,2017-02,2017-02-01,2017-02-28,0.79,75.9999,99.535,1.9063610209576698,0.57,1.14,4.68,4.01,94.3874,1.71434782608696,0.3482608696,1.194,1.02,-2.7132162489584393
2017-03,2017-03,2017-03-01,2017-03-31,0.9,76.9785,99.725,1.76747318686028,0.82,1.13,4.57,3.87,94.028,1.52315789473684,0.2255555556,1.0789,0.88,-2.7897366617851684
2017-04,2017-04,2017-04-01,2017-04-30,0.91,76.962,99.682,1.557772049759043,0.83,1.01,4.55,3.85,93.7173,1.51318181818182,0.3363636364,1.1175,0.81,-2.776642572132183
2017-05,2017-05,2017-05-01,2017-05-31,1.04,77.119,99.766,1.4655479277905004,0.83,0.93,4.37,3.68,93.9024,1.50272727272727,0.2504761905,1.0846,0.66,-2.813655270925223
2017-06,2017-06,2017-06-01,2017-06-30,1.15,76.9178,99.803,1.4856317748266346,1.06,0.93,4.39,3.7,91.6638,1.908,0.4557142857,1.2713,0.84,-2.680988491856349
2017-07,2017-07,2017-07-01,2017-07-31,1.16,76.8894,100.027,1.5719087318108338,1.07,0.96,4.31,3.63,90.2647,1.88363636363636,0.3460869565,1.1241,0.71,-2.7351361335911313
2017-08,2017-08,2017-08-01,2017-08-31,1.15,77.0102,100.4,1.757444307056133,1.07,0.79,4.3,3.63,88.6933,2.0495,0.3471428571,1.2436,0.7,-2.699028475701254
2017-09,2017-09,2017-09-01,2017-09-30,1.15,77.9179,100.531,1.6820407007323013,1.06,0.86,4.32,3.6,86.7,2.05095238095238,0.3725,1.3816,0.81,-2.665219204452241
2017-10,2017-10,2017-10-01,2017-10-31,1.16,78.0466,100.675,1.7937129048240186,1.07,0.78,4.27,3.57,88.9578,1.91857142857143,0.3081818182,1.3299,0.72,-2.71066489031636
2017-11,2017-11,2017-11-01,2017-11-30,1.3,77.9264,100.821,1.7664099484208329,1.07,0.64,4.22,3.51,89.7042,1.91526315789474,0.2968421053,1.2781,0.67,-2.7250558660063318
2017-12,2017-12,2017-12-01,2017-12-31,1.41,77.7567,101.199,1.7576494957315614,1.33,0.51,4.26,3.55,89.4931,2.19818181818182,0.4745454545,1.3931,0.85,-2.622280896097839
2018-01,2018-01,2018-01-01,2018-01-31,1.42,78.4742,101.416,1.8376076958608545,1.34,0.58,4.51,3.82,87.2176,2.32421052631579,0.659,1.6034,0.98,-2.534404872629018
2018-02,2018-02,2018-02-01,2018-02-28,1.51,78.4626,101.524,1.998292058070028,1.35,0.62,4.64,3.87,84.8615,2.18857142857143,0.5295238095,1.508,0.83,-2.6032121123664997
2018-03,2018-03,2018-03-01,2018-03-31,1.69,79.0447,101.766,2.0466282276259795,1.67,,4.67,3.85,86.0611,2.24904761904762,0.48,1.5108,0.78,-2.6085198061686836
2018-04,2018-04,2018-04-01,2018-04-30,1.7,78.4247,101.941,2.2662065367869744,1.69,0.46,4.83,4.0,86.54,2.37545454545455,0.45,1.5016,0.79,-2.5959754616081194
2018-05,2018-05,2018-05-01,2018-05-31,1.82,78.9473,102.029,2.268307840346395,1.7,0.43,4.83,3.96,,2.20904761904762,0.3271428571,1.4229,0.75,-2.6529982127987135
2018-06,2018-06,2018-06-01,2018-06-30,1.91,79.0213,102.137,2.3386070559001215,1.91,0.33,4.79,3.87,89.3939,2.18714285714286,0.2745454545,1.3739,0.67,-2.6798596303039393
2018-07,2018-07,2018-07-01,2018-07-31,1.91,79.2129,102.208,2.180411288951989,1.91,0.29,4.77,3.88,90.0238,2.29545454545455,0.2908695652,1.3991,0.7,-2.6557736130016187
2018-08,2018-08,2018-08-01,2018-08-31,1.95,79.2511,102.418,2.009960159362545,1.91,0.24,4.88,3.98,91.4788,2.35368421052632,0.3705,1.5023,0.77,-2.614192432784939
2018-09,2018-09,2018-09-01,2018-09-30,2.19,78.9436,102.595,2.053098049357893,2.18,0.24,5.07,4.14,90.1677,2.48863636363636,0.3990909091,1.5462,0.82,-2.579854523526466
2018-10,2018-10,2018-10-01,2018-10-31,2.2,78.747,102.63,1.9418922274646144,2.2,0.28,5.22,4.22,90.7481,2.40761904761905,0.3140909091,1.4541,0.76,-2.622934703963609
2018-11,2018-11,2018-11-01,2018-11-30,2.27,79.0103,102.701,1.8646908878110713,2.2,0.21,5.13,4.02,91.9047,2.05789473684211,0.1870588235,1.3125,0.7,-2.715710411963498
2018-12,2018-12,2018-12-01,2018-12-31,2.4,78.3218,102.648,1.4318323303589953,2.4,0.21,5.12,3.93,92.4448,1.95363636363636,0.1327272727,1.3221,0.65,-2.7436136050958186
2019-01,2019-01,2019-01-01,2019-01-31,2.4,77.8923,102.836,1.4001735426362627,2.4,0.18,4.95,3.79,91.211,1.90736842105263,0.0555,1.239,0.55,-2.7842760594703564
2019-02,2019-02,2019-02-01,2019-02-28,2.41,77.7067,103.069,1.5218076513927814,2.4,0.21,4.84,3.77,91.1844,1.71238095238095,0.010952381,1.19,0.44,-2.837125126980339
2019-03,2019-03,2019-03-01,2019-03-31,2.42,77.2434,103.36,1.5663384627478738,2.43,0.14,4.7,3.69,92.3216,1.72428571428571,-0.0395,1.1906,0.37,-2.8518702699125567
2019-04,2019-04,2019-04-01,2019-04-30,2.39,77.2603,103.435,1.4655536045359518,2.45,0.24,4.63,3.67,92.5432,1.66454545454545,-0.1345454545,1.13,0.3,-2.8910638789837146
2019-05,2019-05,2019-05-01,2019-05-31,2.38,77.6047,103.484,1.4260651383430245,2.4,0.19,4.46,3.42,92.5139,1.4625,-0.3152631579,0.919,0.08,-2.9994343479705234
2019-06,2019-06,2019-06-01,2019-06-30,2.4,77.0847,103.622,1.4539295260287632,2.4,0.25,4.28,3.29,92.2459,1.51909090909091,-0.3882608696,0.8304,-0.07,-3.031815507045402
2019-07,2019-07,2019-07-01,2019-07-31,2.13,77.6077,103.67,1.4304164057608038,2.4,0.13,3.87,2.98,91.2641,1.2052380952381,-0.6490909091,0.5776,-0.34,-3.1794919212723527
2019-08,2019-08,2019-08-01,2019-08-31,2.04,77.028,103.733,1.2839539924622612,2.13,0.0,3.91,3.03,92.4469,1.364,-0.5947619048,0.5981,-0.27,-3.138142899342879
2019-09,2019-09,2019-09-01,2019-09-30,1.83,76.426,103.917,1.2885618207514993,1.9,0.05,3.92,3.01,92.3653,1.44954545454545,-0.4695454545,0.6373,-0.16,-3.0883508860528788
2019-10,2019-10,2019-10-01,2019-10-31,1.55,77.0781,104.024,1.3582773068303577,1.58,0.17,3.94,3.06,92.5453,1.4995,-0.3523809524,0.765,-0.02,-3.0306222948584347
2019-11,2019-11,2019-11-01,2019-11-30,1.55,77.2042,104.307,1.5637627676458932,1.56,0.17,3.88,3.01,92.7168,1.6045,-0.2994444444,0.8308,0.04,-2.992628396709955
2019-12,2019-12,2019-12-01,2019-12-31,1.55,77.0311,104.49,1.7944821136310463,1.55,0.34,3.77,2.94,92.0735,1.49227272727273,-0.3136363636,0.7235,-0.01,-3.0290996550749143
2020-01,2020-01,2020-01-01,2020-01-31,1.58,77.2279,104.573,1.689097203314005,1.59,0.18,3.61,2.78,107.71561630743602,1.29473684210526,-0.466,0.633,-0.18,-3.111902998016722
2020-02,2020-02,2020-02-01,2020-02-29,0.65,73.7382,104.271,1.1662090444265472,1.58,0.27,4.29,3.02,108.94891157593067,0.819090909090909,-0.5413636364,0.4609,-0.05,-3.1948767421720983
2020-03,2020-03,2020-03-01,2020-03-31,0.05,62.5589,103.838,0.4624613003096023,0.08,0.47,4.13,2.43,109.82765499515513,0.657142857142857,-0.4495,0.3577,0.06,-3.201590829606466
2020-04,2020-04,2020-04-01,2020-04-30,0.05,65.3028,103.942,0.49016290423937736,0.05,0.44,3.95,2.5,109.42390279384608,0.551,-0.5165,0.2743,-0.03,-3.247670771018282
2020-05,2020-05,2020-05-01,2020-05-31,0.08,70.4285,104.27,0.7595377063120967,0.05,0.49,3.64,2.44,106.65447394067262,0.561363636363636,-0.4342857143,0.278,-0.04,-3.23357664106643
2020-06,2020-06,2020-06-01,2020-06-30,0.09,73.0801,104.578,0.9225840072571545,0.08,0.5,3.31,2.14,105.18812946045757,0.516363636363636,-0.5230434783,0.2094,-0.15,-3.275381356197227
2020-07,2020-07,2020-07-01,2020-07-31,0.1,74.3046,104.87,1.157519050834388,0.1,0.44,3.27,2.25,102.66740887014458,0.5635,-0.5233333333,0.2717,-0.17,-3.2638348356352
2020-08,2020-08,2020-08-01,2020-08-31,0.09,74.4348,105.057,1.27635371578958,0.09,0.58,3.36,2.31,102.99073927794413,0.55952380952381,-0.5240909091,0.273,-0.21,-3.269050118893318
2020-09,2020-09,2020-09-01,2020-09-30,0.09,75.295,105.151,1.1874861668446979,0.09,0.56,3.44,2.35,102.97024718632875,0.602857142857143,-0.6072727273,0.3058,-0.3,-3.283303658058023
2020-10,2020-10,2020-10-01,2020-10-31,0.09,75.7534,105.258,1.186264708144269,0.09,0.74,3.3,2.3,102.10232977776901,0.6885,-0.6147619048,0.3836,-0.32,-3.2657831584314985
2020-11,2020-11,2020-11-01,2020-11-30,0.09,76.3888,105.699,1.334522131784066,0.09,0.68,3.16,2.26,99.83080075436403,0.730952380952381,-0.6185,0.3224,-0.34,-3.2702504623355577
2020-12,2020-12,2020-12-01,2020-12-31,0.09,77.1897,106.147,1.5857976839888988,0.09,0.8,3.24,2.45,99.36605558225632,0.8055,-0.5835,0.3672,-0.31,-3.245407464143845
2021-01,2021-01,2021-01-01,2021-01-31,0.08,74.1452,106.5,1.8427318715156016,0.07,1.0,3.42,2.7,99.67865664020066,1.09947368421053,-0.4455,0.6222,-0.15,-3.1331503515337764
2021-02,2021-02,2021-02-01,2021-02-28,0.07,76.4953,107.054,2.669006722866385,0.07,1.3,3.74,3.04,100.68112589559355,1.49652173913043,-0.3647826087,0.8456,-0.07,-3.0292655651818152
2021-03,2021-03,2021-03-01,2021-03-31,0.07,76.6806,107.618,3.6402858298503427,0.06,1.58,3.6,2.9,100.28752307928269,1.51619047619048,-0.325,0.8515,-0.01,-3.0123189962115613
2021-04,2021-04,2021-04-01,2021-04-30,0.06,77.5331,108.175,4.07246348925363,0.05,1.49,3.62,2.96,98.51283061674161,1.524,-0.2235,0.9058,0.21,-2.9623308601553213
2021-05,2021-05,2021-05-01,2021-05-31,0.08,77.5677,108.76,4.306128320705871,0.05,,3.44,2.79,99.28370057255671,1.425,-0.2886363636,0.8549,0.15,-2.9997028250602153
2021-06,2021-06,2021-06-01,2021-06-30,0.1,78.295,109.256,4.473216164011551,0.08,1.2,3.24,2.57,101.09290094409165,1.25142857142857,-0.4513636364,0.6979,-0.01,-3.0877023235265058
2021-07,2021-07,2021-07-01,2021-07-31,0.09,77.9251,109.674,4.580909697720981,0.07,1.05,3.24,2.55,101.4337269584119,1.19190476190476,-0.5386363636,0.644,-0.12,-3.129497257948835
2021-08,2021-08,2021-08-01,2021-08-31,0.08,77.0224,110.034,4.737428253233955,0.06,1.1,3.23,2.53,101.73492204083445,1.263,-0.3627272727,0.8023,0.04,-3.0532686305730135
2021-09,2021-09,2021-09-01,2021-09-30,0.08,78.1049,110.762,5.336135652537788,0.06,1.24,3.35,2.68,102.07845455782089,1.597,-0.2042857143,1.083,0.2,-2.929099802261415
2021-10,2021-10,2021-10-01,2021-10-31,0.08,78.5506,111.5,5.93019057933839,0.07,1.07,3.28,2.62,103.36781309582936,1.68571428571429,-0.3136363636,0.9394,0.1,-2.9637127309976603
2021-11,2021-11,2021-11-01,2021-11-30,0.08,78.4351,112.191,6.141969176624196,0.07,0.91,3.3,2.65,104.52203982214763,1.45,-0.3842857143,0.8375,0.05,-3.025701599502135
2021-12,2021-12,2021-12-01,2021-12-31,0.08,77.7378,112.805,6.272433512016362,0.07,0.79,3.58,2.93,103.9588939459622,1.759,-0.1147619048,1.2051,0.31,-2.8646847308206955
2022-01,2022-01,2022-01-01,2022-01-31,0.08,78.1748,113.471,6.545539906103293,0.08,0.61,3.97,3.25,104.14312944888177,1.87947368421053,0.15,1.4891,0.68,-2.727434104267775
2022-02,2022-02,2022-02-01,2022-02-28,0.2,78.5575,114.469,6.926410970164576,0.08,0.39,4.29,3.43,105.91888518032744,2.13217391304348,0.2817391304,1.5457,0.78,-2.6527082631834635
2022-03,2022-03,2022-03-01,2022-03-31,0.33,78.4892,114.812,6.684755338326309,0.33,0.04,4.66,3.76,107.77312948909245,2.704,0.7463157895,1.8362,1.28,-2.404829551634682
2022-04,2022-04,2022-04-01,2022-04-30,0.77,78.1251,115.525,6.794545874740021,0.33,0.19,5.12,4.13,110.40298013333839,2.91857142857143,0.9527272727,1.9069,1.52,-2.3050220335560385
2022-05,2022-05,2022-05-01,2022-05-31,1.21,77.6834,116.638,7.243471864656126,0.83,0.32,5.27,4.24,110.79136326593589,3.31545454545455,1.445,2.3824,2.06,-2.049773631267846
2022-06,2022-06,2022-06-01,2022-06-30,1.68,77.7019,116.631,6.7502013619389345,1.58,0.06,5.21,4.06,113.55953552858577,3.04315789473684,1.0819047619,2.1454,1.71,-2.215921627047593
2022-07,2022-07,2022-07-01,2022-07-31,2.33,77.654,116.956,6.6396775899483895,2.32,-0.22,5.15,4.07,113.43097665194199,2.85909090909091,1.0343478261,2.3278,1.69,-2.2294367394288757
2022-08,2022-08,2022-08-01,2022-08-31,2.56,77.6645,117.371,6.667939000672507,2.33,-0.3,5.69,4.59,117.25265507740424,3.14789473684211,1.7954545455,3.5007,2.41,-1.8404300166985332
2022-09,2022-09,2022-09-01,2022-09-30,3.08,77.8544,117.919,6.461602354598139,3.08,-0.39,6.26,5.1,118.97640729333536,3.38052631578947,2.1866666667,4.1096,2.77,-1.6293784292310702
2022-10,2022-10,2022-10-01,2022-10-31,3.78,77.2186,118.224,6.030493273542614,3.08,-0.41,6.07,4.9,115.6134810697914,3.16619047619048,2.0663636364,3.4171,2.58,-1.783796777556681
2022-11,2022-11,2022-11-01,2022-11-30,4.1,75.8688,118.384,5.520050627946982,3.83,-0.7,5.59,4.43,112.60259351447047,2.9415,2.0852380952,3.5015,2.62,-1.7967607264235022
2022-12,2022-12,2022-12-01,2022-12-31,4.33,77.1602,119.018,5.507734586232882,4.33,-0.53,5.5,4.4,110.81465852102697,2.93761904761905,2.1927272727,3.5115,2.69,-1.7703444833439503
2023-01,2023-01,2023-01-01,2023-01-31,4.57,77.1498,119.369,5.197803844154003,4.33,-0.69,5.59,4.56,111.63443884645241,3.17421052631579,2.3705,3.5553,2.87,-1.6824587460433302
2023-02,2023-02,2023-02-01,2023-02-28,4.65,76.6104,119.538,4.428273156924578,4.57,-0.89,5.71,4.6,112.21827013587225,2.99347826086957,2.3834782609,3.5638,2.92,-1.6982714505802785
2023-03,2023-03,2023-03-01,2023-03-31,4.83,77.2433,119.951,4.476012960317743,4.83,-0.58,5.53,4.47,110.17611721342641,2.91611111111111,2.3594444444,3.6503,2.9,-1.7047950721088765
2023-04,2023-04,2023-04-01,2023-04-30,5.06,77.0575,120.15,4.003462454014284,4.83,-0.6,5.77,4.67,110.96196959471501,3.04545454545455,2.3422727273,3.9621,2.94,-1.6477403402752597
2023-05,2023-05,2023-05-01,2023-05-31,5.08,76.4881,120.469,3.284521339529123,5.08,-0.76,5.75,4.65,110.80808558598052,3.33818181818182,2.3763636364,4.3659,2.93,-1.5547329072034266
2023-06,2023-06,2023-06-01,2023-06-30,5.12,76.7273,120.607,3.40904219289897,5.08,-1.06,5.74,4.66,109.16697836217755,3.452,2.4566666667,4.4372,3.04,-1.5045301965911493
2023-07,2023-07,2023-07-01,2023-07-31,5.33,76.6542,120.97,3.43205991996991,5.33,-0.91,6.02,4.95,111.11508031697346,3.65409090909091,2.5456521739,4.5298,3.11,-1.4429349181087257
2023-08,2023-08,2023-08-01,2023-08-31,5.33,76.672,121.419,3.4488928270185903,5.33,-0.76,6.16,5.13,113.0370838532026,3.816,2.6614285714,4.4199,3.24,-1.3997200308172033
2023-09,2023-09,2023-09-01,2023-09-30,5.33,76.2599,121.484,3.0232617305099296,5.33,-0.44,6.63,5.61,114.32837560740123,4.062,2.8231818182,4.5695,3.45,-1.2969413010101962
2023-10,2023-10,2023-10-01,2023-10-31,5.33,76.5305,121.493,2.7650899986466193,5.33,-0.19,6.29,5.28,112.71906978992591,3.71095238095238,2.6013636364,4.2721,3.19,-1.4475394026870796
2023-11,2023-11,2023-11-01,2023-11-30,5.33,76.4545,121.66,2.7672658467360334,5.33,-0.36,5.64,4.74,110.68580966195469,3.23421052631579,2.1021052632,3.8622,2.65,-1.707029778860783
2023-12,2023-12,2023-12-01,2023-12-31,5.33,75.2859,122.23,2.6987514493606035,5.33,-0.35,5.68,4.87,110.88232108768159,3.34636363636364,2.1745454545,3.9319,2.74,-1.6608801591405014
2024-01,2024-01,2024-01-01,2024-01-31,5.33,76.2145,122.598,2.705057426970159,5.33,-0.28,5.77,5.03,112.04805045033113,3.504,2.3319047619,4.123,2.85,-1.5777326054504426
2024-02,2024-02,2024-02-01,2024-02-29,5.33,76.2676,123.038,2.9279392327126175,5.33,-0.39,5.75,5.01,111.79112601866261,3.444,2.3495,4.033,2.82,-1.5974232057774151
2024-03,2024-03,2024-03-01,2024-03-31,5.33,75.805,123.341,2.826154012888593,5.33,,6.0,5.28,113.48607331336075,3.69590909090909,2.4457142857,4.2172,2.97,-1.5074203632541652
2024-04,2024-04,2024-04-01,2024-04-30,5.33,76.1923,123.348,2.6616729088639213,5.33,-0.35,5.95,5.25,113.04501003958215,3.64181818181818,2.5195454545,4.2229,3.03,-1.495078521091987
2024-05,2024-05,2024-05-01,2024-05-31,5.33,76.006,123.539,2.548373440470164,5.33,-0.38,5.82,5.13,113.25495731783047,3.3915,2.4845,4.1644,3.15,-1.528083922373263
2024-06,2024-06,2024-06-01,2024-06-30,5.33,75.3409,123.736,2.594376777467322,5.33,-0.35,5.84,5.12,112.71858648587838,3.40772727272727,2.4582608696,4.1386,3.14,-1.5344014020072654
2024-07,2024-07,2024-07-01,2024-07-31,5.33,75.6471,123.889,2.412994957427461,5.33,-0.2,5.6,4.87,110.61679384396697,3.0715,2.2077272727,3.9444,2.94,-1.668218448335391
2024-08,2024-08,2024-08-01,2024-08-31,5.13,75.1957,124.164,2.260766436883843,5.33,0.0,5.42,4.68,109.356916852858,2.94444444444444,2.1671428571,3.9053,2.9,-1.701675946384267
2024-09,2024-09,2024-09-01,2024-09-30,4.83,74.6339,124.494,2.4776925356425616,4.83,0.15,5.63,4.95,111.5860117808896,3.18636363636364,2.2295652174,4.1993,2.99,-1.6124405807630302
2024-10,2024-10,2024-10-01,2024-10-31,4.64,74.7343,124.637,2.5878034125423,4.83,0.12,5.78,5.14,114.14993975305204,3.2785,2.3057142857,4.4164,3.09,-1.549586295807351
2024-11,2024-11,2024-11-01,2024-11-30,4.48,74.9627,124.979,2.7280946901200087,4.58,0.05,5.8,5.2,115.70569548206069,3.1615,2.1788888889,4.4345,3.01,-1.5935643121004888
2024-12,2024-12,2024-12-01,2024-12-31,4.33,74.6327,125.417,2.6073795303935166,4.33,0.33,6.08,5.46,117.27324382982916,3.28863636363636,2.4836363636,4.6627,3.32,-1.4626231868292738
2025-01,2025-01,2025-01-01,2025-01-31,4.33,75.523,125.921,2.7104846734857135,4.33,0.36,5.92,5.32,116.10287474832329,3.05631578947368,2.4055,4.5063,3.15,-1.5460058156727632
2025-02,2025-02,2025-02-01,2025-02-28,4.33,75.785,125.941,2.3594336708984365,4.33,0.25,5.93,5.29,113.57432463244027,3.01047619047619,2.7414285714,4.6448,3.43,-1.4480223976177904
2025-03,2025-03,2025-03-01,2025-03-31,4.33,75.6285,126.15,2.2774259978433964,4.33,0.34,6.18,5.45,109.96839313379674,3.10857142857143,2.5105,4.5762,3.26,-1.5004008578446513
2025-04,2025-04,2025-04-01,2025-04-30,4.33,75.468,126.38,2.4580860654408676,4.33,0.57,6.29,5.54,109.29602054286886,3.22142857142857,2.5628571429,4.6004,3.26,-1.4734625280017721
2025-05,2025-05,2025-05-01,2025-05-31,4.33,75.6385,126.743,2.5935129797068024,4.33,0.52,6.15,5.46,107.43375338691479,3.314,2.519047619,4.5248,3.24,-1.4793047120776013
2025-06,2025-06,2025-06-01,2025-06-30,4.33,75.9194,126.96,2.605547294239341,4.33,0.52,6.1,5.45,107.10443000892583,3.48045454545455,2.6313043478,4.5924,3.36,-1.4159313979831194
2025-07,2025-07,2025-07-01,2025-07-31,4.33,75.8608,127.293,2.7476208541517,4.33,0.43,6.0,5.35,107.52964090994533,3.4225,2.6733333333,4.6369,3.42,-1.4046522207927201
2025-08,2025-08,2025-08-01,2025-08-31,4.22,75.798,127.625,2.7874424148706556,4.33,0.64,5.83,5.21,107.07823492954954,3.2245,2.6931818182,4.6885,3.51,-1.4118473271321894
2025-09,2025-09,2025-09-01,2025-09-30,4.09,75.1411,127.871,2.7125805259691216,4.09,0.56,5.74,5.13,108.20529996839643,3.12818181818182,2.617826087,4.5721,3.44,-1.4595460563356373
2025-10,2025-10,2025-10-01,2025-10-31,3.88,75.0295,128.152,2.8201898312699925,3.86,0.51,5.86,5.26,109.23193442616598,3.18428571428571,2.6575,4.4985,3.44,-1.4541974153332446
2025-11,2025-11,2025-11-01,2025-11-30,3.72,74.9116,128.576,2.878083518031027,3.89,0.55,5.9,5.31,107.78453546461422,3.42266666666667,2.8142105263,4.4826,3.56,-1.3837100200156156
2025-12,2025-12,2025-12-01,2025-12-31,3.64,75.311,128.965,2.828962580830341,3.64,0.71,5.88,5.34,107.37353370259218,3.39611111111111,2.8066666667,4.451,3.53,-1.3959024875190142
2026-01,2026-01,2026-01-01,2026-01-31,3.64,75.5133,129.449,2.801756656951593,3.64,0.74,5.81,5.3,106.3903966091006,3.28842105263158,2.745,4.4324,3.4,-1.4382571530229855
2026-02,2026-02,2026-02-01,2026-02-28,3.64,75.3401,,,3.64,0.59,6.04,5.48,108.23342826396285,3.44,2.9052380952,4.7007,3.4,-1.3591447764857902
