Month,y3,y6,y9,y12,y15,y18,y21,y24,y30,y36,y48,y60,y72,y84,y96,y108,y120,FFR,CU,PI,BAA,AAA,major dollar,Can10,deu10,gbr10,fra10,global10_ypc1
1972-01,0.0374417094447176,0.0402331690226238,0.042061167993347,0.0425619435235172,0.0447620667881918,0.0455544735504286,0.0471686773435851,0.0484056805546489,0.0502935780340593,0.0525596749007074,0.0523950380559342,0.0552672353468891,0.0581574597796816,0.0590285018974205,0.0590223321813172,0.059016162465214,0.0592668954171958,3.3,81.8563,3.951517540402039,8.23,7.27,,6.87,7.3,7.05,8.33,0.6895610450066799
1972-02,0.0341818020950324,0.0383639460975147,0.0407657761704713,0.0421970724834129,0.0450769681320617,0.0463589916060873,0.0473420645591727,0.0482809985433,0.0515725472877085,0.0555574940653297,0.0550227205276343,0.0575971678881002,0.0597546046024335,0.0601096949854128,0.0602600190543452,0.0604103431232776,0.0607667799403248,3.83,82.2062,3.7568138290035913,8.24,7.24,,7.07,7.4,7.39,8.07,0.7435418278838793
1972-03,0.0340379108479346,0.0381576427970107,0.0396444080789184,0.0426537850133432,0.0432907363909514,0.0437163352869752,0.0455483165432094,0.0473454384604214,0.050136946786637,0.0522964154230595,0.0546400641071745,0.0563708599556904,0.0587250763801919,0.0593940752678292,0.060036840160068,0.0606796050523068,0.0626071951732486,4.17,82.8926,3.5073130166805244,8.24,7.3,,7.32,7.7,7.44,7.92,0.8151504000346133
1972-04,0.0386464156443389,0.0439554172382584,0.0470278171305419,0.0494589385927572,0.0515216282747276,0.0531577253833596,0.054502852444153,0.055424619412046,0.0566732960255531,0.0579869402532544,0.0603779340260479,0.0603768316530225,0.061618525645334,0.0614176038578703,0.0611594808191948,0.0609013577805194,0.0629379199030317,4.27,82.8225,3.307677318784119,8.23,7.3,,7.33,7.8,7.85,7.9,0.8796362025400682
1972-05,0.03614247712665,0.0390896800493003,0.0434535426777351,0.0447116852752932,0.0453232362807966,0.0470738498026,0.0490221674645407,0.0508403011789554,0.0530184601534934,0.0549305223742879,0.0580442015182607,0.0574611749781667,0.059040933030645,0.0593810077910652,0.0602794799283725,0.0611779520656798,0.0625094985624343,4.46,82.893,3.006935350889961,8.2,7.23,,7.39,7.9,8.95,7.83,1.027847678151528
1972-06,0.0386387281037499,0.0428384340629906,0.0450846560749808,0.0470444455949705,0.0471527649583272,0.0484230027029905,0.049534994632439,0.0500974756365307,0.0522756275479907,0.053210215001837,0.056043770444552,0.0573597883862609,0.0592447264391855,0.0594487025243193,0.0599305634288792,0.060412424333439,0.0627533359414299,4.55,82.6441,3.065615782602382,8.23,7.21,,7.48,8.0,8.9,7.8,1.0469899564559406
1972-07,0.041209795730414,0.0455442913193816,0.0497687502439157,0.0519581281973629,0.0514406980495555,0.0527120242193137,0.0536490784681655,0.0543582750945451,0.0555072015666757,0.0563631337320548,0.058542814658065,0.0590598840229468,0.0605327040300245,0.0601760392236369,0.0599642633615714,0.0597524874995059,0.0600211158084272,4.81,83.5285,3.066390241550554,8.19,7.19,,7.46,7.9,9.05,7.86,1.0529792138112162
1972-08,0.0375536574044484,0.043322481009541,0.0469491131561922,0.0492912354739909,0.0499750642552945,0.0506588930365981,0.0516695075786496,0.0527844538442552,0.0544018414105306,0.0565417245191059,0.0586987625586355,0.0588849547972087,0.0603020902002293,0.0603111140903244,0.0604442880103909,0.0605774619304573,0.0632455231604432,4.87,83.9714,3.3747352204891223,8.09,7.22,,7.48,7.9,9.29,7.83,1.080977505763108
1972-09,0.0457455222274471,0.0505340425953692,0.0522400463052532,0.0547241232325181,0.0548348360027565,0.0549970769853273,0.0554761008709492,0.056168138080865,0.0570948638945499,0.0586522664221627,0.0610424053258346,0.0608562931426954,0.0621601060195019,0.0639164974356878,0.0640517446939924,0.064186991952297,0.0646572445000847,5.05,84.9134,3.331090174966356,8.06,7.21,,7.34,8.0,9.1,7.91,1.064670526747428
1972-10,0.0458742586647411,0.0522898159802936,0.0544493806206763,0.0565214971696628,0.0564411271963602,0.0568854063308298,0.0575081755267793,0.0576752344831148,0.0573711335865053,0.0592428721111457,0.0601164132537685,0.0605394397194278,0.0617000657731044,0.0627088089813489,0.0632241430645386,0.0641062352039802,0.0658041116833772,5.06,85.7175,3.4249532306806607,7.99,7.12,,7.18,8.4,9.09,8.02,1.119630804260687
1972-11,0.0474553988275629,0.0518782280480167,0.0538305225285401,0.0550283141742584,0.0556465879293837,0.0569219133953577,0.0573922781478093,0.0577537975551191,0.05719908940952,0.0590808831515911,0.0609987713277016,0.0609791522367123,0.0617096457627286,0.0623000228840548,0.062662500056862,0.0631346799592155,0.063836548447204,5.33,86.5759,3.349419465812997,7.93,7.08,,7.12,8.6,9.36,8.28,1.2069273165893508
1972-12,0.0496537451329842,0.0528528837001798,0.0539361830598339,0.0541432900232422,0.0536651574734523,0.0553018129522619,0.0567095520350089,0.0564285911146234,0.0576366065230193,0.0580952868653355,0.060054370575419,0.0600610577117336,0.0603981168145999,0.0610563531169412,0.0615856676404329,0.0624651427348896,0.0632749520438128,5.94,86.9787,3.235783963835348,7.9,7.15,,7.12,8.6,9.17,8.33,1.190022156998089
1973-01,0.0524876179020468,0.055387919441383,0.0553870703295776,0.056649215049597,0.0576143946309881,0.0585202367767199,0.0606052017430369,0.0592691581981371,0.0605060821217085,0.0601187206683696,0.0609392580776676,0.0619709458164792,0.0620461927215218,0.0623902035699778,0.0622850713005641,0.0632211594650176,0.0640805849434812,6.58,88.0795,3.369987676557029,7.97,7.22,108.2242,7.18,8.6,9.33,8.38,1.2233252311624847
1973-02,0.0582418798417763,0.0606560586706237,0.0593136018432747,0.0625561714509252,0.0628532906344027,0.062846327622187,0.0625522331967536,0.0628107802137791,0.0630257927366491,0.0638765934558952,0.0647122075266125,0.064198427620982,0.064100194225339,0.0638284233875439,0.063707057342371,0.0639279264912561,0.0649442355611157,7.09,87.9606,3.9568345323740974,8.03,7.29,101.4009,7.3,8.6,9.78,8.53,1.311395989451417
1973-03,0.0587589455522425,0.0627430655809885,0.0598800827793823,0.0643167009162426,0.0645452242503959,0.0647414135599312,0.0647652732756193,0.0648357550180445,0.0653051395682934,0.0658516230242884,0.0661454953076799,0.0657812246300657,0.0653712553228796,0.064456020207267,0.0637597330120625,0.0642545829978337,0.0654390982979428,7.12,87.5274,4.569943289224954,8.09,7.26,100.4158,7.34,8.8,9.66,8.62,1.3456834126490471
1973-04,0.0657278385404664,0.0691781915016129,0.0679538490429753,0.069930939969457,0.0691419897956559,0.0690234844412515,0.0687545573590114,0.0682001034482759,0.06829601307116,0.0670105046869719,0.0663705770164449,0.0664428672280635,0.0659431455416888,0.0656288743021972,0.0661750908072915,0.0654524987042173,0.0659031783516265,7.84,87.814,4.852171452822174,8.06,7.29,100.776,7.58,9.2,9.74,8.69,1.4616756637101207
1973-05,0.0633267719092,0.0676491331691738,0.0673097717735465,0.0673469369298209,0.0671062038367826,0.0667035110747984,0.0667439287192231,0.0666292071098715,0.0663939478591529,0.0667489243326674,0.0655510420664502,0.066018017050178,0.0656936503286051,0.0660655846088284,0.0666641523869401,0.0652141892151722,0.065600919939698,8.49,87.5399,5.2921512312255725,8.13,7.37,98.8659,7.76,9.9,9.88,8.88,1.6396307127896097
1973-06,0.07100042214394,0.0725328005153231,0.0719720349320374,0.0720894350974435,0.0693363745325624,0.0683854863322065,0.0682106918914117,0.067507492318069,0.0672237779791091,0.0664939044722372,0.0655355081075451,0.0659840047401716,0.0654221438926421,0.0670523939696359,0.0671510463163798,0.0685062686308672,0.0685222557084159,10.4,87.5919,5.2967393854093325,8.24,7.45,97.8543,7.75,9.9,10.43,9.15,1.7359404163193275
1973-07,0.0800896513454597,0.0816576731901904,0.080371446858369,0.0807238927613975,0.0767467557486578,0.0749664062192831,0.071562784972552,0.0709970125553801,0.0701009843775087,0.069928707135174,0.0684038944736119,0.0681180817907108,0.0670376750687413,0.0701937897260367,0.0690623136716285,0.068415034078152,0.068572102703928,10.5,87.078,6.202928380970207,8.53,7.68,95.9269,7.8,9.8,11.22,9.33,1.8423885993960785
1973-08,0.0853919490967961,0.087410399970815,0.0867513978678791,0.0867577822839093,0.0853933813505061,0.0829124318379057,0.0807163341458592,0.0803895354980347,0.0796246833671545,0.0788327388569805,0.0791579219348051,0.0770512304854956,0.07371894154545,0.0743694163797848,0.0736164441972164,0.0731959923056305,0.0731691967226516,10.78,87.4473,6.147254691938708,8.63,7.63,98.2357,7.82,9.6,11.48,9.42,1.8542860565735808
1973-09,0.088215626429947,0.0900864787317961,0.0848230793744368,0.085631845792233,0.0802977821093666,0.076872729258867,0.0759940721409936,0.0760158124096188,0.0739832030763353,0.0723525878574715,0.071274620120397,0.0698804759909434,0.0684867444539757,0.0709597017007322,0.0709427023786469,0.070600779792081,0.0699940750173172,10.01,88.0325,6.62883193003676,8.41,7.6,97.4766,7.63,9.7,11.29,9.5,1.8311113289672272
1973-10,0.0716744824015608,0.0778289775267066,0.0778135310193172,0.077493663932231,0.0726023443905443,0.0701679330352858,0.0692162029394955,0.0671189434326473,0.0665533710994225,0.0664096315168636,0.0666323553630959,0.065705083959004,0.0657992822599637,0.066946204001765,0.0672753369898325,0.0677506812081795,0.0673631099661968,10.03,88.3454,7.184267891099672,8.42,7.67,97.0417,7.37,9.4,12.08,9.5,1.841219178931141
1973-11,0.0760844409219559,0.0773285376614098,0.0769815909873231,0.0725740010531709,0.0687699109794595,0.0680498157921895,0.0673761620960593,0.068230750217221,0.067458199174088,0.0671815906458613,0.0669710737738683,0.0666212967782206,0.0669256067230043,0.0666268865219558,0.0650280210488691,0.0649728468913682,0.0656270696513029,9.95,88.0841,7.720758206195111,8.48,7.68,101.2777,7.69,9.6,12.64,9.65,2.002554023829139
1973-12,0.075412177313653,0.0784440851927768,0.078997827460149,0.0744290774250254,0.0684191652348722,0.0684133381087357,0.0683157296549549,0.0672889582210738,0.0669367579457882,0.066538649554571,0.0667953755805943,0.0666270792900516,0.0676519432637663,0.0661530903040883,0.0642170830484113,0.0648203057473515,0.0655874261322043,9.65,87.1054,8.425904586310207,8.48,7.83,102.0751,7.74,9.6,13.0,10.21,2.1184089432598507
1974-01,0.0766422803916226,0.0774630388738313,0.0746805716571576,0.0721803112202034,0.0706331600439686,0.0703235791633037,0.0655064138678144,0.0633636156591635,0.0673300415180621,0.0667846975495052,0.0668289984880731,0.0671770185413488,0.0669959632473356,0.0667778603049245,0.0663118828541973,0.0668914949932511,0.067614316290127,8.97,86.4706,9.115502774084083,8.53,7.85,106.2552,7.73,9.9,13.46,10.48,2.252832375047849
1974-02,0.0743453990939131,0.0724573808497792,0.0720270153911095,0.0671033522611626,0.0660150202073051,0.0662125703836871,0.061093190870396,0.0639914489618232,0.0660678532699479,0.066528511252843,0.0667661777139585,0.0670601931469024,0.0676171187339486,0.0666199693891895,0.0686694617125317,0.0689396292894116,0.0689850778515651,9.35,86.1093,9.602076124567493,8.62,8.01,103.7635,7.92,10.5,13.51,10.69,2.407418490609556
1974-03,0.0767181737217641,0.0771828524353466,0.0730099668259724,0.071512913817936,0.0694052577233248,0.0677104998367647,0.064210002215364,0.0670847659550211,0.0689169526702391,0.0680637757623504,0.0688202333786452,0.0689710760195013,0.0696929662689111,0.069763430612361,0.0672903154838827,0.0675233598825466,0.0677564042812105,10.51,85.4785,9.56297735797893,8.87,8.25,100.1773,8.59,10.4,13.82,10.7,2.521490672211946
1974-04,0.0850667797809651,0.0846752141543493,0.0835809997160849,0.0810345540498596,0.0792647720894723,0.0777089834444782,0.0769228435369966,0.0771018855547763,0.0763260741474881,0.0761091957763676,0.0750609133747733,0.0744367369608364,0.0753322247390496,0.0742858294878248,0.0712248606996368,0.0706866930697266,0.0701485254398165,11.31,85.8682,10.100737542723516,9.05,8.37,99.0842,8.87,10.6,13.33,10.8,2.545553620816975
1974-05,0.089707910757038,0.0897946079436614,0.089077377813327,0.0864863883502859,0.0859993611047321,0.0852800352987597,0.082966375023594,0.0815852080220109,0.0811691685096276,0.0796582433567991,0.0795961973818611,0.0791230039312034,0.0785353238864296,0.077466506649732,0.0744231551473531,0.0734637963240184,0.0725044375006838,11.93,85.6518,10.405580646603774,9.27,8.47,99.563,9.26,10.7,13.81,11.45,2.749378040171374
1974-06,0.083221758240927,0.0850154035468874,0.0858773990670994,0.0878460523833453,0.0843230371783737,0.0817495969513298,0.0827116307452498,0.0806629640246803,0.0802318148447683,0.0802340166217582,0.0793026851279604,0.0781681465726459,0.0790741328067161,0.0771278979554547,0.074166342478253,0.0731659747590473,0.0721656070398415,12.92,85.4232,10.818036000712894,9.48,8.72,99.9568,9.66,10.8,14.17,11.4,2.8579108705437464
1974-07,0.0780302149297516,0.0816218545135879,0.084688449383042,0.0867346053887773,0.0834225352839601,0.0820544440537167,0.0838235106675563,0.0821568857040574,0.083222164517199,0.0820580877813484,0.0820595566362749,0.0811514797871971,0.0810938334793565,0.0762431521276095,0.0742129378724251,0.0737667497611675,0.07332056164991,12.01,84.4351,10.699026560366477,9.77,9.0,101.7035,9.73,10.8,14.52,11.4,2.9094926540175385
1974-08,0.0809521359388228,0.0846403058130018,0.085735286165449,0.0859194754594319,0.0850312856991614,0.0850950030923931,0.0855039186920072,0.0847887748986614,0.083571937953321,0.0838832990250381,0.0836549517082357,0.0827769849819771,0.0835330808517061,0.0775371345596029,0.0762048365959128,0.0753427640808104,0.074480691565708,11.34,84.2268,11.407010924406611,10.18,9.24,103.8198,9.76,10.8,14.17,11.38,2.8692956112931403
1974-09,0.0931323549024901,0.0988899405518961,0.0980834239578876,0.0972255875452165,0.0923703522881729,0.0909282677821425,0.0890066533159211,0.0869746787683872,0.0864051426506758,0.0842172469772157,0.0835260689463912,0.0843475697243506,0.0844124394057835,0.0834746823380054,0.083171194554958,0.083186504261701,0.0832018139684441,10.06,83.4984,11.574033679434592,10.48,9.27,103.3748,9.42,10.8,14.61,11.14,2.8471442768262936
1974-10,0.0669771566147423,0.0788804675806946,0.0838648959022294,0.0839741466928247,0.0810481076844261,0.0805440672365708,0.0800167230851081,0.081652549138662,0.0780638506722727,0.0790306569511885,0.0794710528140736,0.0788805055969139,0.0800985684341918,0.078065400087937,0.0794794746738273,0.0798507030692166,0.080221931464606,9.45,80.8351,11.497187364777162,10.6,8.89,103.1452,8.92,10.5,15.76,11.17,2.870979058948234
1974-11,0.0794264262219411,0.0803097862176874,0.079444319310513,0.077093637317989,0.076100740221393,0.0763594276271385,0.0761293311989159,0.0772617956610905,0.0781795124891311,0.0773870918288673,0.077797775153534,0.0778191561050756,0.0785280172491701,0.0733187564735287,0.0727675054258773,0.0722162543782259,0.0719644163988737,8.53,77.0007,11.463519313304715,10.63,8.89,102.6159,8.84,9.9,16.32,11.21,2.8340288188927967
1974-12,0.0751497375922494,0.07756331027668,0.0769000323503901,0.0752548625086379,0.0724585374030278,0.0727075913508179,0.0723428083569427,0.0724235305447625,0.0733123238306175,0.0732628532753227,0.0734008470648637,0.0740310804006692,0.0757477200344751,0.0761240576447874,0.0734804573063358,0.0708368569678843,0.0695181505653917,7.13,75.2764,11.091272371721296,10.81,8.83,101.5441,8.42,9.4,15.07,10.9,2.508512383817993
1975-01,0.0702066030993304,0.0716687432933973,0.0709097300133237,0.0699912735584399,0.070503920124211,0.0706987656404432,0.0717123009286102,0.0715070979950124,0.0713641698491444,0.0713299225799449,0.0712581100118334,0.070971005476379,0.0716270202475772,0.0718435190108319,0.0714029047782928,0.0711497836809945,0.0708966625836962,6.24,73.064,10.408875068285916,10.65,8.62,100.3256,8.2,8.9,13.33,10.69,2.163467015640064
1975-02,0.0577850429425534,0.059329524005796,0.059600476991559,0.0587569178411728,0.0605520869361826,0.0627839772584205,0.0632256707127961,0.0651293201976666,0.0661036058526206,0.0671371304277214,0.0691046499641677,0.0706021524178549,0.0765983158080968,0.0717114562801896,0.0703355785433631,0.0691525388170886,0.0685461180232823,5.54,71.9398,9.512732106509358,10.48,8.67,98.9686,8.26,8.9,12.24,10.34,1.9998730488552092
1975-03,0.0561769194226952,0.0586951293752285,0.0588580062546665,0.0594317166186179,0.0591762255134344,0.0606652701376662,0.0616914082446444,0.0624529627159911,0.0640629156456636,0.0653736617662014,0.0664843106421815,0.069676945448507,0.0722311063901362,0.0699820016461676,0.0691767224802385,0.0683714433143094,0.0681807648108266,5.49,71.8607,9.111908592170948,10.58,8.95,98.614,8.73,8.8,12.42,10.36,2.072061895430623
1975-04,0.0568767250338709,0.0598969587626623,0.0612705878571668,0.0628396483309118,0.0652899810643135,0.068926933192743,0.0686253565949858,0.0699025134321244,0.0702470396449827,0.0707254405670026,0.0728873696534496,0.0736411011632772,0.0749946137907176,0.0722657579037673,0.0729595238182369,0.0736532897327066,0.0743470556471762,5.22,71.62,8.47969937096642,10.69,8.9,100.5616,8.81,8.6,13.11,10.31,2.1273047337279567
1975-05,0.0559230941815465,0.0607883325268054,0.0648248118976942,0.0666964244881601,0.0698785299117798,0.0715842578440472,0.0731365618399841,0.0742077973337611,0.0752212545519063,0.0771807117724674,0.0782658589311427,0.0787985989205004,0.080561425471756,0.0760771650052356,0.0764429774389931,0.0768087898727506,0.0771746023065081,5.55,72.1061,8.238153098420398,10.62,8.77,100.1111,8.8,8.4,12.99,10.21,2.0671852543052016
1975-06,0.0531488068600406,0.0557596287157847,0.0585395026711066,0.0598995350826001,0.0627989953687024,0.0648139431070898,0.0675195628206533,0.0677553469565031,0.0693362055325417,0.0708623290718366,0.0728000391030244,0.0740785251082298,0.0764851521122478,0.0780937482212479,0.0780345542249027,0.0779753602285575,0.0779161662322123,6.1,73.0185,8.366838211643612,10.55,8.84,100.0482,9.06,8.5,12.75,10.2,2.089246583578712
1975-07,0.0607896071867335,0.0640443998365937,0.0654787648842921,0.0678182027304616,0.0689238241741088,0.069776763514155,0.07113291808758,0.0715153745695444,0.0716337306842327,0.0735963074049327,0.0766710799480824,0.0761204537038137,0.0772091898901384,0.0734425399853577,0.0730901633996965,0.0727377868140352,0.0723854102283739,6.14,73.6354,7.7112844182715135,10.59,8.95,104.163,9.41,8.5,12.77,10.11,2.1291405303665982
1975-08,0.064557422506654,0.0695202559263839,0.0714129878342249,0.0723546331763547,0.0732932567487748,0.0736586617256299,0.0755518088599957,0.0765879276189156,0.0762767196230923,0.0785794780263777,0.0781741308536759,0.0787920721957959,0.0797802272565072,0.0805460489473835,0.0805642796134001,0.0805825102794166,0.0806007409454332,6.24,74.734,7.131886740440274,10.61,8.95,,9.7,8.5,12.76,10.1,2.166599038678048
1975-09,0.065218118913349,0.0710299465941236,0.0725609304414025,0.0738746116814444,0.0737811246175189,0.0754550261867293,0.0761601311087264,0.0769083833924974,0.0755499881532635,0.0750948843619432,0.0789939169699383,0.0800125779909219,0.079808951073186,0.0818013719084908,0.0813974425002195,0.0809935130919483,0.0805895836836771,5.82,74.9983,6.987292277614854,10.62,8.86,105.5742,9.54,8.5,13.51,10.15,2.24042828165388
1975-10,0.0661746871307173,0.0716814325891764,0.0744060985802871,0.0753456818404607,0.0750548696301309,0.077117622815065,0.0787931701778108,0.079574505726437,0.0803298232945862,0.0799064746397225,0.0804172700570033,0.0811275547917374,0.0819576310660681,0.08322130053808,0.082970935450752,0.0827205703634241,0.0824702052760961,5.22,74.9692,6.873132301005169,10.56,8.78,105.0762,9.45,8.6,13.66,10.19,2.267055418513333
1975-11,0.0573423329638163,0.0590051342072505,0.0609266511937777,0.0621890651321529,0.0646423180930899,0.0673629009552154,0.0684750137090546,0.0697737471894912,0.0720120125953048,0.0713688361412295,0.0729034793638007,0.0758669067222263,0.0767269579596194,0.0779164304958549,0.0781322656270443,0.0783481007582336,0.078563935889423,5.2,75.91,6.6189211043086615,10.56,8.79,105.5724,9.54,8.5,13.57,10.18,2.251148748092699
1975-12,0.0563612948408713,0.0617081992546628,0.0635309111489433,0.0642086801388093,0.0672386673169323,0.0685069665629054,0.0702578570453764,0.0711666466437832,0.0687150101937256,0.0725343545736346,0.0735769953212314,0.0768845012528138,0.0781527930879762,0.0802453849447085,0.0801449901411632,0.080044595337618,0.0799442005340727,4.87,76.6358,6.363845094137455,10.41,8.6,105.9891,9.39,8.3,12.64,10.16,2.084079119166881
1976-01,0.0528279255114188,0.0565040885265127,0.0588420537702333,0.060551820810476,0.0630450263274786,0.0644309431554193,0.0658575251276609,0.0666462502037123,0.0646259832297961,0.0691394771147712,0.0728918254316927,0.0737624213640417,0.0745698832030529,0.076548715846051,0.0768371071289681,0.0771254984118852,0.0774138896948024,4.77,77.5836,5.926010504681423,10.24,8.55,105.6923,9.29,8.2,12.13,10.16,1.9928900597814447
1976-02,0.0483364435542669,0.0516475958782427,0.0539981659833801,0.055621936070242,0.0583038840506786,0.0603249205524858,0.0621063945225783,0.0633842963213787,0.0624092133137555,0.0683149796686207,0.0719931455661873,0.0739024495142192,0.0747839040367841,0.0776074808519634,0.0775174501531107,0.0774274194542582,0.0773373887554055,4.84,77.6553,5.727724462314621,10.12,8.52,105.2299,9.47,7.9,12.55,10.29,2.034348968107176
1976-03,0.0531697866961524,0.058508504202326,0.0610882927193445,0.0628759326591006,0.0651665990106831,0.0669615157921562,0.0674709685741883,0.0686044370610076,0.0700261395551052,0.0721701219352538,0.073468476994962,0.0745793605486976,0.0747543322810437,0.0773309609806565,0.0772921897182623,0.077253418455868,0.0772146471934738,4.82,77.9206,5.610161802510194,9.94,8.4,106.1579,9.33,7.9,12.47,10.24,1.9996499385855544
1976-04,0.0509600178287708,0.0551415758128464,0.0579858274863308,0.0607777409517699,0.0622993672587652,0.0640298426277537,0.065371869756513,0.066543063450473,0.0680609189359199,0.0700724359318553,0.0712848904340316,0.0731010089432603,0.0736633245621696,0.0756974565103418,0.0756748805125474,0.075652304514753,0.0756297285169586,5.29,78.1365,5.689434445364849,9.86,8.58,106.7795,9.33,8.1,12.37,10.19,2.01438597848393
1976-05,0.0498684429200754,0.0542499688803139,0.0572141632630626,0.0593756780460248,0.0616549828212607,0.0634886433156431,0.0647112216517792,0.0657187112424068,0.0661672604916978,0.0690314125301923,0.0700721027552993,0.0727085629586907,0.0740758741623075,0.0749151476715489,0.0750366537755025,0.0751581598794562,0.0752796659834099,5.48,78.0268,5.493189642269125,9.89,8.62,106.4629,9.32,8.2,13.45,10.37,2.179968950870907
1976-06,0.0563797497498764,0.0605414104810718,0.0634701753822461,0.0655172798174918,0.0678129010352078,0.0692067706669056,0.0707429310782651,0.0714230409480732,0.0717637213456719,0.0733193222060609,0.0749461662714077,0.0758023632826661,0.0768788634744985,0.0771552276283146,0.0776593940002304,0.0781635603721462,0.0786298269651461,5.31,78.4157,5.127444069305831,9.82,8.56,106.6735,9.35,8.4,13.56,10.51,2.246337987295359
1976-07,0.0546748511763096,0.0588982650040739,0.0616093952647478,0.0634656205184923,0.0652503032713103,0.0660609191009434,0.0679783714396393,0.0692189762118096,0.0700019677581364,0.071090362759894,0.0724106056464909,0.0748394695860707,0.0759604108664968,0.0766302759623646,0.077225164595224,0.0778200532280836,0.0783224953814626,5.29,78.7235,5.249353527890643,9.64,8.45,106.397,9.32,8.3,13.67,10.61,2.250858986602482
1976-08,0.0524220325309954,0.0560259446741182,0.0583790573728642,0.0599728915316935,0.0623498667035052,0.0639046362412223,0.066932369789003,0.0662083192988985,0.0679544600617347,0.0687565664054208,0.0710080553568193,0.071756908023533,0.0755871610635053,0.0762245838662981,0.0770175067491925,0.0778104296320868,0.0784279425519415,5.25,78.7621,5.319070724893393,9.4,8.38,106.7741,9.14,8.1,14.18,10.66,2.260560319015416
1976-09,0.0517494553227205,0.0547557439127793,0.0565035258346548,0.0578666977157735,0.0602581434832772,0.0621551726480632,0.0631185183693371,0.0641438713800026,0.0654960340578307,0.0660126232050771,0.0690804182906306,0.0691127684330869,0.0728576461841896,0.0737879406340068,0.0747961078790676,0.0758042751241283,0.0766651373175418,5.02,78.4713,5.259118485490832,9.29,8.32,105.569,9.13,8.0,15.67,10.95,2.455630235052801
1976-10,0.0513941274614442,0.0539487979654665,0.0552344039447281,0.0564046513023535,0.0584229710421099,0.0599082104207324,0.060799123411147,0.061277790581497,0.0634192199271812,0.064863624560427,0.065640608474974,0.0693947209345734,0.071356458476746,0.0712416236512914,0.07065695114479,0.073647131836721,0.0754277301972134,4.95,79.2971,5.062096012782336,9.23,8.25,106.2537,9.01,7.6,15.46,10.94,2.3475851310249487
1976-11,0.0495602607141878,0.0517844511594995,0.0529326298902391,0.0542784057966684,0.0563513757919857,0.0581810144289999,0.0589305484148149,0.0591958623263641,0.0616660743492999,0.0621287213101858,0.0654317144726403,0.067075489143009,0.0696904578010755,0.0711699814281788,0.0723423555440861,0.0735147296599934,0.0742354087687914,4.65,79.9478,5.070422535211261,9.12,7.98,108.5023,8.67,7.4,15.17,11.04,2.2452621351491016
1976-12,0.0447799755289305,0.046477486186187,0.0476460602493273,0.0485586077112674,0.050433390244255,0.0514928012583458,0.05291870007522,0.0530302616271327,0.0547638532520937,0.0555622697929655,0.0639619381840586,0.0596906188064504,0.0641584546536726,0.0632475068963991,0.0642461706730897,0.0689052480896865,0.0712508743374126,4.61,79.4033,5.281525454218383,9.08,7.96,107.3246,8.5,7.2,14.07,10.66,2.0127478509376604
1977-01,0.0447759441847695,0.0465340265476333,0.047664591462437,0.0485074165507087,0.0504217274803652,0.0517061576151264,0.0528685763435634,0.053355205416322,0.0558849683832758,0.057272462122666,0.0572407656425603,0.0626595883707153,0.0648062080157535,0.0642966604414848,0.0642544505084001,0.0677761279464635,0.0690722428780642,4.68,80.66,5.96816499586792,9.12,8.04,107.1629,8.57,7.2,13.34,10.72,1.9418839314713243
1977-02,0.0481773037402706,0.0513631906707253,0.0534645430711949,0.0554797673425191,0.0581456641344972,0.0599313475361966,0.0604084489226141,0.0613235699683347,0.063337984648143,0.0653075356182269,0.0673711806437362,0.0707287384555683,0.0708467651847365,0.0712957294997641,0.0725422437010797,0.0737887579023953,0.0738154723873008,4.69,81.6244,6.33946830265848,9.12,8.1,,8.76,7.0,12.44,10.88,1.8462689667451155
1977-03,0.0477665739477949,0.0508427696800012,0.0532606379586335,0.0552020395351508,0.0571537376883965,0.0581346414835119,0.0598023452763925,0.0604442818877509,0.062164827591438,0.0645381533584632,0.0678382288881633,0.0677145501935654,0.0714925810072965,0.0724252009881472,0.073537968236834,0.0746507354855208,0.0745177057577166,4.73,82.2802,6.715349369988544,9.07,8.04,107.6511,8.8,6.6,12.18,11.12,1.7835898371144348
1977-04,0.0463422749413944,0.0492254936984738,0.0516957100956961,0.053430628322328,0.0558309394440062,0.0572006426286185,0.058413473518818,0.0593965079495932,0.0618877020748683,0.0635334761408913,0.065655299319568,0.0681628020556977,0.0705848820030435,0.0710163195806711,0.0681647038597746,0.0673509869555344,0.0671339206879694,5.35,82.7173,6.747657558160247,9.01,8.05,106.7924,8.81,6.5,11.86,11.19,1.7385195228114665
1977-05,0.0485331581542139,0.0509876535325985,0.0539090517291434,0.0547492102451782,0.0570896639015776,0.0585739720296861,0.0601448404582682,0.0605414631374461,0.0623281442768837,0.0633514033153918,0.0667341771316718,0.0686985749453606,0.0703109004756216,0.0723493292033584,0.0733931077941161,0.0744368863848739,0.0740021619409895,5.39,83.2306,6.877837684449495,8.91,7.95,106.9584,8.74,6.6,12.52,11.11,1.814941040738016
1977-06,0.0513215559650538,0.053662089039449,0.0556952855214027,0.0565135296806542,0.0585014769322611,0.0593696752283625,0.0605061139357458,0.0610096317775645,0.0623558784153179,0.0635106391682602,0.0664953766529844,0.0673043327280086,0.0694976520424023,0.0714365647149845,0.0725618252827818,0.0736318264509884,0.0694684698586343,5.42,82.9907,6.889006529027708,8.87,7.94,106.7143,8.72,6.4,12.87,11.07,1.8168558799216128
1977-07,0.051092163625131,0.0535426288433575,0.0550757575128689,0.0563541029941491,0.0572035079872968,0.0582509500937929,0.0590874480352026,0.0599297965691479,0.0610804743758283,0.0620870258451445,0.0633605386386426,0.0659015753720881,0.06804274889913,0.0699104620346859,0.0710394013467098,0.0720166755465425,0.0715676540660142,5.9,83.2056,6.798638166438531,8.82,7.98,105.5706,8.67,6.2,12.29,11.0,1.699611792544105
1977-08,0.0548659872632826,0.0583630828084448,0.0595469739017783,0.0610940932099315,0.0611636964443144,0.0623625825998574,0.0633493054137268,0.0640879362313908,0.0649848663782697,0.0651146801546738,0.067135184505556,0.0689950466903662,0.0701263460505385,0.0724145946426005,0.0731749316807263,0.073540041217954,0.073811076030108,6.14,83.0259,6.603608949076811,8.8,7.92,106.4081,8.57,6.2,11.03,10.97,1.5312691931061728
1977-09,0.0567140774706868,0.0603692911135305,0.0612570023464634,0.0625135086760718,0.0628523961021919,0.0635485782804345,0.0633925730092358,0.0648321708679275,0.0652151564988305,0.0663269000749629,0.0676875373001018,0.0686099329586937,0.0687281122007738,0.0698915446647162,0.0713824847089448,0.0722667148485471,0.072625400437175,6.47,82.9403,6.541439533349536,8.89,8.04,106.7982,8.69,6.2,10.31,11.01,1.4661213210970376
1977-10,0.061486876549846,0.0644384794056889,0.0652350944670188,0.0658408984640719,0.0657063853709002,0.0664243984703103,0.0663323016496942,0.0672925412607699,0.0678386921013641,0.0680170914004676,0.0679741530711789,0.0703850033861412,0.0701638450988196,0.071483910242837,0.0725960269278344,0.0731363297169921,0.0734387178581042,6.51,82.9124,6.667357942762342,8.95,8.08,105.5581,8.73,6.2,10.72,11.1,1.5313551911511056
1977-11,0.0633543851112325,0.0664958725789808,0.068229400670631,0.0685600413531196,0.0691387692952122,0.0695459774543549,0.0705634372271069,0.0709091709029823,0.0712096511274755,0.0716019637033053,0.0723240724617049,0.0736526104068636,0.0729044736311411,0.0737252139448329,0.0748876961785914,0.075320249234231,0.0753997891683592,6.56,83.5851,6.5889874200866005,8.99,8.19,104.4029,8.76,6.1,10.7,11.07,1.5132498530790786
1977-12,0.0614846729340716,0.0655939391998392,0.0670325575844754,0.067435770403439,0.0678017087847654,0.0678370469068649,0.0692894446620993,0.0700440940278884,0.0700645830322361,0.0709653237123719,0.0717002154814698,0.0718426908260864,0.0719824892497481,0.0731282904274831,0.0740405345610358,0.074358833467824,0.0749502347715829,6.7,82.0671,6.598776612104018,9.17,8.41,102.0037,8.98,5.9,10.61,11.25,1.5212297731162203
1978-01,0.0631656586021251,0.0663891446845144,0.0677986856727678,0.0686829455908304,0.0691978283386834,0.0694122275472897,0.0705564088129964,0.0712548723855742,0.0717206384991043,0.0721489544107804,0.0723930457016221,0.0748057856241586,0.075036100917695,0.0757026268144346,0.0769479101643565,0.0771151809367819,0.07758927614156,6.78,82.1608,6.262715312627143,9.2,8.47,100.9847,9.12,5.8,10.39,11.36,1.510707670997725
1978-02,0.0654339059230263,0.0689378864085555,0.0702292328182919,0.0704401628926076,0.071390212411468,0.0720393972457317,0.0726708399106348,0.0732914793343986,0.0737918965925023,0.0741249470705147,0.07505230764741,0.0760547466217173,0.0768136410489386,0.0770811680073839,0.0780064985343009,0.0781959417664443,0.0786435084462953,6.79,83.3689,6.417004048583008,9.22,8.47,100.8187,9.15,5.7,11.2,11.07,1.561564089084253
1978-03,0.0655338403263786,0.0692529607156124,0.070657090583497,0.0714744289704618,0.0717025397678241,0.0726835656611431,0.0734369699229517,0.0744448661170809,0.0748491135177453,0.0756780417808252,0.0766656752146608,0.0774496963918529,0.0779447349987226,0.0786061983282743,0.078900776463995,0.0789286195457139,0.0794373771174117,6.89,84.4329,6.604722930363605,9.32,8.56,100.2011,9.23,5.7,11.91,10.75,1.6200733101102474
1978-04,0.0651341283021792,0.0689210672796754,0.071295249561324,0.0725757074791876,0.0735588451962384,0.0742549697977794,0.0748594145285549,0.0753606634212615,0.0756442173152556,0.0766105646511504,0.0759523422594473,0.0777491263332051,0.0786578907361903,0.0792041810336228,0.0795227541948426,0.0786556072763554,0.080297069601814,7.36,84.5704,6.825084270600423,9.49,8.69,99.972,9.16,5.9,12.28,10.76,1.6886023703061674
1978-05,0.0652612707943679,0.0708073619252402,0.0736780614683151,0.0751914742188824,0.0758972496917914,0.0768170139539133,0.0773928832330779,0.0775143863568335,0.0775658310156285,0.0779706578050078,0.0779482044341371,0.0786086872013411,0.0795670929670686,0.0801476568771714,0.0807979413920477,0.0808333286910435,0.0811870047178246,7.6,84.9295,6.923102452623531,9.6,8.76,100.6171,9.23,6.0,12.48,10.6,1.719694014828645
1978-06,0.0675339459887117,0.0735697300830631,0.0759399384490746,0.0776716944240398,0.0788346885071653,0.0790119924116162,0.0794122144155372,0.0794999351109863,0.0794224885699486,0.0797837716430181,0.0802390166230326,0.0789968228019621,0.0812137941049422,0.0817706669037655,0.0824501367975065,0.0825971360230146,0.0830053478714362,7.81,84.5923,6.953478390068346,9.6,8.88,99.5484,9.19,6.2,12.37,10.49,1.720684531260139
1978-07,0.0718272920886323,0.0758516447107323,0.0797502230129169,0.0813149934707794,0.0820349149396976,0.082153222399295,0.0824363793249668,0.0826355741762702,0.0827073079446043,0.0831419013577282,0.0813446739930912,0.0810498116417793,0.0828767806984301,0.0832522935607828,0.0840581737263553,0.0841249320435099,0.0844601259625721,8.04,84.7647,6.996845011173924,9.48,8.69,96.6991,9.13,6.4,12.23,10.4,1.717681538791875
1978-08,0.06998929747706,0.0754087997826118,0.0796577787632929,0.0811779091422179,0.0825296889415893,0.0822824041522259,0.0819787172079569,0.0826138507027025,0.0821014280416137,0.0825361967718274,0.0815680531260367,0.0809791733109916,0.0826638968525408,0.0829973062102798,0.083115894911278,0.0831518397338922,0.0840484540844331,8.45,84.8911,7.199685689028579,9.42,8.69,94.2084,9.16,6.3,12.38,10.37,1.719960140794031
1978-09,0.0786758817303339,0.0799377413801262,0.0817828474804845,0.0827749186902201,0.0823590807378612,0.0828467775359323,0.0816957167600936,0.0830225237746891,0.0820292230318223,0.0815288712678534,0.0817830869681341,0.0817412849735942,0.0815396505119404,0.0824605205036954,0.0814279516368151,0.0816838959354757,0.0819946477680706,8.96,85.2079,7.554179566563479,9.59,8.89,94.0831,9.3,6.4,12.72,10.21,1.7774534075221915
1978-10,0.0827365383475232,0.0866543936741141,0.0864730745976299,0.0862853907827197,0.0856227033129347,0.0851681852996398,0.0844619450315272,0.0847207769252197,0.0829970798557631,0.0829465138755376,0.0812588211793515,0.0831532666175168,0.0827999467654968,0.0840500124276166,0.0829303616342238,0.0832638916225968,0.0840792985321137,9.76,85.7394,7.546741842454874,9.83,9.03,91.8496,9.55,6.6,13.09,10.14,1.8805330329706076
1978-11,0.0903192769454634,0.0963286803338825,0.0968793943095207,0.0955598949534814,0.0939163082873421,0.0922601243019214,0.0904946012649501,0.0918127120618689,0.0900694112915072,0.0889835184935891,0.0868856949520505,0.0839680757148973,0.0845938694076833,0.0844564122159519,0.0841110192724101,0.0836008146394592,0.084292745388565,10.03,86.0919,7.526361613620969,9.94,9.16,,9.63,6.7,13.12,9.94,1.8879127742731283
1978-12,0.0909387904188194,0.0946392498079445,0.0968794330216655,0.0974201368201025,0.0961124772357776,0.0923155180388514,0.0935911317163187,0.0924143634409896,0.089897555312071,0.088746990120403,0.0865581840938837,0.0850132093883949,0.0854334755917141,0.0861119062814195,0.0854341034448276,0.0852367100759142,0.0856295524969575,10.07,85.2284,7.703404500865552,10.13,9.25,94.1429,9.83,6.8,13.55,9.68,1.95268505483666
1979-01,0.0967015681014333,0.0988731722537406,0.1028938466801352,0.1029723559276413,0.1023106072770175,0.1003572657127544,0.0996758718564915,0.0971705056723851,0.0965851535067269,0.0941155411175471,0.0915921783868978,0.0905335328601868,0.0890097505374438,0.0897435200654919,0.087738639317936,0.0885717511309273,0.0890339001483808,10.06,85.2335,7.776253230798691,10.08,9.26,94.1458,9.91,7.1,13.99,9.77,2.075915515603324
1979-02,0.0948681973366411,0.0966651937135082,0.0981893514588328,0.0987210716579683,0.0966325345068488,0.0950561346915226,0.0947261147747579,0.0934007594384905,0.091654803557616,0.088972704979181,0.0869175444164677,0.08669563980799,0.086247727051355,0.0873799025265717,0.0869639383862401,0.0866807920772403,0.0869597617291873,10.09,85.406,7.919599264472765,10.26,9.37,94.9255,9.92,7.2,12.08,9.65,1.8504667067013283
1979-03,0.0963276178869158,0.0983590708583274,0.0998949170225591,0.0993207309230517,0.0960354230627939,0.0968109740933269,0.0967470816927219,0.096018708014439,0.0927732304690151,0.0902384967771836,0.0902637460177224,0.0903291921627656,0.0889183445691405,0.0900699808264872,0.0895544335052816,0.0890901738510583,0.0886616693852862,10.01,83.7026,8.225040118309689,10.33,9.38,94.9524,9.76,7.3,11.39,9.64,1.7608814593815176
1979-04,0.0975813547187034,0.0986032223430058,0.0990087699900654,0.0972544399754947,0.0954406882086991,0.0951215096548,0.0953163023881513,0.0944764806155382,0.09289293887823,0.0907038018410444,0.0875194902078119,0.0892215675613731,0.0880124416099649,0.088850091756636,0.0887385989872015,0.0886538762544912,0.0881865877305477,10.24,84.6494,8.569732566858267,10.47,9.5,96.4502,9.76,7.8,11.75,9.96,1.923168262945797
1979-05,0.0974078355087709,0.0991491002028622,0.0992582734702625,0.0974113635976343,0.0972755554647893,0.0964834361586924,0.0964382708185789,0.0963777657662977,0.0946291861201059,0.0917839520445194,0.0909355779250359,0.0905464430800031,0.0895863111710173,0.0909547538143097,0.0907878745412863,0.0914296636135745,0.0903555016427326,10.29,84.5164,8.756246702051707,10.38,9.29,96.2822,9.74,8.0,12.56,10.71,2.138301492847864
1979-06,0.0975657015543279,0.0977158813305753,0.0966087822791509,0.0929641682622669,0.0936514147953214,0.0936685812293986,0.0936518093291944,0.0929936963552832,0.0905007739606614,0.0881190142843159,0.0879511218043212,0.087483790937178,0.0867488887102278,0.0880691539373785,0.0879813541025337,0.0884531065450345,0.0884997055404956,10.47,84.3581,8.989596517766184,10.29,9.2,95.2656,9.76,7.9,12.34,11.25,2.1618380573987594
1979-07,0.0916925509757956,0.0915685577066545,0.0925216882663819,0.0908160958970426,0.087497194671173,0.0866999329563218,0.0872829030596458,0.0867150592533407,0.0859298700794608,0.0848501815226015,0.0848659295840957,0.0836139251903798,0.0828025668321829,0.0853582519716048,0.0849968747276171,0.0856359006159675,0.0857677678528317,10.94,83.0842,9.26989587492706,10.35,9.23,94.5379,10.01,7.6,12.26,11.67,2.187045017090695
1979-08,0.0937942055822618,0.0957972448257489,0.09600655146007,0.0939067716809565,0.0922100691169059,0.0904874244730425,0.0905053948191673,0.0898440204880756,0.0874939738798,0.0877198399718175,0.0868418866543098,0.0856068651703038,0.0870303158771567,0.0876936820844688,0.0874546661853581,0.0875721539703161,0.0875405793349946,11.43,82.9464,9.611508154663762,10.54,9.44,94.8532,10.29,7.5,12.56,11.56,2.232245165795625
1979-09,0.1028463055003572,0.1037149527313318,0.1042880114903511,0.10320808800147,0.1008703827629586,0.0987301522976666,0.0970000293203885,0.0969519025580831,0.0947401589880726,0.0936980720756624,0.0915376001359198,0.0894544786036699,0.0908931293477058,0.0910308483066517,0.0903412788664385,0.0901247003641414,0.0899717120592785,13.77,83.2059,9.632457655364668,11.4,10.13,,10.85,7.7,13.09,11.6,2.410018877657667
1979-10,0.104802839216978,0.1056832567012704,0.1064055058634168,0.105455431318608,0.1022917631741023,0.1013588688644545,0.0994127938681228,0.0980847765219,0.0961624786857832,0.0949315948413535,0.0927638225061369,0.0918719243988405,0.0927485224582677,0.0925882536214203,0.0919540710870789,0.0926564846777021,0.0918893146527598,13.18,82.7573,9.77101536607412,11.99,10.76,95.7548,11.12,8.0,14.76,12.09,2.753845713421178
1979-11,0.1240273856978273,0.1261933255124409,0.1274418639123461,0.1230395707432087,0.1195429723240919,0.1175629352657775,0.1169563206033903,0.116685139939964,0.1125393883337485,0.1123851258180971,0.1086045569159502,0.106142268527618,0.1064275245777654,0.105649582133982,0.1041300331655074,0.1044948800239066,0.1039960974469256,13.78,82.7932,10.178437546858587,12.06,10.74,97.7986,11.2,7.9,15.02,12.59,2.838476717744081
1979-12,0.1208457148406144,0.1213262362143247,0.1185485429101984,0.115305190622289,0.1094304043626895,0.1089998682060977,0.1100338273646038,0.1101585665992583,0.1031110963395569,0.1019593210531748,0.0998878644993081,0.1001746643507401,0.1010179629707964,0.1015594090727158,0.100205541335365,0.1010396942497082,0.1012258696201722,13.82,83.04,10.497961127481624,12.42,11.09,,11.69,8.0,14.41,12.52,2.8407123751950176
1980-01,0.1246031811947389,0.1249537406919814,0.1182000838464647,0.1146193404830861,0.1106129235586586,0.110341643843587,0.1104317569501408,0.1094833675492571,0.1052001221539091,0.10268894060981,0.1029187169201681,0.1011166698230059,0.1020587623425109,0.1018358931285479,0.0995011774446556,0.1009255993564215,0.1018815264443222,14.13,82.768,11.10255802936997,13.57,12.38,94.6495,12.61,8.4,14.74,14.11,3.2587398783797807
1980-02,0.1251916904544599,0.1253231139894656,0.1216743777693235,0.1171502297344267,0.1155384020378834,0.1147398640122521,0.117176808633003,0.1165093106501513,0.1107538545432021,0.1095940021820629,0.1088196062176564,0.1075566978399331,0.1097943271949175,0.1101351548559258,0.1097174468179869,0.1093250093010444,0.1091353370181384,17.19,81.8982,11.595182138660398,14.45,12.96,95.1193,13.22,9.4,14.93,14.44,3.5671133627997595
1980-03,0.1554274395096032,0.1532048839501628,0.1498623343299148,0.1494151377107818,0.1447157589740059,0.1430111383155133,0.1432308601807531,0.1421989913072268,0.1375901398618595,0.1318657775524962,0.1279153393656072,0.1245635107711241,0.1265199066172487,0.1237645490144939,0.120775403099398,0.1225504908944341,0.1212796033733794,17.61,80.0641,11.019043465619994,14.19,12.04,98.8024,12.56,9.4,14.42,13.95,3.3577137285974463
1980-04,0.1549148939540096,0.1563182426590872,0.1529782884482579,0.1514313360706489,0.1459428987758681,0.1439344481067534,0.1428881989602375,0.1390758150319336,0.1369952478794659,0.1296752077153966,0.1264789289318136,0.1232811549436196,0.1232506898194394,0.1197065226974227,0.1193836671079455,0.1216329738620333,0.1209730621638921,10.98,77.5384,10.736381686857932,13.17,10.99,101.8026,11.4,8.3,14.11,13.49,2.927824687309043
1980-05,0.1056737527606762,0.1073712878517409,0.1076292826131396,0.1059958673367127,0.1022616950913953,0.1039004240651646,0.104577680207553,0.103602909545986,0.1005035959668735,0.1008832293597694,0.1000746821694971,0.0994882563112252,0.1013342049223393,0.1027482605124315,0.1033226519082297,0.1040181994389363,0.1031357317738287,9.47,76.1459,10.522860893886657,12.71,10.58,94.464,11.28,8.1,13.78,13.34,2.8215391086388117
1980-06,0.0816128942563236,0.084193021088771,0.0861405260533157,0.0869908700996079,0.0876831678094061,0.0900910861836579,0.0922027663488725,0.0886150494206508,0.0900518003105862,0.0926937050960737,0.0931822971688155,0.0935760613021695,0.0980739752392933,0.0986958175293804,0.1006969309561949,0.1012341803043377,0.1027522192859882,9.03,75.2353,10.539583628381257,12.65,11.07,93.0388,11.6,7.9,13.08,13.43,2.759533748706144
1980-07,0.0816064606712913,0.0817238129117603,0.0833334025147064,0.0839148231364102,0.0854377368014579,0.0859750972613486,0.0884569611714003,0.0874831521372331,0.0897241255717972,0.0906188688862203,0.0924595406160287,0.0924724148239017,0.0946561932669938,0.0959581684092157,0.0977352594159068,0.0986759010017669,0.0987417588510475,9.61,75.5718,10.614195361911438,13.15,11.64,92.5754,12.38,7.8,13.7,13.46,2.9282364478928926
1980-08,0.0890239411146688,0.0905633995434028,0.0912179203874586,0.0920425438159496,0.0943665380019049,0.094809030791399,0.0966054909178025,0.0952072522434244,0.0962132449031274,0.0986515766778047,0.0971251581873838,0.0985392522738713,0.1004286792101858,0.1009662181823338,0.1046985924645023,0.1059002324492454,0.105263124545952,10.87,76.636,10.660648109448578,13.7,12.02,94.2305,12.59,8.1,13.47,13.85,3.0242476964763627
1980-09,0.1006344324597053,0.1038226303635033,0.1054758702906459,0.1067718979499418,0.1079449350205546,0.110472043614985,0.1087994605961503,0.107898602356998,0.1085861934575545,0.1091572592838718,0.1085239730346963,0.110757242970229,0.1108681935984995,0.1087938366792554,0.1093060849726391,0.1100317145317605,0.110411377701056,12.81,77.8126,10.643413852191696,14.23,12.31,93.414,12.76,8.3,13.2,14.27,3.0971929176597617
1980-10,0.116571386030039,0.1195265133196976,0.1200464494250157,0.1185026715543265,0.1164978103208029,0.1176356452607922,0.1163073270233685,0.1158555529260926,0.1152980145830192,0.1148103426866935,0.1120167714508503,0.113403760448752,0.1125523001070039,0.1125119788716188,0.1127489544378589,0.115027381406013,0.1146289231769031,15.85,78.9895,10.775944885131628,14.64,12.97,94.5424,13.03,8.6,13.34,14.24,3.196444625524821
1980-11,0.1361467058513062,0.1380538818903928,0.1362461199483473,0.1355369670494292,0.1296394339546657,0.1285089399355966,0.1289062214027758,0.1272696840508788,0.1239820867690945,0.1226248342245237,0.121062290634604,0.1220139002049536,0.1203835332352109,0.1190216035791688,0.1200730093867152,0.1210302077917803,0.1198413899091485,18.9,79.1106,10.566428046490127,15.14,13.21,95.8912,12.94,8.8,13.78,14.31,3.2776722426697025
1980-12,0.1509398621243157,0.1533318393372964,0.1480128392104698,0.1478551345120639,0.1381535625255308,0.136846284029854,0.1364372413627913,0.1327198622202444,0.1292949207454437,0.1259300857988926,0.126902968049402,0.1244840603491412,0.1230164386847921,0.1220777853485087,0.121723908560385,0.121170834195313,0.1197646197781719,19.08,78.5433,10.470315698739352,15.03,12.81,97.8208,12.82,9.0,13.97,14.58,3.3483103925176843
1981-01,0.1507698405407068,0.1459970606669532,0.1409420073632698,0.1354226885884825,0.1271735061580756,0.1268074884680309,0.1256060448712842,0.1241603546280537,0.1213657677423781,0.1204563366830696,0.1200074878856334,0.1181966493881253,0.1200657659050005,0.1189038562473682,0.1192923007919018,0.1169404543832279,0.1162225217843892,15.93,77.9137,10.392794329265032,15.37,13.35,95.5688,13.3,9.8,13.84,15.05,3.584309772111109
1981-02,0.1519918573317006,0.1451936611970525,0.1412455877879768,0.1356713217076559,0.1319295338249994,0.1320965932006747,0.1283587141178257,0.1268914202739381,0.1202192157487168,0.1244077664500946,0.1242764034318778,0.1219690735952907,0.1230692980906775,0.1238136670732452,0.1216865401332915,0.1220587876201181,0.1213246441360565,14.7,77.9371,9.813883697054248,15.34,13.33,100.3899,13.37,10.2,13.66,14.98,3.6293209451796975
1981-03,0.1494827021513384,0.1488713957742826,0.144140299949416,0.1426000335896286,0.1352590734759844,0.1346284628741603,0.1339211717008331,0.133980922760124,0.1319697548643552,0.1331104848333806,0.1320940108702078,0.1261784285279942,0.1314396282080991,0.1308825253921926,0.1283876819449726,0.1291952220191749,0.1285010440911614,15.72,78.1305,9.721094670682184,15.56,13.88,98.8203,14.25,10.0,13.66,14.97,3.716414458196504
1981-04,0.1271063712074679,0.1246413107811878,0.1256642860539625,0.1253735699277102,0.1245101481717906,0.125094375511336,0.1290083223513328,0.1272390210038936,0.1251720591344004,0.1280789445123444,0.1298100153030189,0.1229550463361078,0.1268189847184382,0.1270189950797097,0.1249358688122318,0.1248158191526173,0.1246292866652914,18.52,78.2901,9.362818980302489,15.95,14.32,101.4888,15.34,10.5,14.4,17.25,4.30435641271124
1981-05,0.1513100782125392,0.1474575345170116,0.1470585350452775,0.1448956570327362,0.1442843870632307,0.1400351358445322,0.14285279664853,0.141595125753477,0.1372253816850216,0.1380682972015245,0.1380479342786189,0.1352122800885312,0.1345492191552342,0.1354986944253186,0.1338117210405751,0.133465846133376,0.1324191957575669,19.1,77.7009,9.1103938024532,15.8,13.75,105.4575,14.76,10.5,14.69,17.32,4.267690780227223
1981-06,0.1597277783402729,0.1519939004493869,0.1477469773319841,0.144317939057213,0.1397411273940242,0.1394396415851976,0.1378456671168404,0.1391645916701731,0.1330620888243887,0.1323617007599612,0.1324070366266355,0.1275881002701924,0.1267600304984061,0.1270205449174659,0.1282404443999751,0.126166213476138,0.1303239739544712,19.04,77.6454,8.92225695690052,16.17,14.38,108.1679,15.89,10.5,15.28,17.11,4.468963218451335
1981-07,0.1510801242368816,0.1502204639626133,0.1476973030280776,0.1449168470202991,0.1412842709365377,0.1437427607833862,0.1457265821126356,0.1425727968361469,0.1352597633440971,0.1380436577559984,0.1362725846882836,0.1324599144732792,0.1332002175836721,0.1322335309130903,0.1325232320381729,0.1323120926688903,0.1360518751282789,17.82,77.4189,8.698635358694817,16.34,14.89,110.4973,16.45,10.7,15.23,17.03,4.563087184409733
1981-08,0.1602083785428314,0.1633481017074863,0.1625135140073409,0.1571979110472775,0.1529185813771035,0.1524390415366651,0.151630076121408,0.1535089047064735,0.1471544908054374,0.1485201950005149,0.1516288741582111,0.1437532736564969,0.1432826883118658,0.1446025890640769,0.1420125508699668,0.1424826773369766,0.1420352885311869,15.87,76.9439,8.354525997733852,16.92,15.49,111.1856,17.0,10.6,15.81,17.08,4.69775277531741
1981-09,0.1607262569621838,0.1649279187515877,0.1653163852022557,0.1617484640270866,0.1612058433569636,0.1625668320659825,0.162682997419307,0.1566154783927817,0.1533548908914901,0.1562214331649477,0.1506664374947622,0.1472089162197094,0.1482730039678481,0.1475183629596629,0.1454832592128964,0.1453563409137565,0.1465400994173089,15.08,75.9541,7.980915744510786,17.11,15.4,106.8214,16.76,10.2,16.34,16.94,4.646675249951864
1981-10,0.1502747700630626,0.1558766610702172,0.1587380085083979,0.1579730396548689,0.156832887350333,0.1583490566233057,0.1569230330244297,0.1573675059168855,0.1518680346673308,0.1554087195474167,0.1563375191222545,0.1487195740977181,0.1492517141298478,0.1479587814888893,0.1490768424370169,0.1498279026358658,0.1515772767795184,13.31,74.8132,7.683540226467445,16.39,14.22,,14.93,9.9,15.72,16.75,4.249736810979186
1981-11,0.1302551240295267,0.1345047357989627,0.1367118682653264,0.1371205625733955,0.13850808427674,0.1386513979677522,0.1402144702480733,0.1396610020195791,0.1387164198236674,0.1405966601421181,0.1415112048876921,0.1363410425996004,0.1410233591259341,0.1386814597579509,0.1402664041434957,0.141615204385531,0.1417614383097921,12.37,73.4182,7.3188744737943345,16.55,14.23,104.3683,15.0,9.7,16.0,16.44,4.223884998705248
1981-12,0.1076841132228532,0.114215424208431,0.116158363966794,0.1175630960946191,0.1206473143639147,0.1183093616241506,0.1187328856544882,0.1185909028064053,0.1212717717687037,0.121747791563854,0.1247683677320718,0.1310966202337327,0.1308653827175925,0.1258398393269343,0.128145292828267,0.1292171718460188,0.1283576563022502,13.22,71.4208,6.929848089536961,17.1,15.18,105.9334,15.82,9.8,15.94,16.42,4.343272729350993
1982-01,0.1180451573705023,0.1274868953793732,0.1299294227850463,0.1310488958541808,0.1323924915841784,0.1341025828034977,0.1371537241818542,0.13268297142402,0.1326505890304105,0.135047989619324,0.1372697266851301,0.1373702107155666,0.1368176304962021,0.1358099507506785,0.1360372479148922,0.1365953570451629,0.1377117920399153,14.78,73.3026,6.177279969101535,17.18,15.27,105.8531,15.66,9.7,15.09,16.29,4.187794574700682
1982-02,0.1420471012720084,0.1452298280228295,0.1468950467705236,0.1454463178578275,0.1426876501173407,0.1442860322488194,0.1437191329111709,0.1451491402263932,0.1422679576784659,0.1415788906692974,0.1427595206215328,0.1375602368449501,0.1397456057246305,0.1374815633865578,0.1387185768646337,0.1402600204050529,0.1412796142593484,14.68,72.6304,5.712573414838773,16.82,14.58,109.3506,14.95,9.4,14.01,16.35,3.918921615828376
1982-03,0.1266702603445621,0.1336973635922225,0.1345662133481258,0.1345217296109523,0.1345490252342902,0.1371123176323145,0.1346883052238926,0.1377223851739953,0.1357289077682787,0.1365207513553315,0.1349618975063665,0.1281278262854534,0.1336289244135784,0.1319031630121833,0.1331325065000221,0.1335927378435686,0.1341807308818822,14.94,71.9168,5.30586915530944,16.78,14.46,114.4161,14.93,8.9,14.2,16.29,3.8503955878597034
1982-04,0.1361854518319851,0.1367429062256658,0.1368061647245118,0.1373168931698286,0.1382109563193993,0.1384835013723867,0.1384552111800421,0.137867904734644,0.136706113114695,0.1381706566135282,0.1376868999242874,0.1319172142332054,0.137834143942541,0.1341832593605789,0.1349211109191535,0.1371211953173635,0.1341123730643905,14.45,71.6519,5.45800166330046,16.64,14.26,114.425,14.7,8.7,13.89,16.13,3.730223694670975
1982-05,0.1308438863607695,0.1343852280908661,0.1335513066466279,0.1347350726701274,0.1359547762845402,0.1352363730555447,0.1367099423139966,0.1361571273248675,0.1358667669520585,0.1354179325422438,0.1336542279323875,0.1295519554502475,0.1325249842532194,0.1318403201150133,0.1327710409073907,0.1363164865256618,0.1343437766357622,14.15,71.4748,5.800771542849037,16.92,14.81,,15.96,9.1,13.75,15.98,3.934080479663709
1982-06,0.1230002150000486,0.1255548123208584,0.1276727733093852,0.1294571150692734,0.1311284487722599,0.1305801998411716,0.1354552597714984,0.1346355819689347,0.134172628246495,0.1339484556440821,0.1329310932186056,0.1285167414568862,0.1364491807143247,0.1286801033467987,0.1305780187430902,0.1379306560512204,0.1360027691724533,12.59,71.2834,5.789498447351082,16.8,14.61,113.5508,16.1625,9.3,13.35,15.96,3.944185377047804
1982-07,0.1291756532263239,0.1351358877703188,0.1374386548441731,0.1382625747946612,0.1396238848369581,0.1395566987541417,0.1408175150153286,0.1396907781959943,0.1410994847058689,0.1413632298517643,0.1377641236833036,0.1350201048311463,0.1410394020213067,0.1381761635281977,0.1363930061800803,0.1399112926852075,0.1374732064526881,10.12,70.5349,5.45658577640622,16.32,13.71,119.2429,14.9625,9.0,12.21,15.79,3.573780451228536
1982-08,0.0967200583764312,0.1091968120507449,0.1142781417320475,0.1186127865526811,0.1231760177495424,0.1253931181196233,0.1255566401553279,0.1245983277887151,0.1276793558037329,0.1270217778472501,0.1315020896668908,0.1223021172273386,0.1315843032052202,0.1307008638671161,0.1273772023270777,0.1336704963801951,0.1300235005337416,10.31,70.3372,5.112355634048282,15.63,12.94,118.8698,13.926,8.6,11.51,15.76,3.278745049476093
1982-09,0.0858763019837705,0.1007261747876736,0.1056916273519703,0.1098482503329669,0.113572469071005,0.1189499058794754,0.1191583271804163,0.1163285049430592,0.1209023903111362,0.1186979954330485,0.125086463915174,0.1209273641675879,0.1255303725470038,0.1251049441213116,0.1261913904424733,0.1270208593682767,0.1219147399101674,9.71,69.3736,5.225779587304524,14.73,12.12,118.36,12.735,8.3,10.69,15.81,2.9738044087060445
1982-10,0.0751985330714478,0.0890203143884908,0.0961934911519838,0.1010811310790773,0.1035624633324449,0.1093057366668431,0.1094841462215087,0.1087390750182808,0.1114201853709876,0.1104435569741756,0.1116234372631392,0.1068140962699806,0.1138341708191751,0.111110926023095,0.1136259857572447,0.1212891084762368,0.1136606963354206,9.2,68.9279,4.979291302347,14.3,11.68,121.8157,11.77,8.2,10.8,15.79,2.8357939707758457
1982-11,0.079979052319501,0.0856926031177878,0.088179366764286,0.088536596542395,0.0955318496284314,0.0966984635485509,0.097303801356489,0.0947963725662854,0.1005786954436883,0.1034857532753416,0.1059630963735545,0.1028392584262723,0.102258408575881,0.1012010144905236,0.1070933555718777,0.111258665202279,0.0966206906239753,8.95,68.6719,4.814882782034213,14.14,11.83,122.4092,11.648,7.9,11.58,15.4,2.8178180011284373
1982-12,0.0844267255411894,0.0882658479560763,0.089399051780856,0.0911963390465983,0.0961368496476087,0.0969375934204715,0.0974539915420532,0.0969425798579731,0.0987828884840278,0.1017123023624454,0.1054668735939033,0.0995283634105008,0.1066769967693602,0.1055022359864111,0.1121243700054998,0.1139711984544715,0.1035157442858635,8.68,70.2066,4.681549722937994,13.94,11.79,117.8806,11.365,7.8,11.87,14.99,2.7492268989245927
1983-01,0.0807348659381075,0.0824717479657152,0.0841745442019534,0.0850977945244211,0.0895847278375966,0.09075460602736,0.0925260462847554,0.0925326614546365,0.0953035822153766,0.0976051238482201,0.1007567406990185,0.102170167471195,0.1071669191194262,0.100141019071354,0.1071463429566128,0.1090046284752289,0.0980859782888556,8.51,70.1121,4.544731158349435,13.95,12.01,118.2814,11.4325,7.8,11.79,14.9,2.738327513190359
1983-02,0.0834304794212444,0.085399260859315,0.0869750485980371,0.0875486975311778,0.0915889699546974,0.093556334014403,0.094866897362685,0.0941882192879531,0.0974786485478697,0.100213568201419,0.1031186823563083,0.1051131023616557,0.1086533102842779,0.1041474629122913,0.1126833443531351,0.114349194478361,0.1039988290636934,8.77,70.7376,4.410630867613041,13.61,11.73,116.9903,11.186,7.6,11.38,14.65,2.5933203060381027
1983-03,0.0813840058137814,0.0822045093633315,0.0829821919911925,0.0839788093914821,0.0861304914651816,0.0896106681394551,0.0907230092973511,0.0907770236400094,0.0920171290406237,0.0946264916770625,0.0981688762592804,0.0982533960140449,0.1043162219813462,0.0984243385110868,0.1064260217099257,0.1073996946326136,0.0983111943622003,8.8,71.5673,4.834542157751587,13.29,11.51,119.6493,11.0675,7.7,11.06,14.55,2.5432219321485703
1983-04,0.0885154772565562,0.0899934542801876,0.0903804925980735,0.0912171335455789,0.092744248887331,0.0945679913172978,0.095276708899105,0.0967919613945352,0.0980320081344992,0.0999127758419971,0.099772245842268,0.1023481083022347,0.1072141103945319,0.1024971499913197,0.1095794776264447,0.1095492356244561,0.1021331296845537,8.63,72.3638,4.510837727006445,13.09,11.46,118.5617,10.71,7.8,11.16,14.55,2.522409824691605
1983-05,0.0822483469477793,0.0831428568731637,0.084015999435495,0.0849320078441434,0.0875922958921983,0.0891930279197224,0.0899569509309786,0.0913906848654255,0.0927592359138897,0.0943863999936607,0.0971877756007216,0.1007994262325908,0.1038426387253377,0.0984842849686785,0.1069693089177416,0.1063522868638081,0.0981737485931477,8.98,72.9112,4.145042949176814,13.37,11.74,118.2917,11.046,8.2,10.99,14.52,2.609857988424967
1983-06,0.0876199826191043,0.0894269119068621,0.0904575849859137,0.0925720158667266,0.0943101128255464,0.0955183716885434,0.0978253989345263,0.0974607615362447,0.0993112018992696,0.1004309280525098,0.1031462285027951,0.1054660232732307,0.1083847814501566,0.1045996051913338,0.1104937388112339,0.1099447051765059,0.1045432627723568,9.37,73.9127,4.116168916364615,13.39,12.15,120.97,11.5675,8.2,11.53,14.04,2.689819437976796
1983-07,0.0894778967756825,0.0918501148863255,0.0930969724794654,0.093869240084753,0.0973240642614178,0.0973156542141453,0.0994569381684822,0.1001909525227819,0.1015235406593984,0.103862756934942,0.1039872463855662,0.105707306832559,0.1096040766422446,0.106276981410102,0.1127332691649818,0.1107889840860399,0.1060120388964578,9.56,74.5144,4.238715970559559,13.64,12.51,122.5051,11.79,8.4,11.72,13.96,2.7663634281117004
1983-08,0.0956080783295337,0.099123190643515,0.1010162558421395,0.102088690748172,0.1047259352888805,0.1052015654971371,0.1066528618289345,0.1079978258028331,0.1090303917935084,0.1099471065606857,0.1142630837873633,0.1160341985248545,0.117413175551674,0.1147835176737726,0.1202119506622047,0.1178936632975921,0.1146724123490032,9.45,75.8371,4.315433422501291,13.55,12.37,122.4881,11.77,8.5,11.25,14.03,2.731790119140181
1983-09,0.0944665834695388,0.0984560806920025,0.1003987552817854,0.1026567245796569,0.1044915224254613,0.1065289623103144,0.1078255560280953,0.108803231300398,0.1107029329180019,0.1112631007067228,0.115173010651583,0.1173430597850426,0.1171453927183492,0.1165855204333783,0.1197636839338905,0.1138974621079832,0.1152653421387104,9.48,76.5587,3.9088091102952527,13.46,12.25,123.5622,11.5475,8.3,11.02,14.15,2.65515142067526
1983-10,0.0894008016340651,0.0921282645664447,0.0945975626180934,0.0961869913353144,0.0976536859055735,0.1000623808003159,0.1017573856297331,0.1028461501364202,0.1053188685919407,0.1066368036393633,0.1079964631749295,0.1126470393898388,0.1119785969049257,0.1126652324228978,0.1159002294035179,0.1090879237751614,0.1103559325647804,9.34,76.8777,3.7436436963001807,13.61,12.41,121.4059,11.516,8.3,10.68,14.12,2.6065307242668374
1983-11,0.086739292768568,0.0903383500357875,0.0939209125866567,0.0954504393399676,0.0968142928964188,0.0992699096738608,0.1016603284664217,0.1034758618489826,0.1053386181447868,0.1075552020173722,0.1104568026993754,0.1131102482229274,0.1129100674033425,0.1138941396189947,0.1174802597232383,0.113762171595644,0.1133338116702678,9.47,77.0038,3.643884183572976,13.75,12.57,,11.785,8.4,10.77,13.96,2.651766399896901
1983-12,0.0908137638352876,0.093564264815459,0.0954382245515855,0.0965921876914816,0.098522825376161,0.1001200185973595,0.1024776590541053,0.1039125327005483,0.1055765570037834,0.1067638292953702,0.1095952705118441,0.1109514874223711,0.1119854899671462,0.114969950775447,0.1157824270349341,0.112767538998924,0.1131536025807926,9.56,78.283,3.611728314381568,13.65,12.2,124.7037,11.7175,8.4,10.77,13.76,2.618987374979953
1984-01,0.0923997453491751,0.0950788294376206,0.0966567520669025,0.0985320675071322,0.1006403297004353,0.1031175558567796,0.1049147065226929,0.1060221506995866,0.1079080481473628,0.1077477239036828,0.1120940471594435,0.1132249530360352,0.1146959252822212,0.1172274228270523,0.1186001511979683,0.1149987861476567,0.1152535204243958,9.59,79.0178,4.1318719554627625,13.59,12.08,125.6407,11.872,8.2,10.87,13.87,2.63252494752262
1984-02,0.0911353228908018,0.0929198426536684,0.0945892747031695,0.0954359787550652,0.0976320989244075,0.0995400764400811,0.1016341708697037,0.1032715977702831,0.1047024779371554,0.1060206032612473,0.1094010244927565,0.112218096836006,0.1124229457943065,0.1150795480035054,0.1161984290576756,0.1129609999739106,0.1133689259044617,9.91,79.2532,4.339421844797253,13.99,12.57,122.0201,12.8425,8.1,10.66,13.98,2.737275204793696
1984-03,0.0942495311104677,0.0971091677507195,0.0989462783018427,0.1001179103997298,0.1020487047080796,0.1044782327246124,0.1063139754312103,0.1080144952990417,0.1083517719677579,0.1103079160344372,0.1137343813484124,0.115006634159549,0.1171808751073719,0.1181064995675666,0.1195949823373864,0.1173491647778631,0.1175065203388752,10.29,79.4777,4.261345210040424,14.31,12.81,122.6878,13.235,8.1,10.85,13.81,2.793987652230023
1984-04,0.0994218509182402,0.1023767598441968,0.1032401003228694,0.1055860226317301,0.1081906434358794,0.1098141338979086,0.1114464858033495,0.1130881750818359,0.1140241060384141,0.1155423359135148,0.119195679345165,0.1151915288051826,0.1214957111380391,0.1411376318684728,0.1242273435144416,0.122333399878803,0.1219186062492447,10.32,79.5758,4.098395998620208,14.74,13.28,122.4351,13.64,8.2,11.38,13.82,2.930643466831508
1984-05,0.0993623764184858,0.102840135444691,0.1049850825039881,0.1080897393686535,0.1104183605766146,0.1114346889810597,0.1127384877269309,0.1158256546062956,0.1168517563716226,0.1178603965236769,0.1207357596467191,0.1200683792693327,0.1244753748779408,0.1259413528755959,0.1271985420837952,0.1254531723837082,0.1252683080129565,11.06,79.7745,3.896299160169248,15.05,13.55,126.4919,13.6675,8.2,11.59,13.99,2.979582319496094
1984-06,0.1005036297514862,0.109044957245801,0.1132321331735498,0.1171691157794769,0.1214921628180815,0.1218721700207336,0.1229222340889253,0.1235174066751407,0.124731347314568,0.1268084960176442,0.1282767116588659,0.132285616918502,0.1320955192086639,0.1327602700694779,0.1337949547049784,0.1323855232907292,0.132972616447197,11.23,79.9006,3.6821870995300983,15.15,13.44,128.3474,13.73,8.2,12.07,13.91,3.036318633833728
1984-07,0.1015857890788372,0.1083839884002395,0.1149415584098031,0.1194145955230975,0.1225703212784392,0.1245298405931304,0.1271773028238434,0.1282039404817601,0.128430863193821,0.1306995759435483,0.133251658162086,0.1328094295448882,0.134890797507968,0.1355549523709711,0.1357002935042985,0.1354034934759385,0.1349066109894756,11.64,79.8447,3.5580603998298432,14.63,12.87,130.0796,12.912,8.1,11.41,13.58,2.789735394081759
1984-08,0.1070702847088533,0.1107369249890801,0.1130153931981542,0.1151578002317809,0.1166128416332994,0.1176900155345112,0.1211331199538173,0.1213710032627395,0.1212246760385943,0.122191979821058,0.1231350439842345,0.1244520248461036,0.1242792644119844,0.1249698587207162,0.125483335263821,0.1245961684802824,0.1235867743139919,11.3,79.3255,3.3358058705097005,14.35,12.66,131.3543,12.7675,7.8,11.23,13.05,2.6371043338906577
1984-09,0.1091686505142379,0.1118060578348671,0.1141359973047884,0.1166293970201181,0.1181195364732341,0.119492133692615,0.1217874249633245,0.122446865083702,0.1222342081633416,0.1227793785813499,0.1243235434497118,0.1231968516065971,0.1245923157476815,0.1262824341154662,0.1256486848010423,0.1252023005099821,0.1245604726876672,9.99,79.5661,3.404210303607313,13.94,12.63,133.2357,12.544,7.6,11.1,12.02,2.43715033860139
1984-10,0.1048012374059181,0.1077957298490034,0.1094544279718732,0.1112577580249336,0.1132260517781195,0.1158074208670943,0.1182493915471979,0.1176562934649246,0.1186938654646517,0.1191986665607669,0.1213051615051976,0.1214283644381784,0.1218527515471587,0.1235387776247664,0.1223776630833734,0.1217393693629315,0.1212046923454503,9.43,79.5357,3.403617003295856,13.48,12.29,133.8149,11.93,7.4,10.73,12.36,2.315808715244246
1984-11,0.0922670618801144,0.0954836653884259,0.0976349792378612,0.0993537256896335,0.1032337316643659,0.105929008426054,0.1070654090852193,0.1067588480428444,0.1085372836566557,0.1103132225359155,0.1110041387865395,0.1116023891121326,0.1137160272472875,0.114856352897567,0.114162184069198,0.1141869815627194,0.1122543145053744,8.38,79.479,3.6382448583132776,13.4,12.13,132.7006,11.6625,7.2,10.87,12.7,2.3032124098430216
1984-12,0.0863619205633736,0.0891789766125632,0.0921878749589442,0.0944463991143373,0.0986218938993781,0.1008576839312008,0.1028809911906434,0.1024879525982457,0.1058732543767187,0.1065717230412292,0.1096092928203514,0.1099756495535079,0.113137396213129,0.115227988281428,0.1129777268536451,0.1131662023425469,0.1123850820594945,8.35,79.103,3.7044823816331673,13.26,12.08,135.6005,11.406,7.3,11.36,12.12,2.274864374653329
1985-01,0.0800464882733072,0.0841046855701122,0.0876355152659543,0.0900236475646394,0.0934003939296293,0.0962935521338718,0.0989895718905848,0.0982867187275841,0.1021237346154179,0.1042289143749621,0.108162515378879,0.1111417501923443,0.1144564670519325,0.1172232770669784,0.114162232301378,0.1147569334810253,0.1142074815400602,8.5,78.542,3.489683401553756,13.23,12.13,139.4031,11.855,7.6,11.49,12.25,2.41630961863015
1985-02,0.0839243624443596,0.0858720823506316,0.0883386117364011,0.0903940631082292,0.0925805763683495,0.0960377501354984,0.0976822214195966,0.098249095450718,0.1021809147305568,0.1023159812695351,0.1069340851590005,0.1072974862285793,0.1102939030642377,0.1122862961357946,0.1086397682498303,0.1109162184208068,0.1094508959760137,8.58,78.9148,3.5552965175579265,13.69,12.56,147.5612,12.16,7.7,11.33,12.27,2.4576704986710483
1985-03,0.08871907172643,0.0927186663892477,0.0950255500854037,0.0967191352750861,0.1003940811842518,0.102840642310868,0.10349805374248,0.1046777098100467,0.1077249065024298,0.108521032090079,0.1125125784183645,0.107739146620321,0.1165471003240463,0.1185813924973808,0.1156042120366951,0.1167224631040481,0.1161323977547054,8.27,78.3803,3.311629064366284,13.51,12.23,139.0683,11.545,7.4,11.07,11.98,2.259030559037303
1985-04,0.0835715871637916,0.0886124988159477,0.0908411113248897,0.0936865811745404,0.0969721437896451,0.0997913835935158,0.1001410095342836,0.1018989343948752,0.1040937993742693,0.1060717278568042,0.1096125230475598,0.10921847245628,0.1139213137963968,0.1172355107476363,0.1142122180955107,0.1145639003900192,0.1143484584698169,7.97,78.3157,3.4254944599772186,13.15,11.72,140.7785,11.074,7.2,11.23,11.72,2.150357934510384
1985-05,0.0792692422492435,0.0828766106267304,0.0858502493833998,0.0880553637535001,0.0916553876064054,0.0938758632108806,0.0956097023688645,0.0962474920714087,0.0995727576761163,0.1010802417721289,0.1052372815438556,0.1065117863334656,0.1112881004324975,0.1131481230570382,0.1113725076426622,0.1145331524562269,0.1111386544484048,7.53,78.1342,3.522771908788336,12.4,10.94,140.2596,10.515,7.1,11.03,12.12,2.0803087859545637
1985-06,0.0715952343675886,0.0735327077263341,0.075357201463993,0.0775398337292243,0.0811534857813451,0.0832922620797793,0.0852818533458308,0.0855975631220318,0.08920907260521,0.0902398664668888,0.0946518393291401,0.0901503900828794,0.1005032374166452,0.097504616166635,0.0990080692336059,0.1026545922150573,0.0998111124106869,7.88,77.6564,3.407218193803563,12.43,10.97,137.1135,10.594,6.9,10.77,11.87,1.9979964516048137
1985-07,0.0709769404290137,0.0725051042098387,0.0743454125158444,0.0765495780061805,0.0801913967713799,0.0818809954520536,0.0844061828856548,0.0854189375864607,0.0885963645429564,0.0919391782728857,0.0929915837704753,0.0948586896787672,0.1025171317884311,0.1024871616828817,0.1007794096564333,0.1019726334599851,0.1013087506270073,7.9,77.8356,3.431704762491528,12.5,11.05,,10.595,6.7,10.69,11.96,1.9665162841694936
1985-08,0.074246656495121,0.0768346621946977,0.078374309412841,0.0800475649764966,0.0837359637574344,0.0857792609072089,0.0880880064502375,0.0887607880302867,0.0923194922361077,0.0944715740011427,0.0997913921755518,0.099565468676411,0.1056972809416742,0.1014123246598411,0.1044163827032475,0.1053173296759305,0.1045577045414164,7.92,77.6841,3.466026784798704,12.48,11.07,129.88,10.7925,6.5,10.68,11.97,1.961016730057075
1985-09,0.0726176708803825,0.0751831485814176,0.0772144090775415,0.0785986999091627,0.0823730233658831,0.0847701526666684,0.0862043690434971,0.0882205398298165,0.0901071086963482,0.0918605467331956,0.0974939957630142,0.0952265450830912,0.1025801846054667,0.0993503590856503,0.1017530315861469,0.1026089433993202,0.1013214162665627,7.99,77.4161,3.3944428530507054,12.36,11.02,132.2207,10.668,6.7,10.52,11.59,1.912670263046547
1985-10,0.0717162460499358,0.0738764842228703,0.0767994955303874,0.077824872242796,0.0819325792253222,0.0846193765101469,0.0853442273216366,0.0867041514603843,0.0899867800233138,0.0915869866833869,0.0965833923698366,0.0972883827768246,0.1014613761886026,0.0989543754210792,0.1017927405382725,0.1034475134343791,0.1025879234566956,8.05,77.8151,3.5490264184868225,11.99,10.55,122.8873,10.0175,6.8,10.69,11.22,1.8165175419464568
1985-11,0.0736219350856285,0.0752723734825651,0.0769643122771393,0.0779030429355578,0.0815023327182708,0.0833999333376495,0.0848608285061093,0.085336830087797,0.0876955193311483,0.0888473283209143,0.093086005008681,0.0958386484830338,0.0988082152594249,0.0976086548784916,0.0989823053763953,0.1002915537372957,0.1000142247300233,8.27,77.948,3.6042460422566647,11.58,10.16,120.8138,9.72,6.6,10.78,11.33,1.7667716119309524
1985-12,0.0739872125481709,0.0753669826448237,0.0765392907386743,0.0775293477473375,0.080446557847674,0.0813591325114027,0.0828383771024684,0.0839796548277703,0.0854987905373335,0.086532713632477,0.0905246134664124,0.0903735841806819,0.095689836373946,0.0942782948126774,0.0955661083194948,0.0978649071309503,0.0969939951588767,8.14,78.7842,3.5640433037343437,11.44,10.05,121.2051,10.042,6.5,11.13,10.79,1.773194682657448
1986-01,0.0725793960927137,0.0735752218537376,0.0745907850389096,0.0752671628502368,0.0770708810818872,0.0775958988348571,0.0783186496573348,0.0787967391252234,0.0806610684525693,0.0819633072335134,0.0827501676530933,0.085949337191906,0.0884674825161929,0.0872629140283174,0.0866491841414481,0.0900102295910236,0.090479761199547,7.86,78.267,3.085460599334078,11.11,9.67,120.3616,9.9675,6.4,10.73,10.1,1.6175966864341436
1986-02,0.0714919450384676,0.0728385426449164,0.0739656144320955,0.075209740437652,0.076689076221282,0.0777898852585801,0.0782088949957639,0.0782844928616793,0.0802909254823613,0.0815694617608848,0.0850913987750944,0.0862537429264284,0.088941035739098,0.0868541777286687,0.0871451602950553,0.0905216687737658,0.0905992249320589,7.48,77.9205,2.4583408711732924,10.5,9.0,113.8082,9.4025,6.1,9.69,9.29,1.271178514878723
1986-03,0.0709274632042309,0.0713339163508763,0.0719577074795977,0.0725344989688842,0.074096095616055,0.0740127081053721,0.074941739222296,0.0740569576427002,0.0760858900875987,0.0759879564766946,0.0790019426832269,0.0739675345450465,0.0805358806826515,0.0785056357949349,0.0781589131997675,0.0797559087570376,0.0783412854124346,6.99,78.2571,2.101523453965193,10.19,8.79,113.3267,8.848,5.7,8.94,8.56,0.9540764579295824
1986-04,0.0645666825336077,0.0649644413827696,0.065221191717809,0.0664512239787988,0.0678041589416493,0.0682863491532921,0.0682781489369283,0.0680231063261028,0.0704743387534577,0.0712459988900698,0.0728895718028222,0.0735321953764069,0.0738596674086265,0.0721382164826734,0.0730549305026519,0.0741175196550408,0.0747323119973052,6.85,78.2798,2.04649672600572,10.29,9.09,115.9649,8.9325,6.1,9.15,8.58,1.0584208386740337
1986-05,0.0623733713971728,0.0631860555435582,0.0641015192293542,0.064643939433278,0.066564421648289,0.0679599498548238,0.0687374818815471,0.0672077386112442,0.0705042661177345,0.0715596758803823,0.0732449020933242,0.0743846354967294,0.0749554465952491,0.0744240377180485,0.0756328500027164,0.0750256265888124,0.0731512934345288,6.92,77.8771,2.1487768347478786,10.34,9.13,108.2899,9.12,6.2,9.45,8.65,1.1446759443368777
1986-06,0.064950528357784,0.0665855853641178,0.0676804965796577,0.0690564379305221,0.0711458937605578,0.0726325341496695,0.0731458374942671,0.0738982747905691,0.076983024930864,0.0778263546133679,0.0824677487159798,0.0806526366068422,0.0841786872044869,0.0840153281605532,0.0832632527321296,0.0844246631797729,0.0812728586443679,6.56,78.2626,1.9243794573488904,10.16,8.88,109.3326,8.872,6.1,9.61,8.55,1.1017412719615316
1986-07,0.0610873075744928,0.0608825002193244,0.0624563584430859,0.06350350697228,0.0657429856262474,0.0664597474236676,0.0671781120213993,0.0676313168713313,0.0706114295020616,0.0714854579600065,0.0744042489669322,0.0747430852911442,0.0755587687705575,0.0752089180981325,0.0762988539412065,0.0760330702050082,0.0757032310356875,6.17,78.3482,1.7155110793424022,10.18,8.72,108.2747,8.825,5.9,9.66,8.05,1.009908470016784
1986-08,0.0588517891264869,0.0594234595012642,0.0604112685201278,0.0616044221011672,0.0630480088750011,0.0639669955698716,0.0650850793291078,0.0644505286168543,0.0680040985032678,0.0702409665077919,0.0716430087261241,0.0742952803062727,0.0739277252108667,0.0726474648582938,0.0755353567528895,0.0756690252512083,0.0721905720855204,5.89,78.4495,1.877143253582836,10.2,8.89,105.9297,9.0025,6.0,10.28,8.51,1.1789995459359972
1986-09,0.0524602940399622,0.0532023648830705,0.0536799560706402,0.0550554173653491,0.0562151502972632,0.0581564465550041,0.0597629889106589,0.0591903779685788,0.0619363470712525,0.0625892081544309,0.0662881334003423,0.0660452046118457,0.0692226561978593,0.0703755604210941,0.0711447771361801,0.0714684762810529,0.0698341103928654,5.85,78.6211,1.8898541547107903,10.24,8.86,105.0566,9.166,6.3,10.92,8.97,1.3811692468098604
1986-10,0.0529780314917765,0.0552334059833201,0.0567905966455827,0.0573262098409879,0.0599040689576316,0.0613163070844823,0.0627926980631669,0.0629471099777079,0.0659337743791701,0.0668778251269281,0.0707572403332509,0.0728636228531099,0.073473790496781,0.0743591737839524,0.0750703938861992,0.0752564329693963,0.0735824955935698,6.04,78.7665,1.7758484609313283,10.07,8.68,107.0007,8.9025,6.4,11.08,9.49,1.4415825057250498
1986-11,0.0531093578877657,0.0542997487811562,0.0559216838974388,0.0566284876215609,0.0588787655159278,0.0599665069732285,0.0606305288329205,0.0611111617785086,0.0631992614802533,0.0647775131908999,0.0672164845183646,0.0705698480330456,0.0716242543914404,0.0717338986518935,0.0734858378718549,0.0735796180468627,0.0729303175420652,6.91,79.3729,1.5752212389380515,9.97,8.49,106.737,8.666,6.2,10.98,9.89,1.4115191465823511
1986-12,0.0550788480140491,0.0559700230047671,0.0565877218228419,0.05740322054983,0.0592985063572205,0.0600334285829251,0.0610247729568709,0.061583057830395,0.0628926238991308,0.0640259621127422,0.0664713123820788,0.0666861895454641,0.0700989333097493,0.0714655702274087,0.0725933614774958,0.0724039864969545,0.0711068855899309,6.43,78.9108,1.585623678646919,9.72,8.36,106.8355,8.33,6.1,10.27,8.86,1.1428692516336847
1987-01,0.0565486425817558,0.0570445039081506,0.0576808693123768,0.0583074593554249,0.0611171740272538,0.061633212794296,0.0625281661422526,0.0625755931621688,0.0640330985537989,0.0645603768969245,0.0660516274553694,0.0686121850782578,0.0699689089032353,0.0714442575920067,0.0723376289077338,0.072343430772043,0.0712242907854726,6.1,79.8877,1.94189961631821,9.65,8.38,103.8142,8.4575,6.1,9.97,9.12,1.1549701852008611
1987-02,0.0571606188325275,0.0575349008138434,0.0583988853128737,0.0592662793638902,0.0610436923472105,0.0617195771541092,0.0619121298322608,0.0627246770425534,0.0639760579977268,0.0649705706601546,0.0669151693544088,0.0693862114791893,0.0696669680104857,0.0700241390626748,0.0720804671412596,0.0726647673382466,0.0719747683337006,6.13,79.7376,2.436631876324258,9.61,8.36,100.0304,8.2825,6.0,9.11,8.67,0.9586205477636052
1987-03,0.0558863114645623,0.0564520515194428,0.0579568202048895,0.0586689834060335,0.0607449579602822,0.0610628718394462,0.0617916211770216,0.0624892212674345,0.0634692309838244,0.0644176241864799,0.0664125611126405,0.0660529289180782,0.0688671184819851,0.0699015472045211,0.0711238781455895,0.0718326470981581,0.0714915123050278,6.37,79.9812,3.029409451914744,10.04,8.85,99.1489,8.828,5.8,9.14,8.69,1.006892123252178
1987-04,0.0563623437119206,0.0590945123356591,0.0600778573002808,0.0624097476030052,0.0638955198058233,0.0645658372916341,0.0654550882935412,0.065458957780837,0.0668635493836931,0.068234866872389,0.0695873191618012,0.0708671218222777,0.0728267310918718,0.0743728816541273,0.0750664980341683,0.0757595437443387,0.0755984978838974,6.85,80.3199,3.1023724024253907,10.51,9.33,96.1837,9.5925,5.7,8.8,8.94,1.0842148324730976
1987-05,0.0572370258383285,0.0616187811615291,0.0644541348584391,0.0689988412718687,0.0709342657488455,0.0712725339875471,0.072540182349753,0.0733442154889734,0.0754896447993812,0.0767700018727968,0.0789217138027612,0.0812932876413592,0.0811377974525842,0.0817029696143577,0.0831542034984,0.0828268037481913,0.0830520777397494,6.73,80.4169,3.1084436276905603,10.52,9.32,98.2035,9.3325,6.0,8.93,9.32,1.157659856833588
1987-06,0.058975410030307,0.0633003982410139,0.064877253691627,0.0706337760534522,0.0721062949315477,0.0737280354924813,0.0751305585429347,0.0754770287662446,0.0769165363534434,0.0782433810453581,0.0797711405468935,0.0793965440363873,0.0816138060416386,0.0830259077539394,0.0841159139342103,0.0840813168372758,0.0836270763329211,6.58,80.8279,3.3206942381361904,10.61,9.42,97.2067,9.574,6.3,9.29,9.37,1.2887791902963688
1987-07,0.0574419399707272,0.0597345016077351,0.0624139378441547,0.0675909183640245,0.0698262580508802,0.0708572467971545,0.0721770046402516,0.0731364493677679,0.0746082289401004,0.0758615721342816,0.077940024938157,0.0794349302971725,0.0806520402677987,0.0824536586938273,0.0835964198772662,0.08343310116492,0.0829185509346478,6.73,81.0626,3.599593972046544,10.8,9.67,99.1518,10.095,6.5,10.13,9.83,1.5477326575816388
1987-08,0.0609931433290983,0.0635882672161348,0.0673939342847725,0.0695957561199568,0.0713355072388868,0.0719953485630722,0.0744005145681911,0.0756565388930304,0.0775543887492826,0.0794021778717611,0.0811745709501496,0.0829473637722374,0.0846498249398559,0.0854111140726047,0.0873904559251581,0.0878365608521672,0.0876533650859376,7.22,81.4604,3.6092302902949625,11.31,10.18,96.7639,10.722,6.7,10.21,10.25,1.725416036330644
1987-09,0.062708154000445,0.0648165208951548,0.0690836249080672,0.0721386283763233,0.0738542368733851,0.075813942316882,0.0772441163046639,0.0783156078571791,0.0799480485792871,0.0815891753585874,0.0833559921662083,0.0812868427499122,0.0867881009996587,0.0879919850999177,0.0898628014453987,0.0902136673645378,0.0899326650596032,7.29,82.4562,3.7523306401491703,11.62,10.52,97.246,10.4375,6.9,10.14,10.7,1.7634406634423776
1987-10,0.0677241666273492,0.0727385042765977,0.0759930369280309,0.078844294721369,0.0807600353910776,0.0821032483327367,0.0832444837407664,0.0844731601423602,0.0868234167568017,0.0877849124914677,0.0902568294527502,0.0900602009942767,0.0930381934530632,0.0943682349233712,0.0956625031229234,0.0963732343704923,0.0956918919472036,6.69,82.7578,3.7630864676231113,11.23,10.01,98.0598,9.875,6.4,9.23,9.96,1.4085777617455126
1987-11,0.0570971882405862,0.064158107106463,0.0680304577221364,0.0693113201962171,0.0734016335844162,0.0752314699558349,0.0762062535854614,0.0763226611603807,0.0797054426299052,0.0809848320679822,0.0841284265282137,0.0847845888094931,0.0870539310400776,0.0881174674382888,0.0897559040069496,0.0899104677495443,0.0890241729437771,6.77,83.1933,3.812123676211488,11.29,10.11,90.7084,10.122,6.5,9.63,9.98,1.5091191501361871
1987-12,0.0560614128049747,0.063684601146813,0.0682349984633885,0.0714353480845663,0.0733911844516869,0.0747786139925911,0.0759783569268331,0.0762592224327502,0.0790011274333761,0.0800569754923492,0.08281041336486,0.0829397478081164,0.0870556601324759,0.0888182810102679,0.0897920401895484,0.0901188578502598,0.0893848607103496,6.83,82.9076,3.726827764288743,11.07,9.88,89.4356,9.715,6.5,9.71,9.81,1.4428266893243469
1988-01,0.0604482547928103,0.0655488371388028,0.0685335468744149,0.070396933994949,0.0739530588355286,0.0753051075574164,0.0763320089758899,0.0764510958772082,0.0780099657333115,0.0790444526454529,0.0814038592630956,0.0826253255918358,0.0850678971442007,0.0869860098077902,0.0874058885303046,0.0883232899290744,0.0876043462418814,6.58,83.1047,3.5179353252938084,10.62,9.4,89.8696,9.2,6.3,9.52,9.13,1.2367776255197551
1988-02,0.0580559141194988,0.0625870328760662,0.0648652805895215,0.0669813395976417,0.0691354026598751,0.0701320123644429,0.0711440232558159,0.0710276652417069,0.0728597939314257,0.0738715679345504,0.0757930590049526,0.077906464410454,0.0792239865483935,0.0805861431424303,0.0820030572483677,0.0823158062410035,0.08237949261196,6.58,83.286,3.598651702608513,10.57,9.39,90.219,9.422,6.2,9.22,9.26,1.2302769451340678
1988-03,0.0572278124593698,0.0601920819780226,0.0634589481269228,0.0651846018931144,0.0674926421050253,0.0683391708868658,0.0692327166964665,0.0699540095743764,0.0712147595213363,0.0722004834417562,0.0740708825549318,0.0744538617522229,0.0774526823053252,0.0798544884084006,0.0808315247050367,0.0815801449989466,0.0812833127347433,6.87,83.9899,3.715010780591133,10.9,9.67,90.2536,9.6925,6.3,9.2,9.2,1.2742828270983253
1988-04,0.0602662298331525,0.0641411317213154,0.0670167394428364,0.0692792587956712,0.0710566265533987,0.0720628960830567,0.0737231803643084,0.0745362752088004,0.0758882080939988,0.0771649727643274,0.0794741938243823,0.0809936679952954,0.083052672246495,0.0851068157045172,0.0860656781059785,0.0866511631370307,0.0864028365171692,7.09,83.738,3.753187925849799,11.04,9.9,87.6123,9.9425,6.6,9.41,9.25,1.3885838483443005
1988-05,0.062254774866462,0.0665312201436271,0.0690379798012014,0.0711311887104645,0.0734027754968665,0.0742442687924847,0.0753825971698881,0.0767249390141819,0.0782543263723844,0.0792092150098304,0.0818117537901894,0.083377523856941,0.0852375313333104,0.0864369199105409,0.0879895736709832,0.0888153878987658,0.0890841946515333,7.51,83.8874,3.8015964809161806,11.0,9.86,88.0894,9.722,6.6,9.51,8.96,1.336201661780912
1988-06,0.0659635852797171,0.0698813817231115,0.0727145101178067,0.0750656838797491,0.0770656740362769,0.0781748575672922,0.079132255734094,0.07944579646592,0.0808364925417925,0.0816291338348337,0.0837124874522252,0.0834328144345791,0.0865720840377087,0.0876325279738847,0.0887560042927783,0.0897416490186902,0.0897359381643796,7.75,83.8048,4.065225204774614,11.11,9.96,91.4994,9.9,6.7,9.84,8.98,1.4188721700270874
1988-07,0.0668909068356134,0.0700567370990987,0.0721254183042146,0.0735045735230937,0.076316764015371,0.0770748407312948,0.0776758346720806,0.0784862761066862,0.0791480964467762,0.0801729481750319,0.0814515328637062,0.082429027243645,0.0844983292107277,0.0859611552817447,0.0865900627155663,0.0873840422275236,0.0870181162567452,8.01,83.9,3.962541453120272,11.21,10.11,91.605,10.242,6.8,9.91,9.24,1.521102533073603
1988-08,0.0705624610805049,0.0736561534817623,0.0756678871211684,0.077937626415406,0.0800170923640092,0.0804528779052758,0.0815526591536151,0.0821391345241443,0.0830583316065035,0.0834502498122962,0.0846190553803657,0.0854591531665692,0.0867614718046768,0.0887031600574402,0.0892604454238119,0.0902783455831019,0.089877610489718,8.19,84.1347,4.118232521455001,10.9,9.82,94.2103,10.15,6.6,10.1,9.01,1.471610743407365
1988-09,0.0744210365590377,0.0774012492781708,0.0797594528759216,0.0807845936461225,0.0838465983898183,0.0846723891676717,0.0849178974134039,0.0850557966936473,0.0859676592253387,0.0861962552418283,0.0874344095290577,0.0867475528140281,0.0885161487225482,0.0907704343210937,0.0908318697344439,0.0916251056858947,0.0913810110771443,8.3,84.438,4.127667540247093,10.41,9.51,94.0606,9.8475,6.4,9.69,8.76,1.3189116578335542
1988-10,0.0739716254242783,0.0768759022706852,0.0789578215154666,0.0801123070541432,0.0816653857920766,0.0819856837647483,0.0825298822891799,0.0826943024374746,0.0831393603034825,0.0835986680481494,0.0838690478064466,0.0843894559886124,0.0856809790757234,0.086508323934902,0.0868382320649075,0.0874444616249945,0.0872330541805582,8.35,84.6678,4.172194092038639,10.48,9.45,89.7405,10.02,6.4,9.86,8.74,1.3606385741136082
1988-11,0.0750192130143072,0.0771572811235013,0.0784590549318539,0.0790304750747963,0.080038244207854,0.0807471326497627,0.081159321437171,0.0808571197982871,0.0807373508710887,0.0812487284135609,0.0822466425964079,0.0838899625081701,0.0837476974645259,0.0843964276762023,0.0851250582326133,0.0857208134218588,0.0857949893787697,8.76,84.9862,4.304364043267439,10.65,9.57,,10.1175,6.5,10.14,8.69,1.4180290831245537
1988-12,0.0803633864583761,0.0827728066499119,0.0841781428084743,0.0849835175009132,0.0865202610046305,0.0868964218128335,0.0864618375121803,0.0866497871939269,0.0859647903875818,0.0869843902646933,0.0871974215054923,0.0857512199779911,0.0880307295626284,0.0885821429336406,0.0885114206683208,0.0888124868178925,0.0883959380182843,9.12,85.5469,4.434495058333954,10.65,9.62,87.228,10.1271428571429,6.7,9.96,8.57,1.4162695274943051
1989-01,0.0841346178046689,0.0865892136835409,0.0885276423725506,0.0892549131250703,0.0903683282466797,0.0903856887496723,0.090735383359148,0.0901126909436406,0.0904669555237902,0.0904418396910171,0.0908264462025188,0.0903287195574025,0.0912022699200192,0.0911955019047859,0.091120920444805,0.0905378049415545,0.0899346716166901,9.36,84.5959,4.626400534243524,10.61,9.64,91.6322,10.2555,6.9,9.72,8.95,1.482390548240145
1989-02,0.0857008836129235,0.0869768145583675,0.0879364915875724,0.0888293055659306,0.089568599697991,0.0898473057432139,0.0894591845061215,0.0889548516969155,0.0886641533556973,0.0886242889737506,0.0887972668681028,0.088046012221037,0.0888996938884232,0.0883659142578711,0.0885633485846891,0.0882385004139507,0.0875969814944344,9.85,84.3714,4.656794779361473,10.67,9.8,91.3899,10.5631818181818,7.0,9.88,9.08,1.5754187192689644
1989-03,0.0887690616361409,0.0897509069030598,0.0913390460526716,0.092556636378595,0.0939705921521796,0.0940156307617033,0.0936072388435566,0.0932504579676504,0.0929956618090666,0.0925253135380819,0.0924775756219784,0.0896019510294707,0.0926605781234736,0.0920736932612584,0.091841155337288,0.0917235636117123,0.0911161235793918,9.84,84.3464,4.843991463683861,10.61,9.79,92.3843,10.326,6.9,10.18,8.86,1.5366522135393463
1989-04,0.0905905902279736,0.0919750968163564,0.0919786860390291,0.094566921719338,0.095630792998926,0.0949859402774648,0.0939060544667816,0.0936414126359592,0.0936504006429959,0.0932288343201223,0.0923877885784622,0.0911461583662667,0.091413063408648,0.0907708971734045,0.0904309007713758,0.0897175951442106,0.0892727377199083,9.81,83.518,4.921671497230062,10.46,9.57,92.6299,9.90045454545455,7.1,10.17,8.82,1.50490434542559
1989-05,0.0885794263633933,0.0898175009948107,0.0896198810680467,0.0914136450551968,0.0922608505221362,0.092099602949308,0.0914945436840974,0.0913604707893512,0.0916967299066597,0.0913884852380084,0.0908598756045978,0.0905192967544779,0.0903718229549299,0.0898052034014061,0.0900962573400898,0.0892344136607418,0.0889351569951716,9.53,83.4391,4.705366602126193,10.03,9.1,94.1177,9.43272727272727,6.9,10.55,8.67,1.4359896232033051
1989-06,0.0881735281203003,0.0867635657789202,0.0865544548472435,0.0875369539108461,0.0875867466934719,0.0872588844778325,0.0869310960537218,0.0861374590810587,0.08628634973991,0.0861285707823356,0.0859978526439807,0.0835179482677844,0.0852822108461331,0.085256549339756,0.0850802945967018,0.0845473935971931,0.0836928678612101,9.24,82.2513,4.448120410092349,9.87,8.93,97.0452,9.3245,6.8,10.15,8.55,1.342755576695886
1989-07,0.0815234496821295,0.0792575815600781,0.0789591312670485,0.0788289868599463,0.0806576656045033,0.0797378862696713,0.079732040433954,0.0789094858661296,0.0788873447525062,0.0787573743497407,0.078236549604239,0.0785416017265913,0.079903671240931,0.0800471590721879,0.0802110564883752,0.0802419315097216,0.0791946798315546,8.99,82.8147,4.152242863615774,9.88,8.96,94.9649,9.35090909090909,6.8,9.91,8.35,1.2940981051502314
1989-08,0.0782176421861643,0.075931660690628,0.075480367605951,0.0746727927830061,0.0754424772076042,0.0746938957386297,0.0747794823427882,0.0730713992875468,0.0739255719781053,0.073902343124568,0.0737832864201554,0.0739988645422771,0.0751942923004665,0.0747100998311037,0.0761385610634832,0.0767969842050683,0.0765337156270291,9.02,82.423,3.877786595483723,9.91,9.01,94.4599,9.5465,7.0,10.21,8.55,1.4130461961924403
1989-09,0.0803900969686543,0.0803847459248376,0.0808178133779608,0.0808214341159262,0.0825914295246991,0.0829327248415327,0.0820686752296919,0.08191960697112,0.0820105901760352,0.0814685420990836,0.0812744793085212,0.0796970968578024,0.0814383885139874,0.0806619700755815,0.0811483399526772,0.081019328228045,0.0797984956415858,8.84,81.9997,3.9442696629213625,9.81,8.92,97.3172,9.4905,7.2,10.45,8.81,1.4972949625129142
1989-10,0.0804399021791654,0.0821888794683698,0.0832944488915859,0.0833964081032628,0.0833650278511599,0.0835539985724525,0.0834627428702392,0.0831030662973126,0.0828839904177189,0.0828589865226556,0.0822692450962954,0.0818195692176937,0.0823725432091025,0.0818772922509699,0.0820346692730766,0.0817337531321134,0.0806905103857048,8.55,81.9613,3.929762886967758,9.81,8.89,94.5811,9.48857142857143,7.5,10.55,9.05,1.5861349197515753
1989-11,0.0796203232266834,0.0778842683879121,0.0775989142597939,0.0775383280981768,0.0782578525328663,0.0786269667886651,0.0783152615676204,0.0770350295035099,0.077743869907764,0.0777650470788118,0.0778759677553187,0.0777880582400442,0.0784094724277362,0.0778289470130613,0.0783771304625338,0.07827818877033,0.0775197096543071,8.45,81.7522,3.906808754112445,9.82,8.86,94.2336,9.58105263157895,7.5,10.56,9.12,1.6082643755942692
1989-12,0.0769754620636997,0.0757283377726577,0.075189941062896,0.0754223022111914,0.0765069254663718,0.0765222388432839,0.0765956226977806,0.0754057199844059,0.0762232123214236,0.0759419098052508,0.0764876686325343,0.0753956750972878,0.0772995602580884,0.0770591476262597,0.077490601858537,0.0775836820265195,0.0765240277640743,8.23,81.5063,4.159032286756204,9.94,8.99,92.9103,9.83772727272727,7.695,10.89,9.54,1.7642430204793444
1990-01,0.0780882459973228,0.0778127865995124,0.0765465343894866,0.0774030925456037,0.0783999371550539,0.0786212853465917,0.0783029069809281,0.0776645139501319,0.0777647659743393,0.0778045321112956,0.0772221564609184,0.0776985007307531,0.0789632795721655,0.0787486327882254,0.0789311077218408,0.079060850884248,0.0778327146741622,8.24,82.3926,4.271125137406484,10.14,9.22,93.0698,10.283,8.575,11.33,9.97,2.072158469240918
1990-02,0.0794133294845515,0.0796849293527514,0.0798588768749769,0.0799728024715556,0.0814512863932511,0.0818284585760502,0.0815017921168098,0.0811099564452286,0.0819657511881395,0.0816657047654495,0.0821474585504354,0.0826605857636006,0.0829192254405273,0.0821256634474721,0.0829227305993717,0.0832055502174196,0.0827096595817567,8.28,82.6004,4.276478485126822,10.21,9.37,92.4009,10.8059090909091,8.645,12.42,9.98,2.287266257821271
1990-03,0.0799400823047513,0.0802057964940545,0.0806374312158745,0.080983372900367,0.0822881726330638,0.0834059024157061,0.0837860352309596,0.0834547124731886,0.0836205348998931,0.0836600820720191,0.0844035614162836,0.0834890997470162,0.085104499753334,0.0845671535980474,0.084898036261079,0.084974262913134,0.0838924120093079,8.26,82.0368,3.8042429240730646,10.3,9.46,94.01,11.5185,8.7625,12.74,9.59,2.3968287280105995
1990-04,0.080003162973177,0.0806578053983981,0.0808443066634753,0.0827190968824827,0.0840879564653565,0.0842186582010632,0.0847251310763461,0.084696911865783,0.0848522976561702,0.0853550263789868,0.0849184934717804,0.0849492513082157,0.085556222137268,0.0851385471942247,0.0853508668558647,0.0854273322156999,0.0845881055105149,8.18,82.1004,3.659282829519017,10.41,9.47,93.7016,11.145,8.715,12.41,9.56,2.2946883590992204
1990-05,0.0807206082700871,0.0830296661239545,0.0830631929679109,0.0842554288539022,0.0867991825230863,0.087013601239806,0.0879456635829289,0.0881283549518374,0.0883866875910073,0.0888833624454194,0.0893947620505391,0.0895430368920062,0.0894687468771212,0.0891290315950772,0.0891946785710194,0.0892200643464104,0.0888121143663846,8.29,82.171,3.890303897282021,10.22,9.26,92.9624,10.74,8.8325,11.8,9.69,2.2003516859434056
1990-06,0.0785660551022534,0.078487622694033,0.0785437756718762,0.07908134060412,0.0812089943061568,0.0813292042353567,0.0816471144303268,0.0813639082647323,0.0817776162147407,0.0822370521585363,0.0831772349240879,0.0825902002620007,0.0835984287397863,0.083357013262022,0.0835512627670659,0.0832083089473766,0.082776906314095,8.15,81.8082,3.898431925372869,10.2,9.24,93.1874,10.6542857142857,8.545,11.84,9.59,2.134753333482342
1990-07,0.0791425689646318,0.0785065320810662,0.0787091593294837,0.0789458645740752,0.0805331407576634,0.0805947808370102,0.0808767775203234,0.0808471982560453,0.0810311095127771,0.0813463339870206,0.0819145032610418,0.0824481440266508,0.0832252169643947,0.0832631624873734,0.0835407344300823,0.0832898765512146,0.0826377792519599,8.13,81.9327,4.576619218320399,10.41,9.41,90.3771,10.705,8.9975,12.15,10.06,2.307898065637466
1990-08,0.0759164097066169,0.0750550425086992,0.0752887706377431,0.0748830854638568,0.0764305648771974,0.076516789341644,0.0769100537321416,0.0768044842836333,0.0774541781238523,0.077941521575408,0.078881257912426,0.0799704721261507,0.0804662635674853,0.0809656965185729,0.081878952936713,0.0816674870230507,0.0822602128257336,8.2,81.6281,4.98489425981874,10.64,9.56,89.2149,10.9794736842105,9.105,12.1,10.49,2.407668750220493
1990-09,0.0755074415621465,0.0758062242606301,0.0761059402734803,0.0765399950239545,0.0790290867396313,0.0797647212865885,0.0797879288262987,0.0792352933813319,0.0806558039232143,0.0813842126613508,0.0834869560230625,0.0850179134579973,0.0860294828146116,0.086869661568338,0.0876577939749435,0.0879183439310414,0.0881511591503867,8.11,80.9966,5.174769539424751,10.74,9.53,86.5677,11.1827272727273,9.0675,11.74,10.38,2.373378336778053
1990-10,0.0730259858842861,0.0738910684154246,0.0752632232504142,0.0753477717951345,0.0770720888379787,0.0776720752373988,0.0782239962915437,0.077978681571411,0.0791275716221753,0.0797901231075151,0.0815697178585538,0.083102413560163,0.0842277623297365,0.0852317565171083,0.0860700805117922,0.0860909602133959,0.0863199405166601,7.81,79.8882,5.078954180688577,10.62,9.3,83.6819,10.6185714285714,8.9325,11.37,10.21,2.209534899315118
1990-11,0.0720536140689966,0.0724082893448212,0.0723286510614363,0.0723804534949414,0.0743530995671136,0.0750043320280362,0.0752869927858411,0.0752708527117994,0.0767032177555076,0.0771881245510049,0.079452522348061,0.0810265088248708,0.0821653001566878,0.0834799731060838,0.0845379177480714,0.0850146899784695,0.0854493681313074,7.31,79.1292,4.873264157761614,10.43,9.05,84.0458,10.2547368421053,8.845,10.84,9.94,2.0500112430615647
1990-12,0.0720720936032498,0.0720005272008411,0.0721688242635048,0.0719985241072172,0.0737964477874107,0.0742099533413444,0.0740021374035345,0.0736191480675637,0.0748504432967526,0.0752382322226393,0.0772595111529401,0.0772499822332857,0.0796184619740858,0.0805538435713185,0.0814515617333814,0.0817895356007889,0.0813496301505719,6.91,78.5469,4.481410004611219,10.45,9.04,85.3782,10.1163636363636,8.9275,10.59,9.77,1.9944961202882991
1991-01,0.0659413755725368,0.0660436736519038,0.0660336765708603,0.0673902248934355,0.0689345685577881,0.0697924431523001,0.0702396458686708,0.0698113148625509,0.071309478693447,0.0720953371749154,0.073825292013123,0.0753766977218466,0.07712515261012,0.0783631162581048,0.0794588714432564,0.079597475118252,0.0794924006377865,6.25,77.8987,4.0757681386135225,10.07,8.83,84.9763,9.551,8.35,10.13,9.12,1.691141926239191
1991-02,0.061201284210916,0.0613899781295895,0.0619556325575307,0.0633170053707973,0.0658572763238595,0.0669001192526416,0.0675999615875647,0.0670820257460354,0.0686546010136606,0.0696610247072262,0.0726330257884076,0.073774168426743,0.0760108532805539,0.0769485796613774,0.0785644885025369,0.0790642241135485,0.0798337337185569,6.12,77.2211,3.706401504243373,10.09,8.93,85.0203,9.621,8.4275,10.29,9.05,1.7243478615656893
1991-03,0.0622252975524662,0.0627383069395361,0.0635933001629984,0.0660571684690632,0.0683825236722912,0.0691946496672177,0.0700237519553857,0.0704891562867093,0.0722421993061892,0.0731525806200701,0.0759062758838406,0.0768519270942497,0.0787249913213789,0.0797010790789506,0.0809671779524053,0.081410168742962,0.0811856980299876,5.91,77.4894,3.676657031289632,9.94,8.86,87.1845,9.52045454545454,8.3575,10.19,8.9,1.6695049978790806
1991-04,0.0589903073161204,0.0593975340862684,0.0607902584826206,0.0632472456542105,0.0660749499103667,0.0674732114295629,0.0683615668185274,0.0691024699377266,0.0708288117696953,0.0721842094810685,0.0753067546385983,0.0765810590188916,0.0786836426924022,0.0795535235790056,0.0806169482018615,0.0809081480412657,0.0808068026121175,5.78,77.9033,3.872491145218415,9.86,8.86,88.849,9.58181818181818,8.395,10.38,8.88,1.7044780459044495
1991-05,0.0564430962894529,0.0573260687342281,0.0585921706261614,0.0618295853707329,0.0639897148312856,0.0656636440254204,0.0665594998684414,0.0668573305492043,0.0689603497713725,0.0703855506560347,0.0740685496440589,0.0755651221229656,0.0780281736077333,0.0786551391266791,0.0799603420141012,0.0803560232311089,0.0807061332621016,5.9,78.5531,3.5901397098334176,9.96,9.01,90.0676,9.9265,8.4075,10.58,9.15,1.8095758428741275
1991-06,0.0570577015780345,0.0588548624573595,0.059899856980156,0.061517849442917,0.0646383064519734,0.0660188918681296,0.0675107147146854,0.0668309022292165,0.0701178846631732,0.0715769350746673,0.0755378571137286,0.0773226342725599,0.0792797596656963,0.0804983195804343,0.0812438133335441,0.0819614940278819,0.0815079506337345,5.82,78.9063,3.4975460225464383,9.89,9.0,90.9879,9.97772727272727,8.6325,10.28,9.19,1.822020936843588
1991-07,0.0568518750146261,0.0587530999495506,0.0610060373285334,0.063250458295297,0.0659591411393479,0.0669601467373898,0.0683871869987302,0.0687242891231476,0.0711768007438526,0.0734297741044633,0.0771853809696935,0.0786475766560608,0.0805575026854602,0.0818067706116361,0.0823012089409584,0.0829847848179053,0.0827682272592385,5.66,78.909,3.053447816826416,9.65,8.75,93.2657,9.74142857142857,8.52,10.03,9.11,1.7318452674680649
1991-08,0.0566065728650838,0.0582753165596097,0.0602441842554266,0.061911420277953,0.064083523508111,0.0650387793814679,0.0656996094489832,0.0673014687504761,0.0693855088884953,0.0712247661802272,0.0752636925168158,0.0772478399479615,0.0793198503019943,0.0805463677608454,0.0811022569331987,0.0821255577921107,0.0825033923901757,5.45,79.584,2.776813032332748,9.51,8.61,90.9655,9.441,8.455,9.64,8.88,1.6061869216112892
1991-09,0.0544461671923097,0.0551766686721746,0.0554360186645275,0.0564471760471634,0.059243017894235,0.0608407547694385,0.0614189240870095,0.0626339393959507,0.0646798235962942,0.0664401203617377,0.0707921500018513,0.0728960488846241,0.0752947040664567,0.077083841424588,0.0774134594876634,0.0788069517382126,0.0788397577576246,5.21,79.4507,2.3827925868675104,9.49,8.55,88.567,9.00681818181818,8.3475,9.72,8.8,1.5292149342428851
1991-10,0.0519785579963678,0.0526127538433591,0.0530752905265832,0.0545060254248681,0.0560265665711482,0.0575401369864071,0.0587996953384406,0.0591947653307775,0.0616673746341924,0.0631045028386567,0.067219527793296,0.068452549249017,0.0717571251139306,0.0733652278171891,0.0737871544498743,0.0753180257699434,0.0759721322236509,4.81,79.1399,2.478320851399296,9.45,8.48,87.8444,8.5735,8.315,9.77,8.81,1.4715691161573672
1991-11,0.0483826864354925,0.0489907823198907,0.0492051373895819,0.0510624062385797,0.0523433952579553,0.0539192367193803,0.055396164812307,0.055687953419455,0.0583913053304081,0.0604018776598643,0.0650879967023118,0.0668157895752087,0.0707761335390244,0.072458389311973,0.0743764100511672,0.0757479886410014,0.0775532466585492,4.43,78.7793,2.6384444991385703,9.26,8.31,85.7499,8.4135,8.2125,9.66,8.8,1.4185180486368636
1991-12,0.0446480775782571,0.044941687903302,0.0456653893749601,0.0464515476711051,0.0491723895420249,0.0505339364740761,0.0520672505930249,0.0527850930908544,0.0555440520781585,0.0573798047679386,0.0628537787860156,0.0641174161719155,0.0685923785938681,0.0709846987649055,0.0726806974415351,0.0750538192099494,0.0759305763251204,4.03,78.1764,2.388152410219524,9.13,8.2,85.8336,8.14045454545455,7.9475,9.46,8.46,1.2738703163600589
1992-01,0.0392488568722609,0.0395537499392986,0.0398233010543229,0.0413654127398397,0.0431805692935872,0.0445607461337197,0.0460603501649486,0.0472596476887903,0.0502035646386211,0.0520166922133418,0.0582614597778363,0.0598213857119375,0.0642642778782698,0.066495486702356,0.0679327808886114,0.0695172787778916,0.0714443721895234,4.06,78.6896,2.596065873741993,9.23,8.29,87.0476,8.387,7.92,9.3,8.46,1.2840666964992642
1992-02,0.0391116608949756,0.0400860812865433,0.0410339980141799,0.0428408056376815,0.0461582209063104,0.0483457979659535,0.05013904919713,0.0509363216752206,0.0549511628172379,0.0580936843930374,0.0633269837151915,0.0650907872727061,0.0698228204857331,0.0712751604397985,0.074019024387769,0.0752759719623778,0.0768555818947132,3.98,79.3214,2.8225608859705043,9.25,8.35,88.2425,8.745,8.0275,9.68,8.59,1.411608167188633
1992-03,0.0409956161973838,0.0421752196205974,0.0429939517859913,0.0449583538567608,0.0481876787034422,0.0504754664479164,0.0527645833071083,0.0540409448169851,0.0570580787133687,0.0599321633615953,0.0650912170205735,0.067380892203685,0.0710597701136416,0.0732446831710486,0.0745097594526839,0.074659620611076,0.0762184904964183,3.73,79.5506,2.913650296745573,9.21,8.33,90.0974,8.78857142857143,8.035,9.43,8.68,1.3994175716623074
1992-04,0.0407403178167672,0.0420144237704477,0.0432029696782841,0.0450946093597668,0.0487116060253776,0.0508539413693592,0.0529107849236277,0.0550385693892953,0.0589687267293336,0.0617087194879974,0.0664905087567231,0.0681961000928903,0.071866498064346,0.0737485668518196,0.0750469999888208,0.0754916041661256,0.0761847426989476,3.82,79.8097,2.625596726528756,9.13,8.28,88.4716,8.545,8.075,9.02,8.59,1.312742850567397
1992-05,0.0368975744150442,0.0384535310063446,0.0403759129383011,0.0422925278807913,0.0455183178580187,0.0479245830719567,0.0499612721310489,0.0528208946050992,0.0571360996830043,0.0601147337864599,0.0654821443412663,0.0684257705739167,0.071956023957564,0.0734485190900541,0.0758980723652512,0.0772503485746626,0.0780956304087687,3.76,79.8526,2.634138434106004,9.05,8.22,87.9349,8.23863636363636,8.0675,9.12,8.74,1.2990608775058483
1992-06,0.0380634253524192,0.0397208372950953,0.041183292712289,0.0426732502329424,0.0457953912820224,0.0482487408046829,0.050598399373853,0.0525044929215967,0.0554887472347231,0.0588297001991268,0.0637488345579817,0.0671106169311292,0.0698717115215234,0.0722136057104811,0.0740667926214088,0.0757176484066986,0.0747496418328127,3.25,80.3764,2.811270979332225,8.84,8.07,86.1123,7.72681818181818,8.125,9.05,8.9,1.2485462715742344
1992-07,0.0360583726009428,0.037074871641306,0.0387559366737548,0.0399596153176375,0.0422801013340125,0.0439511363441697,0.0461623119891178,0.0479490248542699,0.0508491253178476,0.0543801076192993,0.0597660282725825,0.062899791168756,0.0665846972297838,0.0691985662593919,0.0712374264712495,0.0731216174223458,0.0725783624112236,3.3,79.7617,2.709466987453779,8.65,7.95,84.1114,7.2935,8.04,9.35,9.05,1.2287737164341208
1992-08,0.0322530385961037,0.0333511423912627,0.0347263322298792,0.0360268288572947,0.0384271637215265,0.0401689040633872,0.0424093141093385,0.0436970080913622,0.0472565023746976,0.0502162768958344,0.0557979108418714,0.0586450390838759,0.0629626233325527,0.064313656959995,0.0670870374048193,0.0689169534212546,0.0692575985849075,3.22,79.6862,2.524781153450051,8.62,7.92,83.7023,7.47428571428571,7.6525,9.19,8.75,1.1359900516906452
1992-09,0.0319854607848715,0.0328362107106691,0.033384603563534,0.0342651857579349,0.0363391537099093,0.0380616535959356,0.0395304136924407,0.0408117373694309,0.0440324103258566,0.0468390089720846,0.0527698823614527,0.0554818879397804,0.0607492501336129,0.0630920989768417,0.0659636455035725,0.0680262259363955,0.0671732419966239,3.1,79.9437,2.6951493735946075,8.84,7.99,85.6332,7.67809523809524,7.4525,8.65,8.44,1.0301951083124663
1992-10,0.0264939059499858,0.0280037882060682,0.0289296500634994,0.0296659895050852,0.0319857193927449,0.0338577707450278,0.0353110785472602,0.0364832757510432,0.039649417829739,0.0426150166977438,0.0484358382891853,0.0522208047218421,0.0565590662347947,0.0600626951461641,0.0631551637535149,0.0655586006771852,0.0654646460759846,3.09,80.0445,2.671602801416717,8.96,8.1,87.8249,7.856,7.36,8.19,8.15,0.9503095885429808
1992-11,0.0307429015310131,0.0331456484750005,0.0347968608536971,0.0364680610000387,0.0391193136967967,0.0419817164247911,0.0434779699023144,0.0444666212147452,0.0480883483786252,0.0514548375509884,0.0574195668308013,0.0600068720193686,0.0642485148251654,0.0659574783164189,0.0694357329704038,0.0703060847099607,0.071850647238401,2.92,79.8526,2.5945997793870967,8.81,7.98,90.9012,7.86142857142857,7.32,8.32,8.21,0.9671745212020444
1992-12,0.0337528366613769,0.0355195939703229,0.0371389437733164,0.0385512432332399,0.0423756906744232,0.0449468268434447,0.0464411110314344,0.0476476633604724,0.051848388569495,0.0545717593694536,0.0596747519872466,0.0624456310391236,0.0662500319790181,0.0679738991713295,0.0699612256854446,0.0697421757514528,0.0720267382217167,3.02,80.4309,2.704428621603494,8.67,7.91,89.7648,7.969,7.1325,8.29,7.97,0.9195779824471348
1993-01,0.0315216709434002,0.0332829686054335,0.0341462287547494,0.0360504906552133,0.0386240369989208,0.0411365824035166,0.0426465625319376,0.0446838790012913,0.0482899272614455,0.0513474466540353,0.0558900058492901,0.0595042207075853,0.0627438475714394,0.0649360834095452,0.0665024630793154,0.067710539547643,0.0688532040052248,3.03,80.513,2.598850263547625,8.39,7.71,92.2091,7.6585,6.905,7.95,7.79,0.7779181126551016
1993-02,0.0297443805773151,0.0315129358273193,0.0324374210177809,0.0344368751810641,0.0370973632425292,0.0385574252447172,0.0399954867020695,0.0415653711670878,0.0447189773267995,0.0477124119193307,0.0520834572083209,0.0558394833627164,0.0595252687985552,0.0610488087503009,0.0642751471611439,0.0662493406876762,0.0669731445855984,3.07,80.2329,2.560803189883898,8.15,7.58,92.2976,7.44391304347826,6.6375,7.72,7.35,0.6255414541218495
1993-03,0.0300665076744654,0.0310495342467905,0.0315616625780904,0.0329309311127303,0.0345372666361584,0.035693627285203,0.0370749495760368,0.0384296423744924,0.0408770123204555,0.0436334125694229,0.0485948943510814,0.0513661866307762,0.0551555628474825,0.057459887495628,0.0602748047236245,0.0627008591147058,0.0616702435157888,2.96,80.4777,2.557074731855713,8.14,7.46,91.0904,7.46857142857143,6.6775,7.89,7.16,0.6335008566745245
1993-04,0.0294340204199379,0.0305776796199247,0.0317392814293819,0.0332305579547455,0.0352333767584954,0.036572893649618,0.0379872194094561,0.0390555260736,0.041847980531798,0.0448655599170391,0.0497389263654871,0.0525947196635944,0.0562763671000819,0.0591389155055978,0.061254594994266,0.0627684502651338,0.0635003646905238,3.0,80.2625,2.7372118412100743,8.21,7.43,87.7656,7.566,6.83,8.15,7.19,0.7064448842872143
1993-05,0.0291228447315163,0.0301215786485816,0.0309676162505403,0.0318329877594256,0.0335868280372016,0.034666925201396,0.0359947242403952,0.037076932653633,0.0396905259199325,0.042837576803873,0.0475476288672397,0.0509257912571172,0.0547722518553623,0.0569254209343697,0.0600120259737745,0.0609933829590299,0.0628715478565199,3.04,80.052,2.5902234857458684,8.07,7.33,88.3031,7.45545454545455,6.8075,7.96,7.01,0.6436541659894394
1993-06,0.0310934476889259,0.0325507072020965,0.0339231574384113,0.0350964433157692,0.0372401817449557,0.0386058639180567,0.0400745457996138,0.0412404595751253,0.042941952555515,0.0459391430455289,0.0500543996991986,0.0528684790984789,0.0556942666923727,0.0583679818838943,0.0606948262372683,0.0616374116501969,0.0636248559200812,3.06,80.1149,2.416409545998355,7.93,7.17,87.742,7.20380952380952,6.6075,7.62,6.75,0.5051582734075432
1993-07,0.0303585619357856,0.0315050818236069,0.0327561622594125,0.0338650249111435,0.0361635366819566,0.0372364436506259,0.0385249824948202,0.0395684092424515,0.0419817417314168,0.043714922109647,0.047383683966168,0.0504953071988156,0.0531252645692967,0.0554384795004253,0.0573535925841985,0.0584099882405631,0.0604112452278179,3.03,79.8052,2.454055243754816,7.6,6.85,,6.95428571428571,6.3725,7.07,6.34,0.3184372956554663
1993-08,0.031293383027762,0.0329385261277799,0.0338858610455896,0.0356311463054029,0.0372746325959206,0.0388935750143036,0.0404270088113591,0.0415632133982979,0.0439776434026101,0.0458861713207215,0.0489479239691406,0.0521290027907563,0.0544106292747581,0.0562063669853808,0.0575987988208771,0.0585186446840098,0.0602854292918803,3.09,80.2402,2.393546058104312,7.34,6.66,89.762,6.88142857142857,6.19,6.96,6.14,0.2419821531327739
1993-09,0.030553896280328,0.0315989389690841,0.032452356142454,0.0333909550625691,0.0351246762327103,0.0364742632176299,0.0373658062711948,0.0383728651190977,0.0403192653816885,0.0423013270906058,0.0450225078954991,0.0480792303622423,0.0501830881115624,0.0525204735857513,0.0543166815599342,0.0554524809435583,0.0564271663198879,2.99,80.752,2.353842785198146,7.31,6.67,88.479,6.7975,5.985,6.87,5.98,0.1674380263657426
1993-10,0.029691399402734,0.0308941776385463,0.0321695932290555,0.0337240714004448,0.0346486261775528,0.0360547630721498,0.0371670468350755,0.0380440394492831,0.0404088395865504,0.0415179892197527,0.0448421057896963,0.0471223823137274,0.0492634702801764,0.0511442143048483,0.0528717823091021,0.0544148944603733,0.0555018708416592,3.02,80.9708,2.346091408591411,7.66,6.93,90.9907,6.84904761904762,5.9825,6.85,6.03,0.1775895850604634
1993-11,0.0313801685484178,0.0330756843836144,0.0339823863764571,0.0351951765757086,0.0367391812082832,0.0386506026866104,0.0398021920036804,0.0406695130777452,0.0427317581003779,0.0443493772055127,0.0473375048844994,0.0496103337908534,0.0519714903713258,0.0539103614615325,0.0547581596875909,0.0563761029162072,0.0574412147954414,2.96,81.3076,2.1908501620543364,7.69,6.93,90.5142,6.69333333333333,5.83,6.4253,5.8,0.0533837197194035
1993-12,0.031678653648137,0.0333519659272317,0.0346633647312403,0.0359159038587014,0.0377700042734021,0.039298593411515,0.0402957105093797,0.0416069612646472,0.043650986508675,0.0453613513616655,0.0489491994756878,0.0513522596965456,0.0539234752580218,0.0560281625881792,0.0577570678278016,0.0592501381075812,0.0603227837142451,3.05,81.1677,1.977243051669464,7.65,6.92,91.6056,6.464,5.815,6.3794,5.67,-0.001345195741446
1994-01,0.0310734073425184,0.0331278902703621,0.0345322926080103,0.0370730871766543,0.0387141171712705,0.0402010191934924,0.041237595982108,0.0426731362274549,0.0447292440833222,0.0456124799725044,0.0503315251568525,0.052981406557038,0.0549961767927221,0.0573375361325067,0.0586247482441353,0.0599886799337279,0.0613225076810451,3.25,81.0802,2.059631532384487,7.76,7.08,92.4174,6.7065,6.135,6.7572,5.97,0.1646906149201756
1994-02,0.0306598334433385,0.0325894539423255,0.0341014660277152,0.0358186572640417,0.0374491549431753,0.0389331406434358,0.0401762442698678,0.041460953056947,0.0434514227155213,0.0451299103321138,0.0482240896227332,0.050983667333206,0.0529630155123852,0.0549671884082764,0.0567398256553956,0.0579001185777715,0.0592971329229392,3.34,81.933,2.1313176685614943,8.13,7.48,91.7497,7.46565217391304,6.345,7.417,6.38,0.4305017739802231
1994-03,0.0354679621347542,0.0377726674421912,0.0385153155356801,0.0414784103347544,0.0437413045754045,0.0450094814379616,0.0464130747635411,0.047726795898225,0.0498955142476714,0.0516632570627345,0.0548112388950198,0.0572478196861169,0.0592039381560227,0.0612276048736639,0.0627092554838834,0.0636555191656763,0.0632792087022942,3.56,82.4124,1.980442741723687,8.52,7.88,90.8612,8.08,6.607,7.8401,6.69,0.6447648206817268
1994-04,0.0375441556069376,0.04114861396871,0.0449285176206723,0.0476356277213851,0.0501272575018711,0.0521912412494996,0.0538998728429737,0.055277328518242,0.0583586980619797,0.0605367955945108,0.063659451371081,0.0662429154702424,0.0678207570536843,0.070039547305582,0.0710886776143423,0.072539348737456,0.0726324636549985,4.01,82.6321,1.8141776908505716,8.62,7.99,89.4262,8.44047619047619,6.6635,8.2825,6.98,0.7906206765517284
1994-05,0.0403734920333778,0.044788937994123,0.0479412558222298,0.0505327246428419,0.052270893675349,0.0539165665351251,0.055828351377478,0.0574315561446145,0.0596627641136962,0.0617160628293759,0.0647548390432894,0.066583660539601,0.0671198291591849,0.0689644259079103,0.0698601193094667,0.0714068912768679,0.0717028400728093,4.25,82.6188,2.0275575398352785,8.65,7.97,89.6547,8.99863636363636,7.0523809524,8.7105,7.5,1.043120354884944
1994-06,0.0424831476445212,0.0476330821202316,0.0508482568415377,0.0528130239746088,0.0545536007678087,0.0561603559810888,0.0580812935131141,0.0590351183778442,0.0613462217351093,0.0629888417493338,0.0651480828270243,0.0668593704541221,0.0677378189897622,0.0693151774653823,0.0702732138751345,0.0715144540931399,0.0719697710807449,4.26,82.6498,2.185708357029758,8.8,8.11,90.0671,9.1455,6.8961904762,8.533,7.39,1.0036186451644469
1994-07,0.0428732525783006,0.0477604099225209,0.051913355400147,0.0542920316942873,0.055915592125413,0.0577962284418152,0.0596496453401543,0.0608789551608923,0.0621125551967703,0.063970225026558,0.0672469340960522,0.0690492229893872,0.070259041110966,0.0715274116895277,0.0725193105555843,0.0736580527360653,0.0745841018283682,4.47,83.089,2.2464324075494924,8.74,8.07,86.9973,8.89636363636364,7.0895652174,8.6524,7.65,1.045798532206621
1994-08,0.0438750982960226,0.048503805425061,0.0515597967278059,0.0533833635991954,0.0550602309000907,0.0567132524898662,0.0583866006439291,0.0595316319297889,0.0610560111213559,0.0625893956928743,0.0652586838483134,0.0670349172536508,0.0681015495050264,0.0691352860069992,0.0701943697854542,0.0713177840287758,0.0726426736923368,4.73,83.1397,2.2532879610043244,8.98,8.34,87.3165,8.90285714285714,7.5154545455,8.8959,8.1,1.1982068432387551
1994-09,0.0463431108749453,0.0493399039522392,0.0527922926037559,0.054748432395883,0.0562400757024328,0.0578513692584618,0.0592051186735219,0.0605708069117828,0.0622905221829386,0.0635902281611918,0.0658665111794457,0.0675647711246306,0.0686243071414564,0.0698050409861986,0.0707683958423419,0.0718403345542951,0.0726177075070442,4.76,83.6095,2.1056491908989505,9.2,8.57,86.5263,9.062,7.5415,8.7797,8.19,1.2209571500618757
1994-10,0.0492534028607552,0.0548518678786912,0.057278126389294,0.0597688581819019,0.0608261792924384,0.0630047191342783,0.0643948117022487,0.0656479292782778,0.0676169217481887,0.0689183424756368,0.0711354615971358,0.0728169791829805,0.0735525429329575,0.0745949827707121,0.0756614443531345,0.0767874130118607,0.0772148775761416,5.29,83.9976,2.106242469534969,9.32,8.68,85.9173,9.15142857142857,7.4914285714,8.6361,8.14,1.2019827687068476
1994-11,0.051698719514428,0.0566177894099071,0.0593193538489325,0.061513895244934,0.0633799419943598,0.0654574581924456,0.0669157302323047,0.0681706431913243,0.0700872837463348,0.0713123548446675,0.0735626235723688,0.0750730333197726,0.0759647205577756,0.076729697869759,0.077918660638217,0.0791112004214344,0.0794605695146759,5.45,84.6166,2.148455368851221,9.1,8.46,84.4406,9.065,7.460952381,8.5814,8.03,1.1656552319311475
1994-12,0.0566387671879037,0.0616208020347611,0.0647707201026159,0.0683229478357208,0.0702993751890305,0.0715578955920553,0.0723934663803033,0.0728842248239476,0.0744879562580715,0.0753268399665463,0.0763952788354861,0.0767922620655246,0.0769961046389688,0.0768525319599612,0.077642154720041,0.0785879322579233,0.0787108689438142,5.53,84.4175,2.321504786293516,9.08,8.46,87.4345,9.34952380952381,7.5959090909,8.7349,8.22,1.267473971338474
1995-01,0.0582760870394754,0.0649239928846497,0.0690988133130164,0.0716317471401787,0.073735835996229,0.0744730728138662,0.0750674689556676,0.0758263008473478,0.0768513329820819,0.0770574824026116,0.0774852301814523,0.077547856147378,0.0772817415395572,0.0771346522183959,0.0777928750918959,0.0778826505963784,0.0779099543851203,5.92,83.9078,2.265952916844083,8.85,8.26,86.8463,8.9015,7.424,8.6557,8.01,1.1437320366687531
1995-02,0.0601694299419099,0.0638978318811229,0.0668877010265814,0.0684808995937426,0.0695286772019829,0.070756925926529,0.0714735357409873,0.07186172756535,0.0730345188442466,0.0738862732502971,0.0740839448377874,0.0744264619354461,0.0751953599035924,0.0753638822508942,0.0757499929956098,0.0756242676848929,0.0760378302874446,5.98,83.8217,2.173286622078652,8.7,8.12,85.8422,8.64217391304348,7.2773913043,8.5938,8.03,1.0791411421431842
1995-03,0.0587378449565105,0.060867919260598,0.0623616373084247,0.0633035107880102,0.0646427628224856,0.0654768769496168,0.0661633121114203,0.0667687052577383,0.0675659460670709,0.0684059660374822,0.0691133291317586,0.0695979497454764,0.0703109529023251,0.0705591099664322,0.0717693135602621,0.0716354818573614,0.0715242712233326,6.05,83.2082,2.320684692872832,8.6,8.03,82.8082,8.41684210526316,7.0883333333,8.4378,7.81,0.9728073720010872
1995-04,0.0584677029573407,0.0601458702340403,0.0618525388222532,0.0632053424771221,0.0644153812712088,0.0649936977124916,0.0656080692376897,0.0662576394504692,0.0671335063258643,0.0677015635770589,0.0684627660347997,0.0688969954494349,0.0696246958955458,0.0698716991663617,0.0711291696615249,0.0710784308915709,0.0713198414528606,6.01,83.1916,2.329415679690205,8.2,7.65,79.3097,8.06045454545455,6.8623809524,8.1802,7.52,0.8220479618812327
1995-05,0.0583802893491388,0.0599258408314066,0.0609991643105408,0.0622298483716152,0.0634167118678194,0.0637732281012428,0.064306771344242,0.0649935086985333,0.065788907092936,0.0665125409058156,0.0675212821841989,0.0680344117770613,0.0683252078302182,0.0687197569767405,0.0703433420638261,0.0703901920122896,0.0712835529749581,6.0,83.2331,2.180408015451452,7.9,7.3,79.9412,7.85818181818182,6.783,8.1097,7.45,0.7646433317191852
1995-06,0.0560920842123393,0.0560642261271377,0.055635986146392,0.0559700561821913,0.0563003356548048,0.0563645035820331,0.0559591810940431,0.0561515130036588,0.0565775657304374,0.0572326025367505,0.0582770420701389,0.0586320352357625,0.0592143924667842,0.0598803486126612,0.0616719844344352,0.0624101818295991,0.062435940872708,5.85,82.3071,1.9870338893819504,8.04,7.41,80.6794,8.076,6.8623809524,8.2613,7.45,0.8256798983109962
1995-07,0.0559976056173003,0.0552029500518886,0.0556945739747841,0.0557379012749581,0.0567525045680856,0.0567268621456666,0.0571841714106273,0.0570835130154829,0.0576124496765502,0.0581079943661143,0.0589403581643872,0.0588485718431541,0.0597364301404333,0.0607282359030269,0.0619448013332801,0.0624355224372663,0.0628250423105915,5.74,82.8963,1.9719662634690935,8.19,7.57,81.2236,8.26409090909091,6.7460869565,8.1169,7.33,0.8011382755741168
1995-08,0.0554500082839966,0.0556152862358893,0.0558391550990143,0.0568148505014537,0.0571495071566746,0.0575573029937716,0.0583692449059685,0.0584737217843878,0.0595753250033425,0.0601456840248287,0.0613221602743816,0.0613363435145841,0.0625910872377333,0.0633494549294531,0.0646305186902235,0.0653481640157276,0.0660314482687968,5.8,83.25,1.929303831624396,7.93,7.32,81.8647,7.9285,6.5852380952,7.9486,7.35,0.7109926851242218
1995-09,0.0539705533646224,0.0543489577558145,0.0549563319648801,0.0559958761473503,0.0560514943514257,0.0562061540282831,0.0567396978453579,0.0568247455390181,0.0576535508112361,0.0580282789904944,0.0591927844319382,0.0592037229906545,0.0601478454106765,0.0607686674825063,0.0620412071328317,0.0627815257136412,0.0626174023205966,5.76,82.7324,2.0203229523652944,7.75,7.12,84.9446,7.72095238095238,6.5652380952,8.0967,7.49,0.7134379433578611
1995-10,0.0541939001078045,0.0551329125155796,0.055329025528118,0.0560808123325302,0.0561630813840353,0.0570026295923014,0.0571653875777196,0.0572303287248052,0.0578745468366855,0.0582289239627494,0.0590687437053481,0.0590070837325914,0.0599334117352919,0.0602555712682287,0.0613714450334447,0.0620007588713249,0.0618561560746784,5.8,82.4035,1.8238035490231173,7.68,7.02,84.347,7.47380952380952,6.3418181818,7.7752,7.04,0.5516286577981214
1995-11,0.0542505650023692,0.0539989410814377,0.0538043051581076,0.0545131865808394,0.0543498286419755,0.0546530218603312,0.0546631220437652,0.0544329408036702,0.0550760058804505,0.0554907659953604,0.0565680722297528,0.0565724481106685,0.0574625401249378,0.0583299553292933,0.059452374808727,0.0598366163931594,0.0599768720794699,5.6,82.2529,1.9539938200653808,7.49,6.82,84.171,7.24947368421053,6.0747368421,7.4926,6.71,0.4046033201322002
1995-12,0.0539126586231653,0.0534302728766167,0.0528843616271862,0.0532404852784002,0.052969178507692,0.053071835176386,0.0528367901286044,0.0524383239347707,0.0530513254407777,0.053292280346943,0.0543327305033909,0.054183101523723,0.0551654077301861,0.0561753941416841,0.0570955284262104,0.0574277060862306,0.056698208255518,5.56,81.2592,1.973870424717328,7.47,6.81,84.9929,7.09181818181818,5.8872727273,7.4408,6.47,0.3179684531126107
1996-01,0.0511886147300087,0.0510923664863854,0.0512976578278424,0.0513018665196233,0.0513145259262956,0.0513360644039941,0.0514337186089148,0.0511585258650019,0.0518111697596638,0.0519741048205886,0.0531044094405882,0.0533182433235674,0.054125264238742,0.0547534948744429,0.0555151608352844,0.0559886097943769,0.055892620170076,5.22,82.0152,1.95401956993726,7.63,6.99,85.6681,7.24047619047619,6.2042857143,7.7618,6.6,0.4438356007793362
1996-02,0.0498206452770979,0.0489845777676657,0.0487132986301535,0.0485512647064807,0.0484432913699625,0.0484705629143913,0.0485353364555189,0.0486079839543284,0.0494475634143843,0.0498938536845578,0.0513283062346132,0.0517667687489496,0.0533852008042307,0.0548225157462044,0.05554861939211,0.0564737599785751,0.0563989949782219,5.31,81.4024,2.073623274454484,8.03,7.35,86.6855,7.62190476190476,6.4452380952,8.057,6.65,0.5767791503805058
1996-03,0.0494931939710147,0.0488151186734629,0.0495369105912086,0.0500325025755855,0.051376029065036,0.0513729463225061,0.0520005140624727,0.0518356624866824,0.0527913457762338,0.0534355599303065,0.0548962840553451,0.0554457988103057,0.0580672559219584,0.0585256953752273,0.0592773767680272,0.060336542820029,0.0597843022672071,5.22,81.9406,2.11112262572728,8.19,7.5,86.8095,7.69952380952381,6.377,8.0602,6.51,0.560244916937626
1996-04,0.051369983696262,0.0515215496159579,0.0525668636588964,0.0540206819449041,0.0552659016347229,0.0558810655071211,0.056549935401605,0.0569672508470198,0.057972824043391,0.0585930566530677,0.0599621557466342,0.060299001151251,0.061000385890674,0.06266057795431,0.0631275206027143,0.0636214771008894,0.0628323546639766,5.24,82.1342,2.1300498144890767,8.3,7.62,87.1982,7.76818181818182,6.446,8.0871,6.47,0.5794475836378843
1996-05,0.0507251566916107,0.052101297765918,0.0534605752039426,0.0551916340897766,0.0574611985264756,0.058118178987477,0.0591072197111571,0.0594602975604936,0.0604979732498657,0.061476115114124,0.062794156052078,0.0631580793133499,0.0641923384169595,0.0658387413905357,0.0665769651758289,0.0670828987131688,0.0665254805822841,5.27,82.4584,2.0290325915205853,8.4,7.71,86.9426,7.8095,6.5589473684,8.054,6.56,0.6101447608142281
1996-06,0.0517729934579929,0.0531953853384914,0.0550677610933123,0.0570724566550832,0.0592361107773516,0.0603172221168704,0.0613479648068952,0.0617222678379477,0.0629629446180866,0.0640067022423269,0.0653699646285433,0.0656000763703718,0.0663438879251386,0.0677414472981061,0.0682175443524975,0.0685771219887079,0.0680115369847508,5.4,82.38,2.11645674168901,8.35,7.65,87.7201,7.71181818181818,6.4786956522,7.9162,6.49,0.5588946201955837
1996-07,0.0520897351698561,0.0535003926389111,0.0550910303585778,0.0567313759847255,0.058189599114557,0.0588871440049631,0.0604612641992751,0.0605223814366714,0.0614985478684226,0.0626268802163039,0.0636690375112728,0.06417911927616,0.0647389074273729,0.0657420983410717,0.0664926614389316,0.0669387523022193,0.066832321344866,5.22,82.3084,1.9941720138929808,8.18,7.46,86.8725,7.30571428571429,6.3022727273,7.8219,6.41,0.4536441037869174
1996-08,0.0520859354596545,0.0533048428916812,0.0553209392505451,0.0569639632470501,0.0580922714506593,0.058956911773395,0.0594450437612823,0.0598871010188235,0.0609151986561513,0.061903211257522,0.0629209545137026,0.063334635656197,0.063906754407161,0.0648836184776783,0.0658127173401485,0.0660095231664608,0.066012822441383,5.3,82.4969,2.211927347599074,8.35,7.66,86.7202,7.3385,6.2266666667,7.8151,6.29,0.4309023835324083
1996-09,0.0527720290271235,0.0549690030592765,0.0566475786794108,0.0586763731312211,0.0605018951876993,0.0618047799483847,0.062022183237957,0.0625859703143235,0.0636748241664559,0.0646023528214542,0.0656955035018376,0.0663913042682016,0.0669032311992987,0.0678147359731396,0.0683794631762203,0.0685673615998189,0.0685296377896881,5.24,82.0128,2.2560912998195626,8.07,7.39,86.9902,6.64454545454545,6.0086363636,7.5413,5.98,0.2307746802810354
1996-10,0.0504198276569636,0.0524920981778233,0.0543274210923028,0.0563612174308653,0.0573656932101183,0.0583905584799876,0.0591340787948982,0.0594222596786067,0.0605575787915868,0.0613871050894612,0.0627040841023093,0.0631405875487085,0.0640202721786606,0.0652417406867626,0.0657786853000444,0.0659095186577622,0.0660643376619727,5.31,82.3142,2.44099223987444,7.79,7.1,,6.135,5.8595238095,7.5952,5.83,0.1253103697219596
1996-11,0.0513297931793901,0.0523146816125657,0.0531335522259912,0.0545991336283756,0.0555524127978807,0.0561551730174548,0.0566047379214583,0.0570668186352145,0.0579925121435567,0.0588593423661944,0.0600225555888994,0.060434341434372,0.061287778380633,0.063002110763256,0.063144153201227,0.0630339684328054,0.0633362733318764,5.29,82.5699,2.3631039531478937,7.89,7.2,,6.392,5.79,7.5716,5.75,0.1370442092053653
1996-12,0.0504173637839115,0.0516959435908204,0.0522056852870769,0.0533599372203528,0.0545086501855801,0.0546951230502619,0.0550904963614135,0.0553786198058164,0.0560214958675764,0.0565949117383401,0.057201075409611,0.0578600460546068,0.0584001243040495,0.0594699907768867,0.0600712560091476,0.060069089709174,0.0602068055518022,5.25,82.2119,2.268743060830936,8.09,7.42,88.7126,6.63272727272727,5.8040909091,7.5552,5.69,0.163387640624518
1997-01,0.0514543292237304,0.0526355231616917,0.053843876117467,0.0551636736416838,0.0567141875732603,0.057649176722602,0.0581857751180617,0.0586463800576927,0.0597012387939514,0.060361517220117,0.0615059188053972,0.0621262753599034,0.0630913635628415,0.0639877824088212,0.0644464488945671,0.0643992233193349,0.0647754496251985,5.19,82.8966,2.320595099183187,7.94,7.31,91.6567,6.3035,5.5445,7.1962,5.45,0.0045936352508993
1997-02,0.0509511474344916,0.0520241814756942,0.0532530450760508,0.0546464754240404,0.0562088147786329,0.0569677093742919,0.0575264337313677,0.057948930612485,0.0589631569199117,0.0596430430946524,0.0604090681556367,0.0612637922495191,0.0622241302700405,0.0628336973284617,0.0636518020486972,0.0637705012808532,0.0641473233811271,5.39,83.2201,2.120203004348009,8.18,7.55,91.7045,6.5395,5.7152631579,7.4544,5.67,0.1216647065575443
1997-03,0.0516618423606395,0.0531364225379297,0.0545199260918881,0.0560353647061524,0.0579326559525039,0.0585577419429189,0.0594568111047846,0.0602062767950094,0.0610838590048011,0.0617364863429852,0.0626615185723414,0.063286573147437,0.0640362716258745,0.0646793710098389,0.0651347577822085,0.0650633796527415,0.0650148984014055,5.51,82.7028,1.9152421962217003,8.34,7.73,93.6101,6.78454545454545,5.8668181818,7.638,5.81,0.2184989773196851
1997-04,0.0526157645943202,0.0543996514791872,0.0570103866225823,0.058934675817863,0.0607892639599246,0.0614868089614592,0.0622394855164048,0.0630871873321199,0.0640652966718497,0.0649522936498651,0.066062547050847,0.0664099329582606,0.0673876778706,0.0678443506262283,0.0684132878295658,0.0683904022701043,0.0679433725051748,5.5,82.788,1.6933943148266015,8.2,7.58,95.4034,6.57333333333333,5.7611111111,7.1681,5.71,0.1041584578067654
1997-05,0.051986161886874,0.0545961027843814,0.0565680342575477,0.0579865710451694,0.0597870631085871,0.0604981028874584,0.0610521134989216,0.0617937343577609,0.0627321332970642,0.063215396832591,0.0640107726469891,0.064590183165371,0.0655132493362666,0.0657891237011203,0.0664096204515222,0.0665106452662953,0.0660050573651577,5.56,82.7944,1.8251291774616265,8.02,7.41,91.9907,6.27142857142857,5.7185714286,7.1418,5.65,0.0455498437332007
1997-06,0.0507304043236029,0.0536456655125009,0.0554417699434912,0.0572679226742403,0.0588517987290949,0.0596956842000513,0.0606169053022488,0.0614636753404253,0.0623045714793754,0.0627520812166268,0.0638920348400275,0.0643875225472281,0.0648779271541691,0.0655256446985055,0.0660661862326688,0.0662392758552669,0.0658764334907958,5.52,82.902,1.6710718257579191,7.75,7.14,92.7004,5.96318181818182,5.5565217391,7.0577,5.44,-0.057973300230518
1997-07,0.0513937748794232,0.0519990398351201,0.0543528197437433,0.0560389245090034,0.0578365735096575,0.0581567040943722,0.0590264178494088,0.059371175849899,0.0603688325630718,0.0609092623459389,0.0622023215768601,0.0624975997186837,0.0631153789515856,0.0637580006325105,0.0642385139439047,0.0643311001417628,0.0637111590026551,5.54,83.3485,1.6550510078928935,7.82,7.22,,5.9945,5.66,7.0893,5.59,-0.0153831451678772
1997-08,0.0523350868448424,0.0531582956596109,0.0535228161977521,0.0552774483449898,0.0570055570877799,0.0571742098956342,0.0577421111081827,0.0580626125482799,0.0585144187334431,0.0587982619761168,0.0595523275529598,0.0599381458084658,0.0606252503954381,0.0611156856623824,0.0615875548472977,0.0617088934682635,0.0611556927735991,5.54,83.5136,1.6129728485302142,7.7,7.15,95.2867,5.87619047619048,5.5927272727,6.8216,5.53,-0.0817511525405968
1997-09,0.0516846574801941,0.0530090019168936,0.0538322408686949,0.0552940183708089,0.0571294700303076,0.0578055806220597,0.0583418058653335,0.0585488427365876,0.0593085432629622,0.05968603829676,0.0606940454293633,0.0610807096974658,0.0617949377838014,0.0624173260092446,0.0628116367306147,0.0630253556270597,0.0620621863671134,5.5,83.6688,1.4388386004676512,7.57,7.0,94.5255,5.60909090909091,5.5781818182,6.5109,5.6,-0.1498367691255595
1997-10,0.0505302558739796,0.0518085121739811,0.05278725740828,0.0545325029297728,0.0556847519545147,0.0562919302005663,0.0565208070249733,0.0566247141788899,0.0573084297421943,0.0576312056050095,0.0586028640242898,0.0585295097258024,0.0597026023209475,0.0599441412790034,0.0602751377888777,0.0604981694152075,0.0596448448497223,5.52,83.8583,1.2644451763492937,7.42,6.87,94.0934,5.50315789473684,5.5565,6.624,5.57,-0.1578865286082555
1997-11,0.0522238855229422,0.0527912441738775,0.0533701860829956,0.0536139125935982,0.0561125336858969,0.0563815064025756,0.0566272724129377,0.0564206427411354,0.0569270804941932,0.0570737721653816,0.0574076550269971,0.0573380035077732,0.0587211698172009,0.0588862196462502,0.059100684465116,0.0594127006037127,0.0583246038365002,5.5,83.6515,1.1256686786623504,7.32,6.76,94.2656,5.66571428571429,5.3273684211,6.3739,5.32,-0.2322838673123914
1997-12,0.0522200045157562,0.0536075740655484,0.0545817711023755,0.0545607198371039,0.0567968561676446,0.0570170565694408,0.0571596643268223,0.0570593171349625,0.0572543570793118,0.0575672463237559,0.0579355838423015,0.0574504683456185,0.0580620100982663,0.0581213443972564,0.0582247404728082,0.0582961662012927,0.0577789971569792,5.56,83.6492,1.0442111277765953,7.19,6.61,,5.36047619047619,5.1123809524,6.0978,5.12,-0.3658700208309414
1998-01,0.0525969039396785,0.0531401402711872,0.0533066540154047,0.0536080031577634,0.0549089830094041,0.0550533341717364,0.055028028777525,0.0550143304321458,0.0551800406366754,0.0552865847707935,0.0555133789666211,0.0553394499529907,0.0555916012096035,0.0559798856647638,0.0561149866811162,0.05635109715009,0.0558187209556041,5.51,83.1551,0.7811720431640357,7.25,6.67,98.9445,5.434,4.989,6.0461,5.04,-0.391486546181755
1998-02,0.0517846408149809,0.0520577084072741,0.052468164412686,0.0520260123414167,0.0534655072300767,0.0535047429406855,0.0532231378158714,0.0530500120200815,0.0531842223959892,0.0531882480018384,0.0541078375684356,0.0537652253794887,0.0539234807144096,0.0551550028089875,0.0555134301077207,0.0554925848696171,0.0553404610349842,5.49,82.3971,0.6906372374510417,7.32,6.72,96.9511,5.42727272727273,4.8995454545,5.992,4.96,-0.4228831346283574
1998-03,0.0524802583488527,0.0525625671891242,0.0534498535345371,0.0534732192790958,0.0549303414953983,0.0549520066390631,0.0552337288576581,0.0551064235400536,0.055212515669231,0.0555313781215853,0.0559891730538479,0.0558639506421181,0.0557865959570198,0.0568323657691591,0.0570656006744579,0.0570892745907592,0.0561215818178143,5.45,82.1691,0.7169886476797505,7.33,6.69,97.6767,5.31238095238095,4.902,5.8249,4.97,-0.4571247932776354
1998-04,0.0508677648210255,0.0515899989140443,0.0521218258640172,0.0528399366792964,0.0547573016312199,0.0548235971119768,0.0547582558572845,0.0546466066474502,0.0549110581905461,0.055123006996992,0.055460085866374,0.0549101184003059,0.0555032031919342,0.0559146356040418,0.0560950128229358,0.0560567971640541,0.0550316792211277,5.49,82.0271,0.9009137229227582,7.3,6.69,97.9979,5.387,4.9647368421,5.8648,5.01,-0.4271625544638177
1998-05,0.0499989808685374,0.0520088433240539,0.0528737266208285,0.0536075423268053,0.0553316341855312,0.0551126242963749,0.0551708202784887,0.0551364252732341,0.0552401085740522,0.0555249959568283,0.0558394785329009,0.0555207167559013,0.0563339926230273,0.0566575746285878,0.0567852069045557,0.0566627921931674,0.0558023397259244,5.56,80.8666,0.6865476461223485,7.13,6.53,98.3427,5.31863636363636,4.7985,5.7743,4.86,-0.4921342645779202
1998-06,0.0499401547302732,0.052113589015677,0.0529270894607903,0.0534607708103249,0.0545914441845245,0.0546514168248885,0.0546333164753655,0.0544169050436166,0.0544932202370393,0.0548278472390932,0.0553297087037669,0.0544958336204081,0.0552574861281612,0.0555108381588447,0.05580427453705,0.0558684412271104,0.0543475588400905,5.54,80.0244,0.8750745802199145,7.15,6.55,99.4146,5.34772727272727,4.6847826087,5.8319,4.78,-0.509172866506134
1998-07,0.050570936980751,0.0515853045893763,0.0526684596286803,0.0534351471421763,0.0541957976968712,0.0541343203370276,0.0540910342634229,0.0537459502735274,0.0540800609154306,0.054403407246207,0.0544865119267399,0.0538817368115571,0.054483003836012,0.0545841449335685,0.054877885228672,0.0548325922816864,0.05349364460859,5.55,81.4968,0.9339957416607536,7.14,6.52,101.298,5.565,4.4252380952,5.5706,4.53,-0.5823554244425
1998-08,0.050808652787473,0.05158033642399,0.0524161532428489,0.0534329803403132,0.0540581350719686,0.0539006785024714,0.0539706026679585,0.0538729365802664,0.0538183103386534,0.0542405555653789,0.0544611409526969,0.0542679589547125,0.0543979802129993,0.0546374962931208,0.0547628308917107,0.054629253277744,0.0536141289788169,5.51,80.9731,0.6329651656754365,7.09,6.4,102.4963,5.24666666666667,4.0609090909,5.151,4.2,-0.7745719061661969
1998-09,0.0486924435878752,0.0490182326439377,0.0488687232862732,0.0487483850862425,0.0502838749926995,0.0501558573485181,0.0491379431964092,0.0484742476707265,0.04921596635373,0.0498199714822197,0.0502075627107136,0.0497342487240025,0.0508164641603675,0.0502501630966585,0.0511425873618028,0.0510459174848778,0.0500767064093557,5.07,81.2168,0.7226496209978395,7.18,6.37,98.3854,4.90809523809524,4.0645454545,5.0114,4.19,-0.8383977747656677
1998-10,0.0421979217912737,0.0431299204314648,0.0431696019587103,0.0433822769463963,0.0440540025045652,0.0428445384716732,0.042157768967193,0.0413049544414754,0.0418750761196907,0.0418872903569674,0.0419249574085963,0.0420525279687828,0.0424357622041638,0.0424541936141134,0.0431028252259262,0.0428964868598623,0.042955248359014,4.83,80.9192,0.7211946377057687,7.34,6.41,94.5111,5.169,4.1204761905,4.9292,4.2,-0.8021243806146835
1998-11,0.0443409073671972,0.0448634161193237,0.0441359457502333,0.0443108932695823,0.0448115088603257,0.0443691553227314,0.0440377307715739,0.0432519773520627,0.0445182403603652,0.0447651023060268,0.0453280007711046,0.046348579170113,0.0468360470482605,0.0461163702550546,0.0480089103313556,0.0475831468169061,0.0478348462076036,4.68,81.0067,0.8444010692918225,7.23,6.22,97.378,4.87238095238095,3.8635,4.5175,3.91,-0.9682091519708412
1998-12,0.04461516471568,0.0446795374814472,0.044697312708519,0.0447121735479405,0.0453807678712949,0.0449791566531903,0.044520451681865,0.0440976914598164,0.0447540622080887,0.0446746602522632,0.0455092201744492,0.0447865483048787,0.0465945180674573,0.0457297594209774,0.0470441493571314,0.046684345715803,0.0459834292858396,4.63,80.8313,0.9358742365980444,7.29,6.24,94.9484,4.9465,3.702,4.2868,3.78,-1.0272979681181336
1999-01,0.0444900110309384,0.0450779485268653,0.0450718599078397,0.0448028782226937,0.046155521785248,0.0461358661674865,0.0458233331608421,0.0454130331437649,0.0459804986418363,0.0459309216534619,0.0463901644022659,0.0461386140079383,0.047191056587438,0.0469957566221387,0.0476892359437166,0.046732879183971,0.0462415406678475,4.76,81.1755,0.932120680631976,7.39,6.4,94.8346,5.124,3.849,4.4319,3.94,-0.9427495560717865
1999-02,0.0447423314684991,0.0448492696837765,0.0453593638551512,0.0452424417843123,0.0466034332379102,0.0465996045014678,0.0464164910175766,0.0459912519413804,0.0465106956610965,0.0467812549348368,0.0469782127697949,0.0465287229225764,0.0476337946884039,0.0479070119028779,0.0483699054366082,0.0475023794188862,0.0470324089596026,4.81,80.8083,0.9927874416631566,7.53,6.62,95.2569,5.2204347826087,4.037826087,4.6554,4.14,-0.848415367487559
1999-03,0.0466351983326783,0.0470408739781744,0.0478580558928706,0.0501090069658639,0.0510954143148688,0.0512737210320136,0.0516482047895675,0.0514918387564862,0.0520657421734954,0.0526050151712444,0.0532705168722759,0.0529169085986997,0.0544727082800599,0.0546333353579521,0.0549174619474776,0.053906169924577,0.0532940374074302,4.74,80.7354,1.3545580383626632,7.48,6.64,97.386,5.02952380952381,3.85,4.592,3.99,-0.9304895467233008
1999-04,0.0439157406340455,0.0444776406143588,0.0449019455601665,0.0482944851695485,0.0488010148627049,0.049474472233629,0.0494979771738516,0.0496074705260061,0.050358747152726,0.0511000403571063,0.0518976197939186,0.0521031401340288,0.0534776208782042,0.0539399887880487,0.0541843319589605,0.0533010500013498,0.0524378708912776,4.74,81.0344,1.2821778686790353,7.72,6.93,97.9948,5.3595,4.0121052632,4.9068,4.17,-0.7998366259521915
1999-05,0.0456643369107571,0.0460723708059889,0.0460214180076185,0.0476627916966892,0.049412796017721,0.0496839515459187,0.0499936355966009,0.0502172610446011,0.0507601078166558,0.051350371408076,0.0521294438074599,0.0525987941782757,0.0534541820557056,0.0536196868358024,0.0538481881930772,0.0535992204833819,0.0533636725873598,4.76,80.4957,1.3990259052728105,8.02,7.23,99.0488,5.58090909090909,4.3604761905,5.1716,4.49,-0.6432713695889422
1999-06,0.046991691499471,0.048769351441601,0.0487540360868944,0.0521590755920752,0.0531968047287356,0.0534220264296855,0.0544254386403017,0.054685256574589,0.0556013733688175,0.0566988856052278,0.0574178349226647,0.0579140549356053,0.0590460123928531,0.0592358720736398,0.0589951164507132,0.0581285918129479,0.0564773445219691,4.99,80.4847,1.4181101253344377,7.95,7.19,98.6554,5.49095238095238,4.6763636364,5.3721,4.82,-0.5413036747050017
1999-07,0.0461761063326317,0.0492641389876673,0.0485115135369055,0.0525801923669392,0.0540494353660756,0.0542803391133513,0.0548333635940365,0.0551405166671621,0.0555386919885518,0.0559574920900408,0.0569162226929172,0.0580783123949423,0.0587911110656257,0.0591593505415564,0.0591723679990193,0.0587000667286985,0.0575836626389821,5.07,80.634,1.4625639871744367,8.15,7.4,100.0495,5.75571428571429,4.8790909091,5.4312,5.02,-0.4412952526838224
1999-08,0.0476859970469609,0.0486691786775454,0.0489460007325222,0.0519552070068952,0.0541062605376314,0.054524538548461,0.0554137963396752,0.0559396948230861,0.0565967852405252,0.0571158510852226,0.0584955373450629,0.0593698354881868,0.0602845614274327,0.0606305831269393,0.0603607459749019,0.0595651164209898,0.0583262763946429,5.22,79.9785,1.885544626901381,8.2,7.39,97.6537,5.72142857142857,5.0404545455,5.6909,5.2,-0.3674032083560417
1999-09,0.0489342135276228,0.0511475822349772,0.0507760454199059,0.054635258711972,0.0554504177796425,0.0562097282093711,0.0567426476036452,0.0566678634571919,0.0573563338456449,0.0577564204595507,0.0592052323881863,0.059651831911729,0.0611105622179948,0.0613959143012274,0.0611402412071566,0.0603653762668911,0.0586518840847413,5.2,80.7666,1.8336773233365689,8.38,7.55,95.7617,6.0895,5.2923809524,5.8801,5.44,-0.2248831713923575
1999-10,0.0482254195036088,0.0494519121430607,0.0506588935056557,0.0546955453545847,0.0554742930743644,0.056291141842782,0.0567726761779543,0.056457594716015,0.0573031942873819,0.0575912226861501,0.0591364650333905,0.05984769964898,0.0605649061463708,0.0616882536960871,0.0611830370797513,0.0605422475230134,0.0587729169009996,5.42,80.9602,1.920646954763705,8.15,7.36,95.2186,6.0347619047619,5.04,5.3145,5.15,-0.375448748537143
1999-11,0.0507967017305813,0.0523207313867784,0.0529214504987214,0.0554137061868757,0.0559685885326876,0.0571047603669394,0.0575318110913492,0.0575408202532331,0.0583011526136375,0.0583076528646409,0.0599632357006277,0.0607323799051004,0.0604903224637972,0.0615846984226793,0.0612312801041094,0.0607926071356598,0.0596318181027757,5.3,81.1849,2.0547560941400977,8.19,7.55,96.547,6.14,5.1476190476,5.389,5.29,-0.3180617364719068
1999-12,0.0520662141434004,0.0547137804217516,0.0558391108018334,0.0578556881320036,0.0585367451965526,0.0588491583716445,0.0592666907510927,0.0594086911012989,0.0596821406567025,0.0598818552431683,0.0610329172883295,0.0615649412014381,0.0614942456982611,0.0622824468917961,0.0620837398508003,0.0617593475349071,0.0613354872431643,5.45,80.8292,2.1891369506148672,8.33,7.78,96.0068,6.4915,5.5395238095,5.8227,5.66,-0.1104021384948898
2000-01,0.0539896731750701,0.0569350260386459,0.0595789489340865,0.0598199313205984,0.0621884357597995,0.0626768722075582,0.0628711722734647,0.0628901046607784,0.0631782003898072,0.0636260666450992,0.0645516254592962,0.0653208824273737,0.0653739508692988,0.0658731986689516,0.0657410418466571,0.0655300070771602,0.0651918755067633,5.73,80.6792,2.5687379130580945,8.29,7.68,95.2533,6.33857142857143,5.5085714286,5.6347,5.62,-0.1636971678597545
2000-02,0.0564240621506513,0.0584348797674187,0.0611431037045259,0.0624706706219247,0.0639277496035238,0.0646582683084999,0.0649655938747964,0.0648386334920117,0.0652611980830164,0.0655659894542387,0.0656180990019019,0.0664913559094675,0.0660966971832684,0.0659154104974603,0.0654858923783331,0.0655356287601827,0.0650343730419441,5.85,80.8587,2.930879964151667,8.37,7.68,98.26,6.02826086956522,5.3330434783,5.3707,5.43,-0.2889212254923333
2000-03,0.0571160798195804,0.0592599578917384,0.0610728953529548,0.0608252068150373,0.0631403509265585,0.063611268704708,0.0642785101878356,0.0642153949546023,0.0644789500127515,0.064828040375203,0.0646640209026836,0.0654955623906703,0.0654036514606279,0.065243637007999,0.0647686780184231,0.0644190934982256,0.062169538381686,6.02,81.0265,2.350990147302689,8.4,7.64,98.6182,5.92421052631579,5.2255555556,5.3213,5.33,-0.3384125766106769
2000-04,0.0582300768042282,0.0605990318450231,0.0610430955290723,0.0620524246514506,0.063242923217224,0.0633332874693275,0.0632317828121252,0.0633688004541668,0.0631257119845024,0.0629067324071867,0.0621386824024671,0.0621309538416159,0.0618014881550305,0.0611487568166811,0.0606740987469189,0.0600324827987268,0.0600439623438697,6.27,80.701,2.368948805080495,8.9,7.99,101.3315,6.215,5.3781818182,5.4033,5.5,-0.2437767740048563
2000-05,0.0586228064224666,0.0613361170506624,0.0618923508803541,0.0646245075235856,0.0658944242705355,0.06601023917233,0.0663867788309835,0.0662282745010453,0.0657396505818736,0.0655242313816981,0.0653399361586412,0.065029484907515,0.064765077453938,0.0642985889707482,0.0633736664832295,0.0625709091347976,0.0609810873630886,6.53,80.5159,2.684264750925869,8.48,7.67,102.8356,5.89545454545455,5.1913636364,5.2097,5.32,-0.3624930673448901
2000-06,0.0566672232391655,0.0615946013905791,0.0603305382573748,0.0622885621877502,0.0658556850926587,0.0656098524711694,0.0656328159726447,0.0651251000650182,0.0651962216951653,0.0643600227548616,0.0642757648427195,0.0636112604475334,0.0635077890950968,0.0629777165902832,0.0621462869996748,0.0613560167078393,0.0602457917084231,6.54,80.2704,2.668814307732892,8.35,7.65,99.9855,5.8635,5.2661904762,5.2388,5.4,-0.3417918280315815
2000-07,0.0590459645335175,0.0615050025381659,0.0605591559071502,0.0618354869368748,0.0633717999614965,0.0630173851038161,0.0629590766215989,0.0622143089744284,0.0622707243013773,0.0618926332032245,0.0615838099442781,0.0610456722819105,0.0611103837404752,0.0608266218153399,0.0602855121113172,0.0596296137737098,0.0586394337974132,6.5,79.4606,2.475467095414974,8.26,7.55,100.8814,5.76636363636364,5.2104347826,5.3312,5.36,-0.3578453817375455
2000-08,0.0618557144994176,0.0627634801862477,0.0621673740934737,0.0632239588551171,0.0632272927976778,0.0626655803449405,0.0624606367037223,0.0616394553132682,0.061689421307931,0.0615914411526052,0.0612255524779264,0.0607787717744509,0.0605372400240637,0.0601645044152808,0.0596876614684395,0.059226231814058,0.0585999676815252,6.52,79.5715,2.548096178546277,8.35,7.62,102.071,5.7295,5.2633333333,5.3873,5.42,-0.3405064307037865
2000-09,0.0621833661717146,0.0623098773498947,0.0618500902366569,0.0608942150662654,0.0614320674701288,0.0610413045825078,0.0604305324439975,0.0599879145095995,0.0596297923946585,0.0595747824717168,0.0590912049856316,0.0586991475756842,0.0585900153138519,0.0582038349770246,0.0576347439584359,0.0574590826699733,0.0553816592234315,6.51,78.9447,2.5148561265149194,8.34,7.55,103.4581,5.72333333333333,5.2071428571,5.2179,5.36,-0.3778777455304274
2000-10,0.0617991819662504,0.0621151249831512,0.0611172992097886,0.0607949281392086,0.0611336021882152,0.0606489565317665,0.0597147579641827,0.0589198850953657,0.0587336816444627,0.0586210116377003,0.0581006634442128,0.0578591053488849,0.0585564019876017,0.058557062404633,0.0583819386742878,0.0585050192302892,0.0572035029799997,6.51,78.447,2.5663277956855968,8.28,7.45,106.5658,5.72714285714286,5.1536363636,5.0983,5.29,-0.4086453278903606
2000-11,0.0631311757457523,0.0624570430757191,0.0613434390903082,0.0616012861722972,0.0609396449028991,0.059972811250822,0.0588213591796286,0.0578845525006361,0.0580994329558712,0.0579731669331083,0.0574227960513687,0.056794294651229,0.0575406883664945,0.0575095569027951,0.0573336407497747,0.0573661901441738,0.0564953116019723,6.4,77.6908,2.4847793521432404,8.02,7.21,106.3962,5.40210526315789,4.8905263158,4.9118,5.04,-0.5479292152864427
2000-12,0.061692065930326,0.0607824461010309,0.0595117936751803,0.0584157983978786,0.0588994214214013,0.0575888995738782,0.0564603109616713,0.0554678107884243,0.0553078448942395,0.0554850739953923,0.0549638198989388,0.0540058180839536,0.0548747652198286,0.0546691506721321,0.0546295611020516,0.0549522448755396,0.054460739646742,5.98,77.1264,2.7014432367977514,7.93,7.15,102.9824,5.41863636363636,4.8031818182,4.8471,4.94,-0.5794089310209427
2001-01,0.0582285887717125,0.0551551622431052,0.0522457818383467,0.0516243985323101,0.0513418204512599,0.0504368364265882,0.049113544652834,0.0482646739141685,0.0484784240736542,0.0486042713757182,0.0482305001221249,0.0477395701044355,0.0489032224950766,0.0492086183246687,0.0492549186020977,0.0494786960565473,0.049005791448671,5.49,76.3313,2.537197196376595,7.87,7.1,103.8759,5.43,4.7775,4.8248,4.93,-0.5858839343392385
2001-02,0.0496984092843573,0.0477722211204769,0.0458807348718358,0.0467972698789183,0.046623817805013,0.0462277573664947,0.0459562587259769,0.0455548958469783,0.0465610690123587,0.0468788411511253,0.0479172328557571,0.0481968065574776,0.0492053236388791,0.0498677290926123,0.0503303182679507,0.0510149242996447,0.0510656845816269,5.31,75.9107,2.1087000884293827,7.84,6.98,105.5642,5.30136363636364,4.6677272727,4.703,4.84,-0.6466305426905367
2001-03,0.0481543640378325,0.0463652766666592,0.0451817171563185,0.0441132130725929,0.0451308506050567,0.0447621893440778,0.0444993043632638,0.0441171840438385,0.0450229606647654,0.0455653775000455,0.0464951654745452,0.0469136673373171,0.0479541859124278,0.0488590545113301,0.0492611556299656,0.0500016098865188,0.0483129627263251,4.8,75.3521,2.373236751810892,8.07,7.2,108.3163,5.5915,4.8278947368,4.9468,5.0,-0.53262976427264
2001-04,0.042373692560189,0.041077518914785,0.040847543491157,0.0410783903775984,0.0415893744300101,0.0416617140842055,0.042078907443192,0.0422022767385559,0.043541365845039,0.044230588320656,0.0456987502275877,0.0466318120657804,0.0480328714050497,0.049097277476831,0.0499345235676165,0.0508395832195714,0.0497001278540748,4.21,74.7304,2.5576491395143286,8.07,7.29,110.232,5.85136363636364,5.0468181818,5.1153,5.21,-0.4163608423686454
2001-05,0.0386936692636167,0.0386152094098425,0.038273197605382,0.0398138716666094,0.0406244847959506,0.0411639337418343,0.0418078620463991,0.0423311607433175,0.0444750769486249,0.045807962638421,0.047887580953272,0.0489333098621563,0.0505320907457989,0.0516984968445338,0.0528463719607111,0.0536881249343256,0.053117994575446,3.97,74.097,2.3917346855763637,7.97,7.18,109.8213,5.71809523809524,5.0,5.1951,5.15,-0.4397819066678914
2001-06,0.0364879606352268,0.0356408650145293,0.0358315142316947,0.0382604459486619,0.0399301541434398,0.0408125854557383,0.041946179527139,0.0424169890866996,0.0448690984287639,0.0465762706959798,0.0489106842665935,0.0499411198163598,0.0514853904863402,0.0523178223610941,0.0535155855598067,0.054203623506445,0.0540141961309639,3.77,73.5073,2.1017325092305805,7.97,7.13,109.7926,5.80047619047619,5.0159090909,5.2037,5.15,-0.4248418267688186
2001-07,0.0362713304073194,0.0357261576445767,0.0361287250282092,0.0378231321246286,0.0392390673584718,0.0402142431492451,0.0412629148272852,0.0414981412312515,0.0436514560019715,0.0453816578266975,0.0479944193690204,0.0496718467647094,0.0507392794759125,0.0519737766858046,0.0531336907888835,0.0536872842434142,0.0537394330898915,3.65,73.0372,2.0964644142072557,7.85,7.02,108.9504,5.53090909090909,4.8239130435,4.9854,4.95,-0.5428498498789832
2001-08,0.0350036491166627,0.0342834243815359,0.0345704063182527,0.0350366637206644,0.0357479792837301,0.0366193481043904,0.0376830515294897,0.0379922973450029,0.0403621897137638,0.042478637608022,0.0452763148498581,0.0467749711248628,0.0479364735179026,0.0491711367043021,0.0503887395951895,0.0509503140646729,0.0514977230709587,3.07,72.5829,1.3130959435436296,8.03,7.17,108.7682,5.30263157894737,4.813,4.9876,4.94,-0.5768955033441494
2001-09,0.0342635332228675,0.0338213249628176,0.0340645700227353,0.0343144788493179,0.0350616412029817,0.0363551014564013,0.0369546367998006,0.0375925869748334,0.0397893587369103,0.0419809825189049,0.0446898893758605,0.0461908417508713,0.047677029393302,0.0488254670822744,0.0500183401979938,0.050618624916863,0.0497012755993754,2.49,72.1596,1.531881699460702,7.91,7.03,107.9511,5.23272727272727,4.5995652174,4.8253,4.72,-0.6666097831588044
2001-10,0.0234429215949923,0.0236092000424321,0.0241493355426786,0.0246841486898791,0.0252143209382651,0.0263096107568019,0.0272795532405654,0.0279517829728098,0.030442698834401,0.0337445885611808,0.037284424840426,0.0400049312240565,0.0419327675763081,0.0436315650566968,0.045498373771509,0.0464443723636698,0.0462212814231625,2.09,71.7544,1.321568153430852,7.81,6.97,106.7608,5.17714285714286,4.4477272727,4.6271,4.57,-0.7403927582252879
2001-11,0.0206055361571247,0.0196944112551701,0.0201727286648303,0.0207836412894743,0.0214688681979578,0.0229423138678248,0.0242290646605678,0.0248632044198483,0.0279575394899466,0.0304425576756065,0.0341763124567883,0.0372045882823431,0.0390987629530533,0.0406105028569117,0.0425067187841391,0.0430546607853628,0.0434736597807981,1.82,71.7863,1.0620750693969505,8.05,6.77,108.2331,5.40842105263158,4.7358823529,4.8928,4.87,-0.594531004762009
2001-12,0.0177005445166728,0.0179706834820212,0.0190785800260963,0.0201971520977111,0.0219279250778831,0.0241398243676484,0.0263695071847011,0.0277863202418418,0.0312379943661242,0.0343172876712136,0.0383988975737983,0.0403320634593205,0.0435481824581795,0.045398192301663,0.0472730959044115,0.0476335008362845,0.048267944817717,1.73,72.1618,0.6659371163187933,7.87,6.55,109.5936,5.34363636363636,4.8627272727,4.9171,4.93,-0.5727855986792368
2002-01,0.0172931766375661,0.0183316190958157,0.0202269614366381,0.0220836540877141,0.0242408042315158,0.0270633695914709,0.0296589362306689,0.0320400529517558,0.0366055565286235,0.0395317345300914,0.0437330758125923,0.0457702316558425,0.0484191956837288,0.0502491482999823,0.0522739474303857,0.0522572821869383,0.0529591235056656,1.74,72.088,0.679565078349853,7.89,6.51,111.6905,5.321,4.9195,4.9251,4.99,-0.5586283587134939
2002-02,0.0174683133009804,0.0185790921064478,0.0205783107429401,0.0225118329017968,0.0242329130713906,0.0261020703156974,0.0284350132612107,0.0306938334760993,0.0345482216552024,0.037232097381038,0.041720737421877,0.0444256108753078,0.0465230377420358,0.0482716919573017,0.0501012590456767,0.0502377814705213,0.0512539747319707,1.73,72.5091,0.9433082406235416,8.11,6.81,112.5178,5.667,5.161,5.2202,5.24,-0.4069662543230101
2002-03,0.0178456870391732,0.019008415408887,0.0210510380840113,0.0230514085330146,0.0252103671585761,0.0275271584417088,0.029717046052023,0.031768480767889,0.0350907339093085,0.0375225906197035,0.0420611994902647,0.0447130144841704,0.0467015323264835,0.0486353259969845,0.0505305697620192,0.0506067220487639,0.0502857246814295,1.75,72.6845,1.1877053213986466,8.03,6.76,110.7234,5.65863636363636,5.1552380952,5.2331,5.24,-0.4075075508786728
2002-04,0.0179360942789366,0.0212640390006792,0.0240451583465901,0.0267383157571687,0.0298519103636006,0.0322522451479956,0.0350714222655157,0.0370433959406872,0.0408106756220072,0.0431190247944957,0.047375826810723,0.0502139296572049,0.0517316164632317,0.0531269328841491,0.0548160023297253,0.0549220338726142,0.0547566588760146,1.75,73.0064,0.9882602639782244,8.09,6.75,111.0546,5.59590909090909,5.1677272727,5.2689,5.26,-0.4074441257638797
2002-05,0.0176623421577792,0.0188191070513148,0.0206801178595529,0.0225348518662771,0.0250016960550395,0.0272823109420467,0.0299058286910511,0.0318842430433862,0.0354298692436099,0.0380622150763505,0.04238352025477,0.045525488932879,0.0474642378903527,0.0490789482828931,0.0506832932838898,0.0511291354277561,0.0515250618137009,1.75,73.7004,0.9362006409068035,7.95,6.63,106.014,5.424,5.0175,5.099,5.11,-0.4935489792424848
2002-06,0.0173539136861456,0.0188696455307291,0.0206375042814959,0.0223577332974625,0.0246108112805611,0.02717043003183,0.0292480035391835,0.0312747685941675,0.0342149858751939,0.0366778925718939,0.0405495781231286,0.0436085339561993,0.0459259573812828,0.0479549492623769,0.0496484942323836,0.0503982189857575,0.0513686705857706,1.73,73.6162,1.1921635118487872,7.9,6.53,105.6487,5.29045454545455,4.8673913043,5.0027,4.96,-0.5655400194162877
2002-07,0.0170423090765523,0.0175781377202225,0.0185869723671933,0.0195949748223467,0.0212413821977596,0.0236765047543573,0.0263969693667022,0.0282844692506503,0.0311406818070726,0.0341406042045534,0.0382497316311408,0.0410778168571296,0.043478680533607,0.0457754200491442,0.047424361430466,0.0483357339348469,0.0494385620159938,1.74,73.6831,1.402946319749887,7.58,6.37,103.4799,5.12047619047619,4.5895454545,4.746,4.67,-0.6990468228893952
2002-08,0.0166393011517582,0.0164531010416104,0.0165001817719312,0.0165472625022519,0.0163708331674192,0.0184229138913403,0.0195123885124236,0.0211754445521018,0.0240984371434869,0.0271081490723628,0.0319258244291992,0.035381759267155,0.0382470771436911,0.0413512942529727,0.0433651697015903,0.0446491992816775,0.0462555328105955,1.75,73.7166,1.9328166748640685,7.4,6.15,104.0711,4.8855,4.3852380952,4.5006,4.46,-0.818735389031717
2002-09,0.0160283889828157,0.0158904599025783,0.015977341876766,0.0160650683633684,0.0163539312273764,0.0175390765521479,0.0185022934763648,0.0197324130610675,0.0214564033057562,0.0233348778654703,0.0276316961149146,0.0308922222091374,0.0340197572409076,0.0376275691700811,0.0388569480022841,0.0401666196227302,0.0407533599807991,1.75,73.5323,1.7604514385630263,7.73,6.32,103.5513,5.12727272727273,4.4639130435,4.616,4.55,-0.7482858137276632
2002-10,0.0157315719497268,0.0152618903188437,0.0153174628946599,0.0153581500218577,0.0156271219375527,0.0165270161092353,0.0172459751206064,0.017773260416932,0.0196756830702124,0.0217565631842197,0.025537049449258,0.0283473774658014,0.031536954770595,0.0346941407134242,0.0363460885197765,0.0377700844907784,0.0385375638868718,1.34,73.9162,1.9299850214074652,7.62,6.31,104.101,5.0895,4.4776190476,4.6378,4.53,-0.7509765840744304
2002-11,0.014219898707843,0.014158596270849,0.0143949390307082,0.0146236481473703,0.0151631305876897,0.0161810148729036,0.0170704836077726,0.0176797870835759,0.0203535652187056,0.022462747589731,0.0266151950380452,0.0299612097061734,0.0332964890743159,0.0370645069603922,0.0390800414832033,0.0406045337350002,0.0419148303876644,1.24,73.4884,2.13367302257077,7.45,6.21,101.8315,4.9675,4.3355555556,4.5644,4.38,-0.8173244536819836
2002-12,0.0122580754232469,0.0130882843314919,0.0142101011550354,0.0153435162886322,0.0165250834803622,0.0180800184654856,0.0195560757439076,0.0207331744813552,0.0235976538985589,0.0261833943148544,0.0305918611813696,0.0335189913771324,0.0368653053477803,0.0400736973178137,0.0417092909908579,0.042893471477146,0.0432058740565638,1.24,74.1095,2.34651535840702,7.35,6.17,102.6079,4.96181818181818,4.18,4.3899,4.22,-0.883192711384187
2003-01,0.0120917997261093,0.0124254960823878,0.0130565882188127,0.0136336199323577,0.0142364182702484,0.0152456715032737,0.0163603793393611,0.017756755490022,0.0201950006009735,0.022404963749395,0.0270746201966975,0.0305337490542453,0.0336699355753552,0.0372757695320477,0.0390040491447992,0.0407101091921879,0.0417549372332553,1.26,74.0295,2.6046216151830226,7.06,5.95,97.451,5.012,3.955,4.2131,4.01,-0.9588611488334
2003-02,0.011919622707173,0.0122459346835334,0.0125943811546238,0.0129338525920882,0.0138294998447623,0.0148555386748054,0.0159064846185617,0.0172650616308115,0.020006125040845,0.0225585775602296,0.0274484885235394,0.0309441619136563,0.0341164405155536,0.0373764904997866,0.0388841389416558,0.040423161869006,0.0415929772184419,1.25,74.1193,2.589654580732015,6.95,5.89,97.2223,4.99714285714286,4.0004761905,4.3243,4.1,-0.9295765411705234
2003-03,0.0118844167894446,0.0119146489660484,0.0120929034770811,0.0122843311518554,0.0125610270872844,0.0132118805331204,0.0139774542712929,0.0149862214115957,0.0171019199565258,0.0191846608648087,0.0235170271142938,0.0270344056244266,0.0302120362569099,0.0334712255223935,0.0353261381390353,0.0372166095352564,0.0379357369902353,1.26,73.6009,1.988696109358568,6.85,5.74,96.6968,5.05190476190476,4.147,4.4663,4.22,-0.867037664089132
2003-04,0.011062925756458,0.0109621226631309,0.0112318312812676,0.0115059351045251,0.0121537711227765,0.0128297355707417,0.013783097956569,0.0147898896988491,0.0170555120989009,0.0197264609160751,0.024542499690085,0.0283398022054996,0.0314507658157786,0.0349180406990641,0.0368843078695762,0.0387006958331267,0.0395425929430986,1.26,73.6471,1.80480756600554,6.38,5.22,97.759,4.67190476190476,3.8152380952,4.2197,3.89,-1.0416717078795716
2003-05,0.010943694645596,0.0111361030303681,0.0112659093580177,0.0114586491821362,0.0118988520462073,0.0126270609978607,0.0137458218771793,0.0147078640891413,0.0170662468119603,0.0195798125564187,0.0246463088393207,0.0287678148769452,0.0316286179671574,0.0349601932443101,0.0370070512604698,0.0387915112714747,0.040049047891647,1.22,73.9947,1.788127254837657,6.19,4.97,91.0644,4.28809523809524,3.6166666667,4.1127,3.69,-1.1630979121405836
2003-06,0.0110193061514834,0.0109866066463466,0.011145557411219,0.0113083491746439,0.011483633448173,0.0118829449835711,0.0122480715053625,0.0130666588429556,0.0143238146597178,0.0161499748782507,0.0201562558826814,0.0238090777017582,0.026998788755097,0.0304223375128357,0.0325883137693096,0.0342808441417755,0.0352880059546433,1.01,74.2472,1.8627361145654664,6.62,5.49,92.1028,4.68318181818182,3.9726086957,4.4078,4.01,-0.977809830128033
2003-07,0.0086491690465402,0.0093642097116155,0.0098810904349595,0.0103940267946192,0.0108679323446266,0.0113949785077606,0.012125334718301,0.0129725364679264,0.0148029923329392,0.0172839375869523,0.0213772721619346,0.0252253663124349,0.0283878109757303,0.0318142548003627,0.0340614803173174,0.0357049310540445,0.0369290649086243,1.03,73.9161,2.0067151797029004,7.01,5.88,92.9376,4.902,4.13,4.604,4.16,-0.8809404024079002
2003-08,0.0092020689630928,0.010195332297634,0.0110813989974114,0.0119553872244481,0.0134702735624265,0.0151288759661896,0.0164592752939389,0.0177121496497046,0.0208627601917711,0.0243003815309185,0.0293646058091896,0.0336406473399834,0.0374428053693121,0.0410685700509761,0.0433772236116525,0.0449576358222606,0.0455370281983066,1.01,74.5478,2.141338793182146,6.79,5.72,94.5826,4.75714285714286,4.1713636364,4.7132,4.23,-0.8727729265306585
2003-09,0.0097598290617155,0.0106005510257209,0.0118661123447168,0.0131202991128377,0.0151182619652212,0.0167486731075621,0.0184312683688596,0.0204355462021974,0.0233966631610224,0.026554267522428,0.0322649674548985,0.0366051565299992,0.0401568071885714,0.0429754542271369,0.0451057388599238,0.046420729394998,0.0472860766908327,1.01,74.647,1.9682118170812668,6.73,5.7,93.7534,4.81545454545455,4.2213043478,4.9071,4.28,-0.8274957469925993
2003-10,0.0093539383694131,0.009911271150933,0.0101846997000997,0.0104547374066031,0.0112024678777745,0.0118819518927857,0.013036559786429,0.0145217802486693,0.0168343807469939,0.0195954400701707,0.0243754309632595,0.0287167976434746,0.0322568685752994,0.0352497633546189,0.037757999202917,0.0393872125079564,0.0411307799951574,1.0,75.3087,1.996176703902619,6.66,5.65,88.4867,4.85684210526316,4.353,5.065,4.41,-0.7661292744883911
2003-11,0.0094978652994985,0.0104430068443957,0.0117443557586463,0.0130445663708856,0.0138804575238495,0.0155963913945454,0.0172989775500488,0.0187601671777612,0.0215337296095115,0.0244322202456529,0.0292504633581535,0.033619538638852,0.0372010852462139,0.0398200239650812,0.0421109176180331,0.0434909808439588,0.0453386680645424,0.98,75.2623,2.122877447350291,6.6,5.62,89.0617,4.72904761904762,4.2910526316,4.896,4.34,-0.8222726647575384
2003-12,0.0092259100579591,0.0104845561989288,0.0126461035473807,0.0147912673845495,0.016180469132477,0.0177164303350525,0.0191420056143193,0.0209165332721965,0.0236720432144369,0.0262373427950586,0.0306974170070532,0.0346285721368463,0.0380485874640532,0.0405483108422549,0.0426350088410011,0.0437452032672733,0.0451055369437098,1.0,75.2136,2.212406575044379,6.44,5.54,84.8883,4.58619047619048,4.170952381,4.7875,4.2,-0.8909382815722261
2004-01,0.0091226189450446,0.0101680222162639,0.0114515670177108,0.0126481597424288,0.0142980062471473,0.0157547843915053,0.0174502608141144,0.0193125067254984,0.0224833887394311,0.0248973195293665,0.0295771257828742,0.0337819558720193,0.0372522522975478,0.0400555138700763,0.0422939152925992,0.0435038521807007,0.0453658205740256,1.01,75.8069,2.000619147124838,6.27,5.5,84.2166,4.4515,4.11,4.8056,4.14,-0.9242569672207468
2004-02,0.0092238609593651,0.0100851745492161,0.0112382273136582,0.0123329353820471,0.0135730498204931,0.0149928371431622,0.0163739102211129,0.0180776953258893,0.0210230115436688,0.0236621134775488,0.0279676636106448,0.0319078716748181,0.0355732580016687,0.0379144505245802,0.040142290022977,0.0413618389719179,0.0432761733594288,1.0,75.8094,1.8964297201672584,6.11,5.33,85.6484,4.2604347826087,3.9134782609,4.7088,3.98,-1.012950098360707
2004-03,0.0094408672055542,0.0099659118133832,0.0108092172903415,0.0115681620476628,0.0120960874546507,0.01341884397424,0.0150464572499551,0.0165253000532955,0.0190287965231844,0.0214874587910803,0.0259638191299142,0.0298622905397507,0.0331967765374396,0.035765889181304,0.0381876377904753,0.0393593843006501,0.0410577840385944,1.0,76.0725,2.259224414573469,6.46,5.73,87.1762,4.61285714285714,4.097,4.957,4.18,-0.8813577777863856
2004-04,0.0093173802965375,0.0100532959237803,0.0109570206979924,0.0118277715922494,0.0125490868638057,0.0137161627249616,0.0151639128436309,0.0162803375950012,0.0185715163610068,0.020687521897433,0.0250445947034553,0.0287055450548402,0.032218428986764,0.0348040304978002,0.0370907684570686,0.0383889965133829,0.0403849811568546,1.0,76.628,2.709537572254317,6.75,6.04,88.8297,4.773,4.2533333333,5.1118,4.34,-0.7965088760555734
2004-05,0.0098420183713846,0.0117169327651496,0.0140801941763228,0.0163905782690314,0.0178473567385649,0.0194968914385359,0.0217135223654626,0.0231980431161897,0.0263769650859902,0.0289148924862249,0.0332188801233394,0.0365182727397664,0.0397853438931897,0.0419896194917008,0.0439894563891829,0.0445131922077658,0.0466023138624749,1.03,76.1259,2.890910965613247,6.78,6.01,88.3965,4.93272727272727,4.3127272727,5.2,4.39,-0.7484347354461268
2004-06,0.0113252401745808,0.0141452277784094,0.0162783587550115,0.0183842934182906,0.0205459548153216,0.0223701655310831,0.0245236501035638,0.0259108013184601,0.0288264886956314,0.0314478266075114,0.0355640010556001,0.0388209532136627,0.0418755746654001,0.0439525996610924,0.0458117877504723,0.0466423873410086,0.0482396080230535,1.26,76.8104,2.684537884239746,6.62,5.82,87.1165,4.75,4.2368181818,5.1083,4.27,-0.8110076146589801
2004-07,0.0122394590762479,0.0163151145289342,0.0182432898629968,0.0198628526621903,0.0213651869476956,0.0234116345992997,0.0249836046515437,0.0263957782293177,0.0290154058406384,0.0312103469532678,0.0346522699669906,0.0377549748791361,0.0404843626985935,0.0426982968824182,0.0444655579561273,0.0455717897865464,0.0471244105304511,1.43,77.1402,2.391167919671111,6.46,5.65,85.5677,4.63095238095238,4.0804545455,5.0071,4.11,-0.8837898846365652
2004-08,0.0147074585662866,0.017534740790639,0.0190605835088263,0.0205548444867768,0.0218769902748085,0.0235481864115559,0.0252207875543464,0.026489236943522,0.0288190321648762,0.0309055483317355,0.034128512750182,0.0371645688463191,0.0396119138569905,0.0416065748352883,0.0433052520616722,0.0446554810819435,0.0462041242006192,1.61,77.1344,2.273916984793756,6.27,5.46,87.0051,4.60238095238095,4.0163636364,4.9109,4.09,-0.9120479154411132
2004-09,0.0157082353165077,0.0176969422062781,0.0185961665359602,0.0194893046013573,0.0204908378764335,0.0213729298792691,0.022949536914334,0.0238722810454426,0.0254046791781906,0.0272724733594815,0.0305603932016526,0.0335090882889986,0.0362100158929969,0.0382551480150644,0.0398421732327378,0.0414007845769968,0.0422661086530104,1.76,77.7669,2.700011489410592,6.21,5.47,85.8584,4.55,3.8947619048,4.7683,3.98,-0.969093589141566
2004-10,0.016954080005672,0.019859568305725,0.0207841884265197,0.0215753911504869,0.023052717910981,0.0239337039844806,0.0251096376596698,0.0262029829490963,0.0279018005016992,0.0291112394071773,0.0320486071999983,0.034513471629692,0.0371203122359165,0.0390458182053861,0.0404273360319534,0.0420470905099019,0.0432232157757775,1.93,77.7031,2.9656262749897966,6.2,5.52,82.6529,4.48476190476191,3.7804545455,4.6903,3.86,-1.0201456265730315
2004-11,0.019433880183272,0.0217099341674274,0.0222915296388848,0.0228156313297875,0.0232236434078258,0.02407201795958,0.0249480699658247,0.0258398092021845,0.0272997078123487,0.0284038518849119,0.031196903963542,0.03355270392032,0.0360869133510002,0.0380572720204943,0.039399544347157,0.0409065058295139,0.0424062339252003,2.16,78.2322,2.7937154125055708,6.15,5.47,79.5853,4.32047619047619,3.5795238095,4.5316,3.64,-1.1203536247108192
2004-12,0.0220572407825869,0.0238017139988426,0.0251087325425799,0.0263904872645463,0.02759691579375,0.0285453026578198,0.0292072812023004,0.0299196364540199,0.0313806666253542,0.03255675696594,0.0350063861065968,0.0371929400160977,0.0392778504692311,0.0409950560667475,0.0421887277865716,0.0437026050250696,0.044443619289978,2.28,78.6268,2.53203056685547,6.02,5.36,80.4283,4.2605,3.5647619048,4.5419,3.58,-1.1368153426173355
2005-01,0.0227605737736635,0.025918661684966,0.0268745017318578,0.027728325781968,0.028532109554678,0.0297313457196022,0.0302280324633743,0.0306600030382075,0.0317349242550694,0.0325152455857796,0.0346396432343868,0.0363221453315306,0.0382909894584776,0.0397339016563798,0.0406938372585303,0.0420904610058471,0.043453251864486,2.5,79.1803,2.598732880610055,5.82,5.2,81.5378,4.205,3.544,4.5884,3.6,-1.13989673213404
2005-02,0.0249588305242577,0.0275266034600247,0.0284990324829618,0.0294797470713688,0.0305954365832291,0.0313476346339679,0.0320155155734912,0.0326537751627416,0.0334233719037316,0.0341737935899469,0.0355981640866736,0.0370746768546556,0.0382584091849981,0.0394490403402641,0.0403659735009149,0.0413481567597821,0.0427134450219661,2.63,78.6751,2.747509438250484,6.06,5.4,82.1353,4.35818181818182,3.6961904762,4.796,3.75,-1.0515236878286147
2005-03,0.0273753633521093,0.0297454117295249,0.0309670732731095,0.0321543900350885,0.0333991930039523,0.0341081802300973,0.0348979637561115,0.0355416516723122,0.0364299424084377,0.0372656406428116,0.0386393469260638,0.0400212301959243,0.0409820349783645,0.0418555192936492,0.0426544550805601,0.0436198938181183,0.0444221554647599,2.79,78.8731,2.844503818718014,6.05,5.33,81.605,4.19380952380952,3.4823809524,4.6218,3.54,-1.154526202425929
2005-04,0.0278487967936167,0.031052390944006,0.032563761617105,0.0339097701174026,0.0350823296241716,0.0357558575919057,0.0364818922859927,0.0370203090214335,0.0378084700321529,0.0387377968690276,0.039985563160498,0.0410820297001422,0.0420165405249201,0.0427451936377598,0.0433470914673426,0.0445289741082819,0.0453271446431857,3.0,78.9331,2.568966383598825,6.01,5.15,82.3739,4.07380952380952,3.3040909091,4.4173,3.38,-1.2433999141906589
2005-05,0.0289817009653614,0.0314949703899304,0.0325259228455964,0.0335272337137357,0.0343944551937354,0.0349312667008455,0.035588910987614,0.0360414091953269,0.0362946751085937,0.0368626224677847,0.0376958867280634,0.0386017162584132,0.0393249944783534,0.0398118692655153,0.0399948896970346,0.041769343513989,0.0427218881437129,3.04,78.9349,2.3411957760769653,5.86,4.96,84.9582,3.82818181818182,3.1263636364,4.2847,3.2,-1.343167023345585
2005-06,0.0296037758099886,0.0309419737520797,0.0319417099926093,0.0329062959888077,0.0335005796885096,0.0340926407902387,0.0343831983512359,0.0345552496034725,0.0345562698733302,0.034977707760602,0.035458344170219,0.0360738726482622,0.036507279821475,0.0364104611956756,0.0372946475625876,0.0388019595006824,0.0391699542926458,3.26,78.4897,2.679431825292533,5.95,5.06,85.9512,3.8995,3.2057142857,4.3011,3.27,-1.310241480181252
2005-07,0.0314741701300434,0.0334556379736507,0.0349573818962032,0.0362705767471783,0.0362427221137368,0.0366678367527849,0.0370968241199521,0.0371095704796298,0.0371457215686422,0.0374427038202117,0.0377220612121714,0.038013096277189,0.0386789846894765,0.0387620527738827,0.0393155138101711,0.0402247402467399,0.0407555522793031,3.5,78.7308,3.0408025417156592,5.96,5.09,85.7985,3.92045454545455,3.2326086957,4.3249,3.3,-1.2965991255970049
2005-08,0.034291416779822,0.0367750248398735,0.0378397869591955,0.0388384673499058,0.0392183482611422,0.0395875567290418,0.039924814677042,0.0399600716917938,0.040090311687808,0.0404389745004139,0.041145649095527,0.041279852248442,0.0415067309634426,0.041419798498093,0.0422468447781011,0.0428530151332834,0.0436094992167738,3.62,77.6962,3.830020972735437,6.03,5.13,83.6758,3.86857142857143,3.0677272727,4.2109,3.13,-1.364254733881324
2005-09,0.0341429101530541,0.0359419705556508,0.0362129987123602,0.0363909757044294,0.0366869242692757,0.0369079594911665,0.0369379937118374,0.036911843242507,0.0370807485604759,0.0372614577230618,0.0376793289858009,0.0380277559814152,0.0384656793704427,0.0385675895318111,0.039547105914799,0.0401482663476814,0.0408942329462528,3.78,78.6389,3.551362370723954,6.3,5.35,82.9177,4.047,3.2385714286,4.3482,3.29,-1.2766270282929004
2005-10,0.0357558637628737,0.0395829509528011,0.0405659726960997,0.0413897876242611,0.0415218005332347,0.0417340787863106,0.0418774160071367,0.0416649879799269,0.0417298361277922,0.0418516680257203,0.0420808338096534,0.0420291560590126,0.042568359957551,0.04289481698419,0.0433542057478636,0.043699357783007,0.0443838159553348,4.0,79.1894,2.938408578716656,6.39,5.42,84.999,4.10714285714286,3.4481818182,4.3129,3.5,-1.2137456856342974
2005-11,0.0391831056182352,0.0420586678286935,0.042758329918984,0.0433824688077714,0.0435819125013399,0.0438374294066071,0.0436079112469491,0.043620608040798,0.0437504294448565,0.0439850742402188,0.0442149862239435,0.0441453721910617,0.0445892957920323,0.0447513119959063,0.0452777912018198,0.0455632791018916,0.0463448635926482,4.16,79.1365,2.8836276778752667,6.32,5.37,86.7609,4.041,3.3376190476,4.2186,3.38,-1.2662660235600711
2005-12,0.039576845500419,0.0427898197358342,0.0435186229632183,0.0439801417765321,0.04418938306701,0.0437607487432103,0.0438022743804229,0.0438276586093745,0.043705856498106,0.0437610066441692,0.0440042367268621,0.0439707358764621,0.0443706608114485,0.0446298171164248,0.0450412711173061,0.0452403477266397,0.0456099969539959,4.29,79.5941,3.246937842213904,6.24,5.29,84.7276,4.02904761904762,3.3213636364,4.0752,3.34,-1.292453623544882
2006-01,0.0412290478631056,0.0434063158481162,0.043509854333474,0.0435286856355983,0.0434137772396648,0.0431174927216585,0.042986458244447,0.0428456340696916,0.0426617803679097,0.0426626009622649,0.0425964233790431,0.0425044535974317,0.0426722511033708,0.042876580307575,0.0431983492359054,0.0435301450475124,0.0440622623543777,4.49,79.2317,3.0222353695212645,6.27,5.35,84.1424,4.17,3.4725,4.1543,3.51,-1.21898929611518
2006-02,0.0444621177304623,0.0455514576036952,0.0457091233105973,0.0458552045038457,0.0458231135408464,0.0456489943982797,0.0453970288110024,0.0453048205465553,0.0448236094609884,0.0449900391046641,0.0450910933926863,0.0446340735883109,0.0451034165461964,0.0452134783274194,0.0453834513059682,0.0453878188387986,0.0458453647792145,4.59,79.0731,2.9136712749615823,6.41,5.53,85.1312,4.1995652173913,3.6373913043,4.3177,3.69,-1.1472988400719903
2006-03,0.0457960417213994,0.0469012566003856,0.046918943051471,0.0469243954628909,0.0469044504106075,0.046625526975393,0.0465847160472182,0.0464123101402734,0.0461280895771675,0.0462053134212574,0.046131269702474,0.045707491991334,0.0458699316445374,0.0458572417549107,0.0459791735993844,0.0459634922823437,0.0457978582543582,4.79,79.2153,3.102827101944805,6.68,5.84,85.7696,4.41578947368421,3.895,4.5177,3.95,-1.0210637189634426
2006-04,0.0462267154888317,0.0478385837941971,0.0481487308187232,0.048450414327234,0.0485696416222291,0.0481804492506858,0.048114448391014,0.0478763141105566,0.0477671778000244,0.0477924510303785,0.0478755080577889,0.0477352815544978,0.0480375619644081,0.0481234163233804,0.0484083546164606,0.0484928939590725,0.0488363534244489,4.94,78.8787,3.321534862643749,6.75,5.95,83.234,4.39954545454545,3.9627272727,4.6488,4.0,-0.9906576844647228
2006-05,0.0477116659596022,0.0491969576515763,0.0493106891452919,0.0493106812632425,0.049413883333957,0.0490204129843577,0.0491103891178354,0.0488533210320856,0.0489297724888851,0.0489708294595905,0.0492872742383386,0.0495133681977635,0.0498146944721145,0.050212849282838,0.0506318138712293,0.0508407681053015,0.0516725517683117,4.99,78.9462,3.511627906976744,6.78,5.89,80.3988,4.44136363636364,3.9604545455,4.6645,4.01,-0.98222634836929
2006-06,0.047985698852811,0.0499430372122875,0.0502441317544734,0.0503658350587793,0.0499464792842905,0.0498567245438409,0.0498072896412702,0.0495756792097337,0.0495100184198866,0.0494254127928294,0.0494619207233016,0.0496022645939183,0.0497655947368163,0.0501294792219936,0.0504307721668056,0.0506586226029976,0.0509840483031993,5.24,78.5463,3.4273456353752785,6.76,5.85,82.3801,4.444,4.01,4.656,4.03,-0.9724558991319132
2006-07,0.0502874626508062,0.0522497577442613,0.052190160891007,0.0520468877303548,0.0518827594864758,0.0514411615970389,0.0512920612465869,0.050929202045631,0.0507170265099936,0.0506860118312011,0.0503286629079402,0.0503738063736247,0.0504656181602358,0.0505981917935068,0.0508186968725747,0.0509689362955976,0.0513176621642359,5.25,78.9594,3.335882588586636,6.59,5.68,81.3038,4.25272727272727,3.8839130435,4.6535,3.9,-1.0348622101484688
2006-08,0.0507933226782582,0.0510407082179677,0.0507424829764563,0.050403563047579,0.0498695709851426,0.0494719782236841,0.0492966532701649,0.0488047234689776,0.0485763740127888,0.0484081321912681,0.0481005984594724,0.0482697481121984,0.0483552442963437,0.0486896052418526,0.0489239337734232,0.0492032211752139,0.0496666896508126,5.25,78.8808,2.0800269321406217,6.43,5.51,81.3794,4.06857142857143,3.7538095238,4.5522,3.77,-1.1087924180034898
2006-09,0.0499506481078133,0.0504748055618928,0.0498115875241708,0.0491717313281343,0.0485340434038081,0.0480312115050344,0.0474486437587887,0.0470120460872562,0.0464017949955545,0.0462098708020994,0.0461421147784777,0.0462491672294701,0.0462345246880124,0.0466086834443064,0.0468003557860013,0.0469439875078242,0.0468830917478154,5.25,78.3488,1.67697016985775,6.42,5.51,81.8035,4.10666666666667,3.7877272727,4.6155,3.81,-1.085739130833772
2006-10,0.0485880789115002,0.0495274596620278,0.0489240411995302,0.0482600373207763,0.0475012138058539,0.0468476957194162,0.0462601931720951,0.0457884554333311,0.0452233680864871,0.0450252210107355,0.0448646879277834,0.0449012970044873,0.0449090775850081,0.0452711540467485,0.0454014983771187,0.0456807898641572,0.0459473795886776,5.25,78.2681,1.9246731063020883,6.2,5.33,81.7348,3.99952380952381,3.7140909091,4.5452,3.74,-1.129116751215466
2006-11,0.0503141650321602,0.0503470797335621,0.0492179580496555,0.0480870573342774,0.0474130647043433,0.0467632526223377,0.0462669080988246,0.0458007247883432,0.0452150819695052,0.0449295772192516,0.0446208061160332,0.0446630169831693,0.0445437026883732,0.0448504010902309,0.0450191210248549,0.0452104884819293,0.0455979135380876,5.24,79.227,2.2867522344251823,6.22,5.32,81.873,3.96631578947368,3.7705263158,4.6195,3.81,-1.1073414551074126
2006-12,0.0499233782036349,0.0499026044923794,0.0486453406156352,0.04737471386973,0.0461973622191149,0.0454269534111505,0.0449292740632602,0.0446009746748584,0.0438495676244283,0.043508707066903,0.0432431395689449,0.0433373734778822,0.043111569049274,0.0435527222283564,0.0437544509782222,0.0439758584482132,0.0442166071595622,5.25,78.781,2.133263102449301,6.34,5.4,80.195,4.12181818181818,4.0168181818,4.8694,4.07,-0.985308338348722
2007-01,0.0502458346656685,0.0502918548272175,0.0498566881765398,0.0493581556743099,0.0487866239625572,0.0482741247050967,0.0475805110126184,0.0472420074375454,0.0466206471636778,0.0463883881851729,0.0461468638322379,0.0461812253394242,0.0459715679310965,0.0462937464862962,0.0462688951293881,0.0463903196208358,0.0466458028077169,5.26,78.8347,2.389213246554367,6.28,5.39,,4.1175,4.049,4.896,4.1,-0.973939643380821
2007-02,0.0509554258732488,0.0509719192924892,0.0506464300957028,0.0502209226855735,0.0497989703523553,0.0495982640390571,0.0491411401639117,0.0489052954731446,0.0485171607433614,0.0480572314603216,0.0476212097457996,0.0477342069644556,0.0475555848912368,0.0478535083178072,0.0478502709636379,0.0478785048534645,0.0481933892984608,5.26,79.285,2.564898622023759,6.27,5.3,82.6587,4.04590909090909,3.9409090909,4.8194,4.0,-1.0223322575342206
2007-03,0.0509462423454635,0.0503336059229135,0.0492375638518265,0.048137020418588,0.0469720222810175,0.0464826937526876,0.0458920968133778,0.0454992939474078,0.0451354528855327,0.0446643685076524,0.0443998221130731,0.044379794861677,0.0442888419451642,0.0448464172563999,0.0451222842498771,0.0452536950276085,0.0451771387274753,5.25,79.5845,2.3307779164438047,6.39,5.47,81.7538,4.1715,4.1521052632,5.0439,4.21,-0.9190513326863584
2007-04,0.0500655334205411,0.0499955245852379,0.0492216667639488,0.0483825063216147,0.0475056387615064,0.0466401125830686,0.0459618302469015,0.0452177434368478,0.0450139718768748,0.0447364167800313,0.0447563199241647,0.0447446082483216,0.0448233232253886,0.0454857267707634,0.0459019408225616,0.0461680262691542,0.0465020965014209,5.25,79.3763,2.352983013477794,6.39,5.47,79.4445,4.29272727272727,4.279047619,5.1458,4.34,-0.8542080584508531
2007-05,0.0484149126078859,0.0493250825101841,0.0490935690804895,0.048768324736062,0.0477925134259598,0.0471424301822128,0.0464049107481869,0.0456836152693186,0.045163609691345,0.0447741261233534,0.0447318746168608,0.0447720915573785,0.0447122002746787,0.0453089655684298,0.0456818638199558,0.0459963010893936,0.0465556206697509,5.25,79.4851,2.3176341212501006,6.7,5.79,79.4512,4.61285714285714,4.5604761905,5.4321,4.62,-0.6971193263313811
2007-06,0.0475741544684385,0.0491430735308666,0.0496777338632367,0.0500561482278262,0.0499476548129899,0.0495268374235416,0.0493914175773048,0.0490338247117069,0.0487105651142695,0.048509684360589,0.0485893056114762,0.0485563024598369,0.0484103209617552,0.0488732186642158,0.04907266862585,0.0491894691258957,0.0494163392519127,5.26,79.2955,2.1247260128685497,6.65,5.73,79.1189,4.59,4.505,5.4084,4.58,-0.7168457279020649
2007-07,0.0486597493129971,0.049265689780369,0.0492979921882876,0.0491781433297308,0.0486229886927984,0.0483461179791562,0.0481804529508219,0.0477808972022619,0.0478066024354929,0.0476922037517562,0.0480597442469114,0.0482926132976329,0.0480912499518906,0.0488241455474393,0.0494058834318289,0.0496687692689917,0.0501847844694234,5.02,78.8946,1.873715124816444,6.65,5.79,78.102,4.42863636363636,4.2965217391,5.1499,4.39,-0.8263231793753324
2007-08,0.0484249181004142,0.0488701158172039,0.0483661313775433,0.0478379023440998,0.0469208662821813,0.0462701478698898,0.0458968487302081,0.0453893287297455,0.045316771411192,0.0451563084628526,0.0457044576890324,0.0458481500640529,0.0461008511718857,0.0469383480271173,0.0475242161151559,0.0477949333736398,0.0486026835085436,4.94,78.9517,2.534687050952855,6.59,5.74,78.0747,4.35631578947368,4.226,4.9928,4.36,-0.8701163351370299
2007-09,0.0441843974663653,0.0446305558957545,0.0435523304989581,0.0423503961783746,0.0413846356772426,0.0417563764090241,0.041245191519645,0.0408466503388764,0.0413243824017365,0.0410887626450983,0.0418609811839218,0.0421319899057667,0.0427064521544243,0.0436469115069566,0.0449829570063311,0.0453780909091722,0.046253563814011,4.76,78.7002,3.08847488843238,6.48,5.66,76.8179,4.36272727272727,4.2826086957,4.9576,4.4,-0.8595266443100695
2007-10,0.0389305774070713,0.0411394262492582,0.0410430345948526,0.0409644880856748,0.0401629560009347,0.0397752079985833,0.0397880571589459,0.0396380320699178,0.0398001580008395,0.0400714781281589,0.0410154000234656,0.0419619438258134,0.0424408963105169,0.0435163631807721,0.0447034786764103,0.0453962307974647,0.0463353193850807,4.49,78.9719,3.5996270550330056,6.4,5.44,73.7371,4.12142857142857,4.0890909091,4.7263,4.23,-0.9719325696109768
2007-11,0.0377351489938452,0.0389306189849822,0.038784872080351,0.0386081822411192,0.0378382526731335,0.0375201210986646,0.0374532965997366,0.0371608796683751,0.0372220572166315,0.037644341805819,0.0389988433610539,0.0398536699294762,0.0404101291856294,0.0416131369361853,0.0427737563615824,0.0435371972486943,0.0445754624954726,4.24,78.9954,3.471634208298058,6.65,5.49,72.2589,4.01578947368421,4.2058823529,4.6937,4.35,-0.957207966760592
2007-12,0.0300272766588898,0.0321475471789687,0.0306824443375999,0.0291029342574573,0.0291820871444785,0.0286731479711577,0.0288208371888148,0.0283252123217107,0.0281014779537114,0.0287937737335289,0.0312924708815158,0.0323789218793543,0.0340224562128427,0.0365171122361823,0.0384193611848371,0.0392759968260693,0.0391326396365571,3.94,78.7582,3.387406817009708,6.54,5.33,74.5436,3.84818181818182,4.0277272727,4.4925,4.15,-1.0569046499840344
2008-01,0.0322882157052019,0.0326999500900789,0.0310477873432884,0.0293549948728936,0.0291909665124866,0.0290025316387871,0.028551226423914,0.0285106426218,0.0282070908068769,0.028497232573009,0.0312625166019711,0.032777299537096,0.0343028330892645,0.0367240741165624,0.0386785253416363,0.0396283881112519,0.0402306404243568,2.98,78.161,3.272922728175653,6.82,5.53,73.5725,3.828,3.9528571429,4.6234,4.08,-1.0644138720874985
2008-02,0.0209106108998952,0.0212392727638245,0.0211928241318684,0.0210488325421954,0.0203511440492623,0.020414151815563,0.0204232674239484,0.0205666665455341,0.0210392692594169,0.021858983181206,0.0252261879821395,0.0274681851741421,0.0300401749642451,0.0333953779087618,0.0354627248981707,0.0364969909929684,0.038084474367359,2.61,77.8244,3.1911425710759778,6.89,5.51,72.14,3.509,3.7994736842,4.445,4.02,-1.161677699596398
2008-03,0.0167603156144943,0.0179715860631607,0.0169689110324498,0.0159740370973123,0.0155820875767668,0.0155856614187207,0.0161409383532612,0.016284996335808,0.0172059243338845,0.0186340147153353,0.0225771625036331,0.0252346116675705,0.0282796757222165,0.0322432598356655,0.0348460736191514,0.0364576358017062,0.0370049940861521,2.28,77.0718,3.13951867682587,6.97,5.55,70.1241,3.62863636363636,4.04,4.6432,4.27,-1.052885339426521
2008-04,0.0138258469877871,0.0152568711898239,0.0158706821178495,0.0164730463020869,0.0171408806656347,0.0169708496211446,0.01776999761753,0.0178591475097792,0.0177194975257797,0.0195436791661495,0.0245587364781002,0.0265895152187333,0.0277471618061834,0.0309982711388592,0.0344124285049467,0.0369617632596983,0.0387225964851354,1.98,76.6191,3.282143932550441,6.93,5.57,70.7808,3.62142857142857,4.2019047619,4.8683,4.41,-0.984036039188806
2008-05,0.013909223334976,0.0160735562887827,0.0181322560021346,0.0200174927358023,0.0214260714051363,0.0225058787701359,0.0231214538594149,0.0234954853355156,0.0231271462947963,0.0254054421846108,0.0291393405242873,0.0308541162012485,0.031851837959744,0.0343909918029974,0.03696413325146,0.0389777063739442,0.0409545614476395,2.0,76.1328,3.8114389395462736,7.07,5.68,69.8545,3.76,4.5204761905,5.2103,4.73,-0.8344500780866294
2008-06,0.0183907996910339,0.0198423279306703,0.0204886287797419,0.0211092289001018,0.0224447790464861,0.0233245169048358,0.0240116339873753,0.0249605298353678,0.0262136478422357,0.0279899846332458,0.0310846441715528,0.0328504681778659,0.0342334402882557,0.0365332801961577,0.0392085082861352,0.0412926370741311,0.0419148444490448,2.01,75.4485,4.135655023597695,7.16,5.67,70.7681,3.75045454545455,4.4904347826,5.0494,4.69,-0.8646527791466188
2008-07,0.0182416748542272,0.021283221717538,0.0224591226991074,0.0232268266021181,0.0235775976185288,0.0244132093087715,0.0250965254966032,0.0264062197558869,0.0272688368473079,0.0293201317763994,0.0322740601648311,0.0335952665122216,0.0345155310520295,0.036870879638323,0.0392469931113252,0.0417595308526201,0.0427209497497482,2.0,74.544,3.9806273062730657,7.15,5.64,70.9156,3.5915,4.2023809524,4.7267,4.4,-1.0062232511696172
2008-08,0.0166579782532072,0.0187331965981872,0.0208517242505332,0.0223947718495122,0.0220634193867938,0.022633722195556,0.0231686267261847,0.0248086312679911,0.0257954152485142,0.0278020820764507,0.030272583919833,0.0321635732792157,0.0335038356426493,0.0359462311875422,0.0381108391866431,0.0409694864484941,0.0425656883949476,1.81,72.0301,3.6678383532060543,7.31,5.65,74.8687,3.54095238095238,4.0940909091,4.5701,4.36,-1.0542981002477287
2008-09,0.0169954687786007,0.0194730346529001,0.020131438406092,0.0208868625394539,0.0207577263024283,0.020851510019835,0.0215036004562181,0.0223263212709916,0.0236454597145136,0.0251074843981704,0.0277803741512113,0.029943814242216,0.0312323705527967,0.0335686697532455,0.0357363474816276,0.0383499573890395,0.0387964118098344,0.97,71.6296,2.6718431480336147,8.88,6.28,76.3126,3.66818181818182,3.8834782609,4.5789,4.18,-1.0912576741982032
2008-10,0.0076104258559046,0.0144738799574678,0.016022355190869,0.0168689990231163,0.0175225279056219,0.0170611965121742,0.0171501595320142,0.0180826621659068,0.0188377117022055,0.0218371467003588,0.0254353625798555,0.0288010267030813,0.0300080089709839,0.0345167945724214,0.0376035365986552,0.0388338143980447,0.0404553444659178,0.39,69.9172,0.9250293343662008,9.21,6.12,83.0921,3.57157894736842,3.5565,4.2571,3.98,-1.2199228750481843
2008-11,0.0046779888644781,0.0104717860042128,0.011818411869152,0.0132085081907134,0.0135577809146244,0.012289214647339,0.0125486808267502,0.0138518181753511,0.0142409573901913,0.0168919605241372,0.0200278928772626,0.0272510728071048,0.0288773367325443,0.0389308095284227,0.0399860372106547,0.0395990166521508,0.0497679738191989,0.16,67.6607,0.1295690125477477,8.43,5.05,82.221,2.94571428571429,3.0478947368,3.6238,3.54,-1.5164528292759312
2008-12,0.0004196719350348,0.0040393879052731,0.0068195818394919,0.0073305253499559,0.005965862019319,0.0070085375055287,0.0074849686111162,0.0089273082020383,0.0089249649627036,0.0114313739366579,0.0102200299574064,0.0174080992575336,0.0179385523051235,0.0303533363475811,0.0297447582226827,0.0280024657263342,0.0336924688711417,0.15,65.5546,-0.1111035530462767,8.14,5.05,83.084,2.81238095238095,3.070952381,3.6699,3.6,-1.518428113631363
2009-01,0.0008688339528487,0.0027935444561409,0.0027749039206109,0.0038191990494965,0.0045297101989195,0.0052137192722798,0.0060924802335762,0.0080188019241812,0.009565472629051,0.011055040030244,0.0115894617613391,0.0166273938844856,0.0168945668452844,0.0229505337007356,0.0247393001274086,0.0239317570158863,0.0311228800339876,0.22,65.5782,-0.1312484442533512,8.08,5.27,81.784,2.96052631578947,3.1275,3.6899,3.68,-1.477060228145228
2009-02,0.002572387798317,0.0038142278638588,0.004307137612276,0.0051265544918999,0.0048608567679586,0.0056515904929767,0.0073086142623564,0.0086184800819874,0.0098667921446444,0.0125031674766194,0.0137592693396213,0.0174723320891386,0.0224206343963928,0.0233397869017923,0.0273907123285095,0.0279385593055358,0.0369219982501433,0.18,64.4771,-0.5257516782309568,8.42,5.5,83.1904,2.88590909090909,3.0195454545,3.2497,3.65,-1.5612162953173052
2009-03,0.002635170615418,0.0043484223035443,0.0061288682808146,0.0064066078908282,0.0065438189573096,0.0069310397427109,0.0080549923401273,0.0086159491743146,0.0103436523304844,0.0125388502771003,0.0151251872070184,0.0183636794357463,0.0237648054074615,0.0278025434714508,0.0309084808849442,0.0293592961427381,0.0339020923542998,0.15,64.107,-0.5675739591662121,8.39,5.39,86.1968,2.95428571428571,3.133,3.4072,3.66,-1.513268859699914
2009-04,0.0019997744937685,0.0038949911367203,0.0047269539799636,0.0058281094277269,0.0061426994105537,0.0064223146009346,0.0075822055134816,0.0079601275299561,0.0094428496888004,0.0117080322057123,0.0131927957420317,0.0165601315730364,0.0196147851015246,0.0229401151646576,0.0256601439349587,0.0272714869060055,0.0307408101785471,0.18,63.5243,-0.8892128279883504,8.06,5.54,82.6241,3.202,3.371,3.6206,3.8,-1.398402789958504
2009-05,0.0014587311828831,0.0029762201272089,0.0038195870144605,0.0051436980974783,0.0059930849432538,0.0073399530486811,0.0080307242262676,0.0090073741474388,0.0118112664019398,0.0137640844596338,0.0169386753630019,0.0202721430151675,0.0236844949131392,0.0277518775900108,0.0315986240342885,0.0331628752409193,0.0365642746379607,0.21,63.4322,-1.018624689681269,7.5,5.61,80.8879,3.45909090909091,3.4736363636,3.7221,3.9,-1.3224343667741616
2009-06,0.0011438428989964,0.0028227447898663,0.0034535966125156,0.004821376188148,0.0057311958030688,0.0067512942498779,0.0083286530660106,0.0095583413940483,0.0120559988698276,0.0145606540516216,0.020540865674303,0.0256198401725122,0.0296823486611241,0.0335499340025696,0.036827666620395,0.0382642431618076,0.0418065058569736,0.16,64.4955,-1.4660091971854472,7.09,5.41,77.5218,3.42909090909091,3.337826087,3.8238,3.73,-1.3564814940903624
2009-07,0.0016569683217064,0.0031903285510919,0.0042411899367076,0.0053163139933575,0.0051561619714814,0.0068681061591961,0.0088133453214811,0.0106334755066735,0.0124816718473374,0.0156074247408336,0.0211797612381127,0.0255088168752895,0.0297554329255767,0.0329267369021155,0.0360776028279898,0.0365204662541463,0.0382981326849111,0.16,65.3114,-1.1001197711041022,6.58,5.26,75.5523,3.4645,3.3052380952,3.7142,3.59,-1.386527230841837
2009-08,0.0018364094813661,0.0027317318548639,0.0033156725824289,0.0050119007676178,0.0074663315538426,0.0091698714775426,0.0105706762455336,0.0118719818235688,0.0146773801014593,0.0170547680514674,0.0223765309512661,0.0269984431673674,0.0312341917343002,0.03376268960717,0.0367359473306521,0.0372478276675579,0.0405583249455951,0.15,66.102,-1.0227486786264397,6.31,5.13,75.3968,3.36571428571429,3.2631818182,3.6566,3.59,-1.413858404125958
2009-09,0.0013128345013615,0.0022487474462986,0.0029232244036737,0.003870486472813,0.0042074201436442,0.0060450445550909,0.0074464610427496,0.0092010398980784,0.0121052039475609,0.0140932661236276,0.0189572183694294,0.0235395823385333,0.0280798258812526,0.0305579585749758,0.0341895425016965,0.0349801753739334,0.0366822722493044,0.12,66.2859,0.0133852383130239,6.29,5.15,73.9606,3.4252380952381,3.2090909091,3.5699,3.56,-1.4284222174692989
2009-10,0.0009526442938487,0.0014667027929403,0.0024407499698777,0.0033185256476222,0.004160469406469,0.0054857527684772,0.0070974123849602,0.0087544413584528,0.010868737519445,0.0132218990669808,0.0178071279681985,0.0221996937056822,0.0265737587120083,0.0286614656227942,0.0314740247252937,0.0329601634800728,0.0347272930103199,0.12,67.0806,1.4606120122357291,6.32,5.19,72.0528,3.3925,3.2171428571,3.7592,3.56,-1.408908233030255
2009-11,0.0005308814060835,0.0016163790572472,0.0024619948975354,0.0038371298509759,0.0050050463167389,0.0062194712312394,0.0074551499479693,0.0091632794268065,0.0119193562938913,0.0141912054755231,0.0191764613811732,0.0236543044658653,0.0278334050715603,0.0308266465522532,0.0332159058998089,0.0354466797912138,0.0370643610706793,0.12,67.1474,2.089718268292118,6.37,5.26,72.1706,3.41619047619048,3.1385,3.8871,3.48,-1.4125414924524535
2009-12,0.0004767472601099,0.0014209213015411,0.0018579814366359,0.0027227009669045,0.0036126986709311,0.0041826571942493,0.0053574333398001,0.0066523785249147,0.0089150889345865,0.0110513098158108,0.0160513038823342,0.0207049353728063,0.0248314212274331,0.0282265795773448,0.0312729929916195,0.0341306507761729,0.0345662143303717,0.11,67.941,2.301720615608116,6.25,5.26,73.8004,3.485,3.2575,4.0025,3.52,-1.3651524782826856
2010-01,0.0007084611609625,0.0017590830445844,0.0031430023245718,0.0043982282895955,0.0065246542357655,0.0078260576030596,0.0093408843320421,0.0108224679977927,0.0135654460492277,0.0161493797517511,0.0216562141685302,0.0268267517057819,0.0309856459336816,0.0343997999381567,0.03681923605739,0.0390228134292835,0.0405955674612981,0.13,68.0202,2.116330183762716,6.34,5.35,74.6258,3.42368421052632,3.17,4.0624,3.5,-1.3830069462454595
2010-02,0.0009093788639164,0.0016235400384699,0.0022921498053499,0.0031889515683389,0.0042812515852703,0.0054709083621372,0.0069943099529839,0.0085601489842358,0.0113098140066748,0.0137030820913927,0.0190805891947326,0.0241097303850039,0.0285171737718963,0.0320811396487005,0.0346969649417753,0.0375178955342023,0.039916692829406,0.16,68.9678,2.3727160339801934,6.27,5.27,75.6532,3.4904347826087,3.102173913,4.0915,3.44,-1.388458275374745
2010-03,0.0012489481158525,0.0018524722320311,0.0023823562110511,0.0030647897512821,0.0037112401414881,0.0050122205764786,0.0063405537573158,0.007979896525198,0.0102378712011523,0.0132966454736361,0.0182762833146454,0.0232268791021368,0.0277734608548195,0.0312949744436734,0.0340992479979163,0.0368488677179272,0.0387883460268327,0.2,69.624,2.282122430488709,6.25,5.29,75.0592,3.67,3.0645,4.1007,3.4,-1.3735339860821965
2010-04,0.0015695149415251,0.0023716361403899,0.0029897271898367,0.0043388677873447,0.0058996847662902,0.0074587310074987,0.0090265334919517,0.0105208071650626,0.0132520444644296,0.0159980015907793,0.0217852378651089,0.0262592067821725,0.030724953813327,0.0340422103498608,0.0365663928714386,0.0389906595672945,0.0417051775154225,0.2,70.611,2.20846957131704,6.05,4.96,76.0807,3.4455,2.7342857143,3.7772,3.08,-1.5346023999124467
2010-05,0.0016431468520087,0.0024278674990276,0.0030509490677118,0.0044343755250575,0.0058459995858412,0.0071727391820468,0.0084672503086866,0.0097563084289859,0.0121015669088165,0.015136540280143,0.020511516445584,0.024952176395896,0.0290384883962457,0.0323428203524187,0.0349201429004946,0.036961610039101,0.0399695051227806,0.18,70.682,1.5622188231059877,6.23,4.88,76.3437,3.29772727272727,2.5431818182,3.6007,3.07,-1.6083916869948536
2010-06,0.0015221645864694,0.0021904804478185,0.0026108775713823,0.0036696504111249,0.005390466491787,0.006097036640999,0.0067752905341806,0.0074175959431754,0.0096566838874694,0.0118933579550653,0.0171632197565956,0.020889805061611,0.0253694837057819,0.0277778013607066,0.0304775081285192,0.0332940812159684,0.0353983054362933,0.18,71.1601,1.6373900721981194,6.01,4.72,78.5386,3.1852380952381,2.6159090909,3.5087,2.99,-1.6324211569262803
2010-07,0.0016698815448974,0.0022011353306161,0.0022318600510345,0.003120844794514,0.0042448571226275,0.0049637169246469,0.0055224492954761,0.006003415215953,0.0073385098255426,0.0097600173229292,0.0149253714289307,0.0182931011818806,0.0224327760340017,0.0249018965646637,0.0268969640768828,0.0299847727016398,0.0324421798323767,0.19,71.3642,1.4823951558645243,5.66,4.49,76.8124,2.94952380952381,2.35,3.233,2.68,-1.7776401791749863
2010-08,0.0014206689243974,0.0019363473007606,0.0021465084814653,0.0028207483124824,0.0036445823918644,0.0044304326820594,0.0048143785531013,0.0053772961441793,0.0061566820767949,0.008179061690084,0.0125161942642343,0.0166299044470871,0.0210396091728941,0.0240831936207447,0.0260955268091807,0.0299097360642503,0.0328764117854184,0.19,71.5357,1.419551296404098,5.66,4.53,74.7265,2.88142857142857,2.3004545455,3.1271,2.68,-1.8077681664512777
2010-09,0.0012988254334437,0.0018456722877837,0.0019290465097632,0.0025087729062244,0.0036178359298513,0.0041004310962321,0.0045763561445156,0.0049504546137735,0.0059199969031409,0.0073676977893901,0.011042253949502,0.0141899593273989,0.0180483834433194,0.0205593164063424,0.0230590412571588,0.0261405296315631,0.0277276969791561,0.19,71.6761,1.3584198610352205,5.72,4.68,73.7991,2.766,2.3457142857,3.0685,2.72,-1.8185696797425932
2010-10,0.001479345844105,0.0018796737562445,0.0020701818082767,0.0025102429492269,0.0027135043872246,0.0031852267042997,0.0035033101066686,0.0041781446136905,0.0047979880654301,0.0064240057152903,0.0095431630870715,0.01271034115664,0.0165623654471304,0.019347292782473,0.0223459932707895,0.0253834788867174,0.0274240170140981,0.19,71.8748,1.3071968137772894,5.92,4.87,72.2108,3.02238095238095,2.5327272727,3.311,3.0,-1.6908804256065628
2010-11,0.0011787217443201,0.0015396789892993,0.0019037021360774,0.0022903988981467,0.0025235320131719,0.0026051627291739,0.0030526343779973,0.0031528982370842,0.0035812337229989,0.0050013271181774,0.0081946561098441,0.0118059479577859,0.0160074179309439,0.0194776058405288,0.0231764245825561,0.026058039033707,0.0288822923187726,0.18,72.3185,1.477668197333748,6.1,5.02,,3.2047619047619,2.9147619048,3.6098,3.34,-1.5277605633660656
2010-12,0.0015579611893181,0.002000726244204,0.0023645508745782,0.003075949231693,0.0037833078830385,0.0046098897827673,0.004973572329961,0.0052112591735725,0.0065397999120285,0.008431818993168,0.0126103753519929,0.016524090128269,0.0203256226778113,0.02381498949712,0.0262220946033056,0.0289662703011847,0.0309363539966246,0.17,72.4358,1.5598650927487467,6.09,5.04,73.9341,3.253,3.0166666667,3.7273,3.44,-1.4786798878855372
2011-01,0.0013427389354144,0.00186879459877,0.0022118996174713,0.0030667069059007,0.0034444184739565,0.0038657818053845,0.0050578996741605,0.0058032970041908,0.0076009589977996,0.0102991684158957,0.0154840059439045,0.0203969621882987,0.0247289616391906,0.0279903902644354,0.0301564368502241,0.0329159976312221,0.035287423165217,0.16,72.6355,1.8450307320212025,6.15,5.22,72.7416,3.41736842105263,3.199,3.8799,3.6,-1.3892759231934684
2011-02,0.0015221645864606,0.0016752180955051,0.0019858701635595,0.0028996294049116,0.0035187614177014,0.0041495107667011,0.0050495152689213,0.0057724763831641,0.0078294770135009,0.010226011697953,0.0153511765784076,0.0204504248239894,0.0249925500198003,0.0285074141190467,0.0309893106306053,0.0339591983227539,0.0366441773165971,0.14,73.1469,2.1105460830258997,6.03,5.13,71.4589,3.26652173913043,3.2117391304,3.7386,3.61,-1.4236860379201135
2011-03,0.0013130592799663,0.0016040479780272,0.0017357188176377,0.0029463657143085,0.0026622405283491,0.003713642957038,0.0050426559458012,0.0063466082683812,0.0085190687457277,0.0113326932481517,0.0162451586253894,0.0213066674723783,0.0254057469389057,0.0287530708840391,0.0310706994641,0.0337221617407456,0.0358725463655505,0.1,72.8001,2.488096556306063,6.02,5.16,70.7205,3.328,3.3405263158,3.7619,3.69,-1.382050313888763
2011-04,0.0006214817591686,0.0014757679948672,0.0018704921515579,0.0032819651518088,0.0039893166810589,0.0052884212246579,0.0067022531769782,0.0079560961402805,0.0104901383426958,0.0129390137738705,0.0179811860932203,0.0227368375307308,0.0265871979950092,0.0297102153674685,0.0318694523079221,0.0342868390719676,0.0365662598822852,0.09,72.8134,2.7662471357885243,5.78,4.96,68.8489,3.15190476190476,3.0609090909,3.5053,3.49,-1.506095672171526
2011-05,0.0003043865810897,0.0009722436990972,0.0012712001313683,0.0022371302501968,0.0028156821412022,0.0038435527647784,0.0045727026312571,0.0058815063164968,0.0078157499109769,0.010218584671766,0.0151046020437809,0.0200153969889842,0.023958043359632,0.027257972032871,0.0300612775574327,0.0328791347775277,0.035655737766846,0.09,72.9204,2.7884519551278464,5.75,4.99,70.7051,2.98772727272727,2.8909090909,3.4144,3.43,-1.5743109098975778
2011-06,0.0004083453293921,0.0010148407652331,0.0012048044475421,0.0021497344151,0.0024890343039418,0.0027506246006361,0.0035242665031496,0.004298315574492,0.0056676575001256,0.0073319008883433,0.0116452577136659,0.0161611336001268,0.019953953872241,0.0232727380971686,0.0259630553708982,0.0290771483302422,0.0313794421929884,0.07,73.3492,2.875699838456258,5.76,4.93,69.0975,2.9385,2.7438095238,3.3137,3.4,-1.6206529339437254
2011-07,0.0002124341091659,0.0009776812101533,0.0011675727259385,0.0022970163437075,0.0027374260414754,0.0036879135866481,0.0043488109842312,0.0047529505346335,0.0067942499755162,0.0084559245553696,0.0132576293181634,0.0179723465395082,0.0224682059323778,0.0258718015083424,0.0285376274148221,0.0319050591077345,0.0344748001422899,0.1,73.6851,2.9767297960266115,5.36,4.37,68.6043,2.44636363636364,2.2134782609,2.7833,2.98,-1.8876673225272536
2011-08,0.0008547884594234,0.0013950863747558,0.0017146854169542,0.002684037015111,0.0029888817282503,0.0031417520298779,0.0033164141444087,0.0035268888662657,0.0043400279796435,0.0055962832079373,0.0089760663269253,0.0133628628395324,0.0172494726490343,0.0211091277346533,0.0239951590694732,0.0272724595517257,0.0300933848481026,0.08,73.8276,3.0190303779583205,5.27,4.09,68.9123,2.19666666666667,1.8290909091,2.504,2.64,-2.0580787508917924
2011-09,9.693016853884352e-05,0.0004199187761428,0.0005860621681137,0.0013711062682081,0.0010348407217429,0.0012480416607638,0.0017948894872635,0.0018607720087413,0.0022562748426574,0.0031685704314405,0.005436727214844,0.009156991119012,0.0125028317773444,0.0150260108229311,0.0175087370064774,0.0205552569608455,0.0229324200079146,0.07,74.1656,2.693632332390705,5.37,3.98,71.993,2.296,2.0023809524,2.529,2.99,-1.972049652147798
2011-10,7.020621779069188e-05,0.0004570678338971,0.0006775437409451,0.0013649686123987,0.0017860562623274,0.0021651145116174,0.0023923781747178,0.0025224192793328,0.0032575863828041,0.003919331843101,0.0058761799767229,0.0086994399472489,0.0110569677944376,0.0133513976785113,0.0149882547228651,0.0167671102851675,0.0187844354352197,0.08,73.9533,2.699259844940816,5.14,3.87,71.4115,2.12238095238095,1.8740909091,2.2917,3.41,-1.995898300548496
2011-11,-6.522830284931174e-14,0.0004267151343073,0.000631948314777,0.0015898255902544,0.0015698688684387,0.0018758707690953,0.0021816880164269,0.0024769019363816,0.0031077652969141,0.0039547496659986,0.0060872125663078,0.0093043423824087,0.012305318992829,0.0148904815387671,0.0169798174933172,0.0191476046605078,0.0215948537209902,0.07,74.3759,2.5266248849541872,5.25,3.93,72.2429,1.992,1.9276190476,2.1828,3.16,-2.0475229211618906
2011-12,-9.80600620995821e-05,0.0004747374127589,0.0006592501294229,0.0015345848419927,0.0018710087111243,0.0024033335201229,0.0024807964935662,0.0026985559991938,0.0034521778568365,0.0042377788317257,0.0067809824271512,0.0098823745454576,0.0128357603555577,0.0156011027837699,0.0178373213824817,0.0200976201377673,0.0219120420293123,0.08,74.9205,2.569312446745764,5.23,3.85,73.5171,1.98,1.8209090909,2.1104,3.18,-2.0728971665625484
2012-01,0.0001906919497743,0.0005277436086341,0.0007455777665145,0.0014151057706148,0.0018735740195093,0.002149515821093,0.0025145415030286,0.0025867565986191,0.0034725698971819,0.0042319237251328,0.0062433140931867,0.0091109221076913,0.01186841641245,0.0143352727053136,0.0164847230416113,0.0186748693246096,0.0205462191413509,0.1,75.1535,2.51315402464134,5.14,3.85,73.2027,2.021,1.8519047619,2.2191,3.02,-2.0679850987674677
2012-02,0.0005709706335265,0.0008585037476462,0.0009640905790277,0.0015627267904653,0.0018113666292574,0.0020903073461311,0.0022039341303263,0.0023540062606687,0.0026666321905526,0.0031672053753632,0.0047588474320715,0.0074173524731626,0.010200393200803,0.0128708592360337,0.0148614300024441,0.0173003827865401,0.0194264945218353,0.13,74.669,2.2980274721697835,5.23,3.99,72.4948,2.10681818181818,1.8304545455,2.323,2.95,-2.0554637667153743
2012-03,0.0007080062791115,0.0011716434899833,0.0013856398745639,0.0016142191148087,0.0022593699287036,0.0025327725064735,0.0028054619016034,0.003037969291108,0.0037501616039644,0.0044975317156142,0.0066811072467958,0.0090708497766285,0.0116515198202538,0.0146283423403181,0.0169576187861334,0.0191932786004196,0.0210260558082897,0.14,74.9465,1.9998487418563693,5.19,3.96,73.2414,2.0645,1.6242105263,2.2117,2.99,-2.1035417198567345
2012-04,0.0006654229466741,0.0013103298424569,0.0014398277071459,0.0017945697258413,0.0025774813884814,0.0029718337147672,0.0032072055313936,0.0033906292790633,0.0043798778663054,0.0052379969957876,0.007633779022345,0.0103007535295503,0.0133392251274841,0.0160387463431846,0.0187401696604296,0.0209980295152788,0.0228324699864147,0.16,74.6333,1.5769404769598871,5.07,3.8,73.2227,1.92227272727273,1.3368181818,1.9416,2.75,-2.230522862163806
2012-05,0.0008380254319547,0.0014413182814877,0.0015442867882987,0.0018272390772941,0.0023832668523295,0.0024839456476016,0.002653948703984,0.0028068403366189,0.0035172004837971,0.0042100124038549,0.0063163502415685,0.0085510773269073,0.0109134187324215,0.0136738093915651,0.0163865591664858,0.0186478786138026,0.0205866476491904,0.16,74.7583,1.5460196726963191,5.02,3.64,73.3426,1.74761904761905,1.3004761905,1.7698,2.57,-2.3021933689779304
2012-06,0.0007102713902875,0.0011399201504945,0.0014627768966677,0.0017616854792351,0.0023491848436308,0.0025732146975631,0.0026017705970095,0.0026214432773421,0.0031693099288668,0.0036570178126252,0.0051957004307545,0.0064209031093059,0.0079917925710245,0.0094324832647066,0.0113929968728481,0.0134639795371082,0.0150926869977243,0.16,74.5256,1.4100261354958563,4.87,3.4,75.702,1.65619047619048,1.2422727273,1.6523,2.28,-2.3724145842451176
2012-07,0.0008450485352431,0.0015052300765926,0.0017202966734655,0.0021271495891406,0.0027221890861732,0.0028050683758171,0.0030534287003258,0.0030152372556615,0.0035004581870391,0.0041524092733977,0.0054884759397236,0.0069574228408997,0.0088490559318922,0.0105927756161893,0.0127243002218888,0.0148447705044302,0.0165965429215187,0.13,74.345,1.51186746212284,4.91,3.48,75.8478,1.82681818181818,1.3417391304,1.6735,2.12,-2.3490273183791994
2012-08,0.0009161749140135,0.0013887404051303,0.0015480813338739,0.0017072703921762,0.0020440329370003,0.002179247877086,0.002380075869314,0.002331354924805,0.0028303595527897,0.0032847088672938,0.0048771319080042,0.0065480750792046,0.0085488299152324,0.010404222508873,0.0123281474516371,0.0143978174689715,0.0160766742852176,0.14,74.1108,1.6779710051753494,4.84,3.49,74.5529,1.83789473684211,1.4905,1.7222,2.24,-2.3033113474490863
2012-09,0.0009709929511522,0.0013193934374543,0.0014211737991884,0.0017749141728315,0.002101988784588,0.0022392342948367,0.0022989096570808,0.0023696410435343,0.0027633514504111,0.0031633435862172,0.0044910865940194,0.0062789716636075,0.0084223668434687,0.0104132325345391,0.0125971967383069,0.0145859879587396,0.016367208964951,0.16,73.9373,1.9768774978838444,4.58,3.47,,1.81181818181818,1.4669565217,1.7721,2.19,-2.310624694155799
2012-10,0.0007589713054755,0.0012772426542908,0.0014719580329989,0.0017016572270246,0.002068633533417,0.0022293839068109,0.002369808354954,0.002392466753696,0.0027394337426371,0.0032039133300628,0.0046367314813837,0.0062853295032194,0.008379674788233,0.010604799111395,0.0128749614978828,0.0149979895958401,0.0169952812328237,0.16,74.3212,1.6991017964071764,4.51,3.5,72.95,1.73809523809524,1.3359090909,1.7741,2.14,-2.347751001075508
2012-11,0.0009245558756788,0.0014970705819971,0.0016095317435042,0.001988678586122,0.0023586394500135,0.0025478893622391,0.0027210085634893,0.0029263227983119,0.0035040288040016,0.0039383982323825,0.0056630169360498,0.0075052183428699,0.0097397648547833,0.0118985735392273,0.0140657523616915,0.016211254031921,0.0181689413923715,0.16,74.7755,1.6243828413875503,4.63,3.65,73.5695,1.76789473684211,1.2994117647,1.8467,2.01,-2.356182367053085
2012-12,0.0007610098874238,0.0013610929223811,0.0015227442019784,0.0020093623678998,0.0023407451664672,0.0024312252295036,0.0025723076991513,0.0026219535189589,0.003032239459584,0.0034798325324445,0.0047167422946092,0.0063193313351182,0.0084720561991501,0.0106129959086802,0.0128029567106184,0.0149155876123676,0.0168718952375656,0.14,74.589,1.470807506336924,4.73,3.8,73.057,1.93136363636364,1.5122727273,2.0795,2.17,-2.252308997260179
2013-01,0.0007435690082032,0.0011330083090939,0.0012813595290022,0.0017209427741349,0.0021351263067556,0.0023021893528167,0.0024279223105081,0.0026323151293212,0.0031544854767751,0.0038437492781265,0.0055888982022238,0.0076906957217926,0.0100700517113122,0.0126453490144245,0.0149445889615988,0.0171839796932464,0.0192114571699179,0.15,74.8632,1.6046076681118793,4.85,3.9,73.7475,1.96789473684211,1.5435,2.1781,2.24,-2.222150346805354
2013-02,0.0006642902452216,0.0010461097822025,0.0010727674811424,0.0013917175779956,0.0020210415904734,0.0022870891551058,0.0024899565836815,0.0027296181819777,0.0034810140959759,0.0042858864431599,0.00658733182387,0.0089276212169434,0.011634893906683,0.0143118163553005,0.0167918494320837,0.0191179711118118,0.0212322222358348,0.14,74.7698,1.276992915022701,4.85,3.93,74.474,1.8515,1.3545,1.9768,2.07,-2.313066447778682
2013-03,0.0010242263739593,0.001229654679206,0.0013555485644072,0.0015398196740295,0.0021373114732489,0.0021696223318424,0.0021885740336429,0.002498462842952,0.0029223335378961,0.0035369353519246,0.005398421537656,0.0074897425471453,0.0099373375381451,0.0124254929314931,0.0148620225443332,0.0171883455452002,0.0192304836095679,0.15,74.5484,1.0412253198881505,4.59,3.73,76.5413,1.74863636363636,1.1961904762,1.7824,1.8,-2.408047336587973
2013-04,0.0006595335367386,0.0010488286410901,0.0011344179569113,0.0013658646350356,0.0019875302270049,0.0021240320302444,0.0022422161035787,0.0024486415471342,0.0029518470809242,0.0035445177384488,0.00548295468009,0.0075745821527424,0.0098732619293527,0.0124374330806021,0.0148528731412936,0.0171138751651546,0.0192518337052536,0.11,74.7765,1.2290301372187118,4.73,3.89,76.1242,1.90181818181818,1.2940909091,1.9462,1.87,-2.343179402998143
2013-05,0.0005073238374825,0.0007638009571897,0.0009765579974553,0.0010748993782403,0.0016304247683463,0.0017566035753079,0.0018897440312375,0.0020826323381894,0.0025684263598987,0.0030894700556263,0.0045964542827084,0.0065153431632092,0.0085958687350463,0.0109043370751859,0.0131550990940022,0.0153166368969149,0.0172500569495518,0.09,74.9749,1.5055063976064709,5.19,4.27,78.0983,2.2445,1.5305,2.3063,2.21,-2.174430710859842
2013-06,0.0003668978742973,0.000706108544134,0.0010112302884717,0.0014517688383318,0.0019142575280232,0.0022306108636921,0.0026909757134347,0.0030110708420408,0.0038713366594703,0.0050497795178031,0.0077527508013723,0.0104073045869684,0.0129042280706699,0.0155102848672999,0.0179947835751754,0.0201869129740201,0.0219001975541415,0.09,74.4051,1.5951128457492023,5.32,4.34,76.6554,2.43818181818182,1.5656521739,2.471,2.25,-2.117647179862721
2013-07,0.000158078941506,0.0008630349913445,0.0010149695466583,0.0015205253215245,0.0021297865805865,0.0024904809434158,0.003147027775092,0.0036207549749593,0.0050740369774092,0.0068861101604585,0.0106296355499159,0.0139827119500495,0.0168727078036906,0.0195949901127757,0.0220914384265993,0.0240517036801235,0.0258185764546578,0.08,75.0642,1.4047883304264983,5.42,4.54,77.4743,2.61142857142857,1.735,2.7088,2.36,-2.024801535917939
2013-08,0.0004058539223086,0.0007311771616759,0.0007603049327675,0.0013595111287015,0.0018237688195395,0.0021984149697465,0.0028799809910854,0.0033839215370763,0.0048384192745491,0.0068148048589443,0.0112701722659154,0.0151041502507126,0.0186222175681316,0.0218827717964974,0.024482517621301,0.026458494934494,0.028556451976857,0.08,75.1341,1.1412854478201728,5.47,4.64,76.4708,2.698,1.8880952381,2.8443,2.49,-1.9564262129834529
2013-09,7.926533416509087e-05,0.0004566146202529,0.0007934485264035,0.001424329784779,0.0021659435634979,0.0030024853620162,0.003713976021478,0.0042995166489003,0.0061578903926045,0.0084583059815349,0.0132048036187605,0.0169970886572432,0.0205916076137624,0.0236049329679421,0.0262726919075512,0.0282004607398856,0.0298354512545501,0.09,75.3083,0.9761069199571092,5.31,4.53,76.4425,2.51818181818182,1.762173913,2.6784,2.39,-2.0332986133577493
2013-10,0.0001521903951898,0.0004774557926284,0.0005904261318351,0.0011213240851115,0.0017437070317249,0.0023448820984381,0.002915114224369,0.0033183984595609,0.0047762671167216,0.0067616195098061,0.0110242326861516,0.0144824071027359,0.0178906704515797,0.021017277084297,0.0238100693766972,0.0260100456739832,0.0278493466674249,0.08,75.3105,1.1954704602088029,5.38,4.63,74.718,2.5585,1.6771428571,2.7598,2.27,-2.045966482429623
2013-11,0.0004058539223116,0.0008236129014935,0.0007265996783387,0.0013001128080266,0.0019155588883647,0.0022411225186042,0.0027307718295305,0.0031892189745144,0.0045287998030137,0.0063415126309575,0.010361136276502,0.0138495986591831,0.0172907017069329,0.0206596119489887,0.0235654437227942,0.0257866890177186,0.0276862697405161,0.09,75.2138,1.3881001955959429,5.38,4.62,75.6371,2.6735,1.7977777778,2.9458,2.33,-1.9811503693113115
2013-12,0.0006713125175098,0.0010229981873936,0.0009134378171685,0.0013358349589013,0.0020452059394749,0.0021761276601009,0.0025042630169412,0.0028878144585181,0.0041209709698522,0.0059681735006619,0.0103497512693284,0.0142126600103743,0.0184397573822641,0.0219884970853799,0.0248756557724406,0.0273776844260579,0.0291809450406744,0.07,74.4928,1.4054054054054133,5.19,4.49,76.324,2.53409090909091,1.7559090909,2.91,2.38,-2.005539953261846
2014-01,0.0006572684564005,0.0008902232552742,0.0007374763048412,0.0012982939251971,0.0020395493384452,0.0024042303936177,0.0030599370582793,0.0039064479515238,0.0055681357350449,0.0079406145349693,0.0129783610084164,0.0173675743113121,0.0211909771935854,0.0247662696039259,0.027277075130054,0.0295311041713605,0.0312225771851219,0.07,75.2268,1.0939820528374389,5.1,4.45,77.0904,2.42,1.5585,2.8147,2.25,-2.080098941313046
2014-02,0.0003786764621032,0.0006251543403705,0.000744727243029,0.0010071649354773,0.0016747273032792,0.001992004650541,0.0023971407651812,0.0030054756999108,0.004651562172585,0.0067041657374538,0.0109271992606677,0.0145939463227267,0.0179779192438304,0.0210612555303332,0.023507622286076,0.0255236402386022,0.0270863454143313,0.08,75.9245,1.38970341823057,5.06,4.38,,2.45428571428571,1.5085714286,2.7837,2.15,-2.098999708463485
2014-03,0.0004350715762047,0.000777847605086,0.0008887942039325,0.0012023728268074,0.0016518164451942,0.0017988630635881,0.0024408562132066,0.0030200893696733,0.004753869167034,0.0068741225128738,0.0111354150433157,0.0148309493552925,0.0183499213473894,0.0212389865635694,0.0234576691052599,0.0255497401664279,0.0270291921005073,0.09,75.984,1.6731138157687786,4.9,4.24,76.6267,2.4447619047619,1.4565,2.7417,2.03,-2.127936971834002
2014-04,0.0003954370469851,0.0006142801786593,0.0008115218434221,0.0012155211839396,0.0017792578208909,0.0022880571846821,0.0033671287303135,0.0043558531934945,0.0067060800961341,0.0091663031324516,0.0138689466551293,0.017543185921352,0.0209572652328884,0.0236557335488184,0.0256028982572279,0.0272520839747938,0.0285371848594104,0.09,76.2447,1.7661662878033946,4.76,4.16,76.0568,2.3152380952381,1.3271428571,2.6989,1.84,-2.194279321491626
2014-05,0.0002271553512918,0.0004312444062582,0.0006554565829102,0.0010052753139676,0.0015409419113273,0.0021910179776959,0.0030155111120953,0.0040907983115955,0.0063961942722426,0.0087439589726392,0.0132499246847446,0.0167854161699264,0.019853524275406,0.0225571827171397,0.0243731124855876,0.025946402955534,0.0271595152629371,0.1,76.5649,1.6514586142380772,4.8,4.25,76.3088,2.29857142857143,1.2642857143,2.7842,1.71,-2.211867355369728
2014-06,0.0002849089101654,0.000502599447716,0.0006756738793474,0.0009925188212325,0.0015619367726058,0.0022492438563022,0.0029618993872886,0.0038861182728787,0.0061030132861003,0.0084432269841288,0.0127052525713622,0.0160899722227169,0.0190104950670376,0.0215505583438585,0.0232964133447185,0.0248561187373357,0.0260309150792403,0.09,76.9794,1.6692416903290486,4.73,4.16,76.0454,2.19454545454545,1.1143478261,2.7343,1.56,-2.274212286945941
2014-07,0.0002484452141662,0.0005834705178523,0.0005562119518029,0.0011854948936931,0.0018176989273969,0.0026425850843468,0.0036059972592311,0.0047012557051749,0.006833462448113,0.009160414917212,0.0134471804856844,0.0168170003285627,0.0195902788001311,0.02208953058366,0.0237395269887121,0.0252686012665859,0.0265255063576993,0.09,76.5958,1.5062438759980925,4.69,4.08,77.1301,2.062,0.9561904762,2.5347,1.41,-2.3597642842219133
2014-08,0.0002584100714748,0.0004176535420584,0.0005704301366285,0.0013352656987824,0.0019627467111508,0.0026424028991076,0.0036928346113912,0.0048474303584084,0.0071361844254216,0.0096791250505312,0.0141418220543524,0.0169111669168324,0.0194648691962542,0.0218874899198457,0.0233556974880461,0.0247001871652783,0.0258681309293093,0.09,76.6653,1.497249312328086,4.8,4.11,77.2866,2.18095238095238,0.9213636364,2.4919,1.35,-2.361287190826935
2014-09,0.0001775560240316,0.00047201829318,0.0005127691134476,0.0010555398769514,0.0021509041633445,0.003229161461746,0.004439697854235,0.0054148712318955,0.0077196053877705,0.0102231516448075,0.0145129616936285,0.0171386387484441,0.0196415564781076,0.0214481203134965,0.0226375887273196,0.0239757946857143,0.0248013121317771,0.09,76.6657,1.3329448612426242,4.69,3.92,78.8074,2.01045454545455,0.7909090909,2.2469,1.26,-2.4459275383831813
2014-10,0.0001014596200654,0.0003483406552337,0.0004310424956035,0.0010448552339294,0.0020948752512137,0.0030413387839911,0.0041639426098946,0.005393075722708,0.0079460179080869,0.0103912122028449,0.0144093952459014,0.016956608779935,0.01962798423527,0.0213778019023957,0.0225520628835652,0.0236586793791295,0.0245632577399184,0.09,77.2751,1.0857594081832067,4.79,3.92,80.9357,2.00315789473684,0.719,2.1593,1.14,-2.4832604671030523
2014-11,0.0001327134303412,0.0005236668192017,0.0007103975491475,0.0014078436240897,0.0023213329200022,0.0035277906125203,0.0042860458621212,0.0053169481461444,0.0076266230550278,0.0099054385349377,0.0139416076907058,0.0165602490825809,0.019335577946987,0.0208138938061561,0.022038836671189,0.0231798725183779,0.0243247467105642,0.12,77.2028,0.7322588005891362,4.74,3.79,82.9246,1.85190476190476,0.5889473684,1.9287,0.92,-2.578745217278007
2014-12,0.0001288637589816,0.0007357082167247,0.0009783723279375,0.0016693684195513,0.0022118306044304,0.002886512347008,0.0039254184962772,0.0050319471102591,0.007391621767155,0.009598819913953,0.0130818959412775,0.0155147411179023,0.0182126287005934,0.0197858490941705,0.0209077736738271,0.0221192278713858,0.0230604369432539,0.11,76.8495,0.0414018672242111,4.45,3.46,83.5181,1.52571428571429,0.39,1.589,0.67,-2.726097351505435
2015-01,0.0002029218137351,0.0011245145449075,0.0016751143147168,0.0027077404838718,0.0039441949915804,0.0049703809140598,0.0058178974074271,0.0068901960694589,0.0090346122205458,0.0110521496722858,0.0143508300849911,0.0161200307900379,0.0182887391426935,0.0193837876653365,0.0201548066932444,0.0208930178395502,0.0216423431541723,0.11,76.373,0.1707014276846719,4.51,3.61,88.7602,1.37947368421053,0.302,1.7365,0.6,-2.7510713400059608
2015-02,0.0001327134303411,0.0005567429312023,0.0009671612381965,0.0017580467964841,0.0026830478270122,0.0030173360464427,0.0039648893843296,0.0046983204080832,0.0063065595767153,0.0080292688706149,0.0104321375967409,0.0119145321668778,0.0139814674845746,0.0149824794561409,0.0157508216137064,0.0165318201394339,0.0171459775282403,0.11,76.7408,0.1993492743892932,4.54,3.64,89.6803,1.42136363636364,0.2272727273,1.7941,0.51,-2.761171239418636
2015-03,0.0001424518833465,0.0007606297514165,0.0012374475581535,0.0024761268749738,0.0038310373347207,0.0047221071583688,0.0057666644133907,0.0067681340803679,0.0090326513323327,0.0109170335244286,0.0141155587834232,0.0158834718550442,0.018049635938624,0.0192156552758341,0.0199239357461876,0.0207879897028009,0.021296757655487,0.12,76.8166,0.110324064049827,4.48,3.52,92.199,1.41095238095238,0.122,1.755,0.44,-2.792678519222467
2015-04,0.0001626086844972,0.0009840257422076,0.0015666822169836,0.002642279822118,0.0036099460382135,0.0041827343479307,0.0048597420435126,0.0053996327008352,0.0071287681093448,0.0087512050457155,0.0114582146866131,0.0132822965393631,0.015417714918772,0.0166392255387804,0.0175664616706813,0.018521465187851,0.0189126467261499,0.12,76.921,0.1852862157349033,4.89,3.98,90.5004,1.744,0.5557894737,2.0243,0.89,-2.591034953242928
2015-05,0.0001014596200762,0.0004765532968792,0.0014260555547559,0.0028941273340996,0.0038204151106868,0.0047202648735173,0.0053867181975941,0.0061639728942223,0.0080620596714819,0.0096800085333423,0.0129676540622054,0.0151194743282438,0.0176001842568813,0.018949306436389,0.0200748965162125,0.021000587343335,0.0217511712757298,0.13,76.6945,0.2704286757220897,5.13,4.19,87.6232,1.78,0.7927272727,2.1696,1.2,-2.4936061874257094
2015-06,5.072948834344798e-05,0.0005639153087716,0.0016885033900673,0.0030805873479749,0.0039553465908069,0.0050723052816922,0.0057402755776618,0.0064993312008583,0.0083212787771491,0.0100376479126621,0.0133012832578616,0.0155917456453163,0.0181192936048136,0.0195093243736583,0.0207565471316769,0.021803803521146,0.022235746413666,0.13,77.3337,0.2197328295222345,5.2,4.15,90.0514,1.56954545454545,0.71,2.1353,1.11,-2.5506903157461367
2015-07,0.0001472079192667,0.0011213404753568,0.0017250014120987,0.00334569999546,0.0043643891433226,0.0052850534626865,0.0060245306174673,0.0069213055911421,0.0089697935401379,0.0109085329448898,0.0145724639151594,0.0172185907119408,0.0201658297877705,0.0217899904850648,0.0232914716695466,0.0243542128052745,0.024727412867218,0.14,77.1158,0.2392713007937974,5.19,4.04,92.0637,1.3915,0.6085714286,1.9799,1.01,-2.622067469640102
2015-08,0.0005657610873015,0.0014295331568826,0.0021352906269021,0.0035537308161257,0.0043857432360827,0.0052079936873435,0.0060225187436549,0.0067491747298655,0.0083551667135137,0.0099015857103123,0.0131693842227842,0.0154918111892415,0.0178600838105567,0.0191760598568168,0.0205135050965587,0.0215459747323167,0.0218259486860794,0.14,76.926,0.0656996499440509,5.34,4.07,91.212,1.48142857142857,0.6540909091,1.8814,1.0,-2.6152809378898767
2015-09,0.0002822039889665,0.0025240159340008,0.0029778939011635,0.0042128759274336,0.0048870943557009,0.0059041362384909,0.0066187246484182,0.007280186667483,0.0091574026678295,0.0104805780969958,0.0134338015660578,0.015236025152425,0.0177874322549577,0.0190526945546589,0.0204348794071074,0.0216057376564023,0.0219973777556066,0.12,76.827,0.0954982337961096,5.34,3.95,91.5646,1.46333333333333,0.5181818182,1.846,0.87,-2.659446530700702
2015-10,-0.0002226132492937,0.0006799783357944,0.0017607695833547,0.0038723580079047,0.0045426638796771,0.0050983294602035,0.0060694273934346,0.0065515036345827,0.0079933364772748,0.0093129268665767,0.0120207392220567,0.0138766540857698,0.0163633039961303,0.017654673115141,0.0190515150395979,0.0203625315443562,0.0209065745729816,0.12,76.6246,0.2538775426298434,5.46,4.06,89.9491,1.6335,0.5161904762,1.9779,0.88,-2.6194069988289725
2015-11,0.0006518334342459,0.0026383027229433,0.0032865123365173,0.0044439575289295,0.0055152569426235,0.0064129858267505,0.0070186062955538,0.0078201870267236,0.0093817212113864,0.0108137383064823,0.0138692170375806,0.0158371995739048,0.0181758162936183,0.019400096538446,0.0205686864344129,0.0218031662473826,0.0223253974464737,0.24,76.4118,0.3459637561779249,5.46,3.97,94.0156,1.45952380952381,0.5455,1.9234,0.93,-2.639183490918991
2015-12,0.0020262875001048,0.0040788028070826,0.0043444138333398,0.0070515064372518,0.0076735491927647,0.0079990487070478,0.0087333771905174,0.0092632006485006,0.010576749134666,0.0118413994613679,0.0144415997588013,0.0161835770972868,0.0181256610624625,0.0194028988218075,0.0203281323201566,0.0215115466719302,0.0218109448988377,0.34,76.6964,0.8711486332691809,5.45,4.0,93.2336,1.258,0.4305,1.7833,0.84,-2.7129879600501616
2016-01,0.0016920868053456,0.0046008440376684,0.0049972262810727,0.0070652553277188,0.0087895497419351,0.009501515184884,0.0102063984693773,0.0107143658307807,0.0119393036165826,0.0133170767319283,0.0158918155949861,0.0175469684374789,0.0195825750600414,0.020807023444448,0.0216174110017855,0.0225471536724117,0.0229747988825892,0.38,76.4063,0.640330493157748,5.34,3.96,94.9326,1.1245,0.1728571429,1.5032,0.59,-2.836295116895451
2016-02,0.0033048853272802,0.0045440671840126,0.0040586038820165,0.006373482723014,0.007219150384106,0.0075189186639148,0.0080631515339889,0.0082324520435316,0.0090417908493967,0.0101716372295756,0.012411542510854,0.0139399747746391,0.0158352176602115,0.017267362796613,0.0183915961503545,0.0195585745701418,0.0203310423622928,0.36,76.3208,0.6855104733630268,5.13,3.82,92.6647,1.26818181818182,0.1714285714,1.5434,0.51,-2.82137541027685
2016-03,0.0032760956526544,0.0048359879189929,0.0040645221977722,0.0067340532931292,0.0077518289667647,0.0081121003202467,0.0083990779391966,0.0085109643805489,0.0088738763572142,0.0099579876362417,0.0122876349778159,0.0134831147481062,0.0154859591591325,0.0163891473122167,0.0174106163799138,0.01843518464625,0.0187784464130313,0.37,76.2043,0.9259068531526138,4.79,3.62,91.5824,1.33619047619048,0.1342857143,1.5688,0.51,-2.8150434152438693
2016-04,0.002210501445177,0.0039263216578226,0.0045287478698959,0.0060115436041413,0.0069468390059542,0.0070135466241208,0.0072692247127213,0.0074050634069459,0.0080590929832844,0.0088610107241332,0.0108119885020914,0.0123541195423555,0.0144410069116544,0.0155360426768309,0.0166247588577,0.0177268819788824,0.0182971702982234,0.37,76.1095,0.8486853596638255,4.68,3.65,89.4546,1.35,0.1328571429,1.5366,0.51,-2.817240448575015
2016-05,0.0020181293457866,0.0039258540079256,0.0043361360163295,0.0055893518027291,0.006563516350411,0.0072055067293263,0.0076985875060243,0.0078832901541608,0.0087689653292725,0.009576224526756,0.0119312210301417,0.0134627100898046,0.0154385666758748,0.016670630423891,0.0176740272410261,0.0185988949591077,0.01922318160515,0.38,76.2442,0.8296074490339977,4.53,3.5,90.4492,1.16818181818182,-0.0168181818,1.3105,0.39,-2.907828943946838
2016-06,0.002847739376763,0.0047313332830306,0.0056932383686188,0.0069783394677854,0.0080709456751263,0.0084566583291358,0.0088794430742152,0.0091215954814253,0.0098413302610899,0.0104681550070914,0.0127061237202971,0.0139653710259726,0.0156904553612883,0.0167440652065914,0.0175550235754076,0.0183399954070724,0.0186049197200042,0.39,76.2506,0.7550842682239489,4.22,3.28,89.3204,1.051,-0.1542857143,0.9569,0.17,-3.014590967842584
2016-07,0.0025071232622834,0.0034212548549482,0.003922444170328,0.0048120197029127,0.0053563452610413,0.0057632654742254,0.0058877951006313,0.0060573794816258,0.0065006402317881,0.007040771321447,0.0088897365175639,0.0101077346231314,0.0116679841065066,0.0127205164147731,0.0134873042641833,0.0143731907290052,0.0147165696611672,0.4,75.904,0.8882104659263312,4.24,3.32,90.3969,1.04272727272727,-0.1317391304,0.7421,0.15,-3.040158246374256
2016-08,0.0026505725973779,0.0038332718688263,0.0043983148464754,0.0053376611691588,0.0063417703975522,0.0065483120642482,0.0066858602219894,0.0067724866201286,0.007425887367558,0.0079643698333105,0.009793172909992,0.0109356019882663,0.0123993100856263,0.013565902622973,0.0143832652509399,0.0150875702820938,0.0153390927932598,0.4,76.0291,1.2197749212634612,4.31,3.41,90.0254,1.08619047619048,-0.0840909091,0.8243,0.18,-3.0130384999910773
2016-09,0.0032964889983982,0.0046003574555777,0.004419997495297,0.0064114357535056,0.0072122469407459,0.0075693105196881,0.0078339881957516,0.007973659120496,0.0086110108485182,0.0091934550290022,0.0110788338653051,0.0120645896795359,0.0136283462714324,0.0144389686972595,0.0151233438707209,0.0155296413809673,0.015760537460671,0.4,76.0921,1.427003293084517,4.38,3.51,89.3795,1.1665,0.002,1.078,0.33,-2.9399225635786985
2016-10,0.0030918250362054,0.0047715323268017,0.0053941730021398,0.0066638073948928,0.0072868690217731,0.0075787561350252,0.0078205242898913,0.0081187465677819,0.0087209028150846,0.0092922593846591,0.0110222656952496,0.0120886920085978,0.0135832388917381,0.0145970447326053,0.0152708324001545,0.0161115954178941,0.0165945898738771,0.41,76.0292,1.3974040886628902,4.71,3.86,92.0592,1.43761904761905,0.1890909091,1.3818,0.67,-2.7957937778514133
2016-11,0.0035614642075305,0.0050389489080877,0.0055097261297837,0.0069492747698071,0.0073462447228206,0.0077574321710345,0.008137017926205,0.0085383869341371,0.0093082759256907,0.0099494048630539,0.0119287191034613,0.0132714470849814,0.0151055949052419,0.0162563492215002,0.0170087290288867,0.0181592682513512,0.0188136083455962,0.54,76.0673,1.6571581021178838,4.83,4.06,94.0024,1.732,0.2519047619,1.4336,0.75,-2.729505206048637
2016-12,0.0047076744466911,0.0060136422256128,0.0065500003251997,0.0086833630930403,0.0099763840864938,0.0104629228407841,0.0112087012289369,0.011496237950389,0.0130036919524118,0.0144537687016611,0.0176613844077401,0.0194053890847995,0.0216281397248686,0.022712813905838,0.0238489082285462,0.0247199870963386,0.0251354701025894,0.65,76.2213,2.0052104701731244,4.66,3.92,96.3222,1.72238095238095,0.2509090909,1.4203,0.86,-2.7196543249518625
2017-01,0.0051611777817189,0.0063216935911968,0.0076007002109447,0.008799132988588,0.0101903640066508,0.0108126055574438,0.0117051475691518,0.0122406914685628,0.0135035093758294,0.0148587349545882,0.0177640547261615,0.0196635541051464,0.0216607941389062,0.0227838570389594,0.0237511976166561,0.0246302981919156,0.0252791622275533,0.66,76.1845,2.1971368464261958,4.64,3.95,95.2662,1.70210526315789,0.258,1.3058,1.03,-2.715031103463972
2017-02,0.0050457513304227,0.0064152902923131,0.0070053550753436,0.0083154511236434,0.0096719960825765,0.0104602987191694,0.011483600199344,0.0121531362143299,0.0137977451691121,0.0149915351909502,0.0177665437232828,0.0194869925823024,0.0215862585874394,0.0228510216466675,0.0238970352993834,0.0248525304580338,0.0255784720350666,0.79,75.9999,1.9063610209576696,4.68,4.01,94.3874,1.71434782608696,0.3482608696,1.194,1.02,-2.7132162489584397
2017-03,0.0062525003233782,0.0078262255518215,0.0082941726997491,0.0092645629848741,0.0106370070073887,0.0115366154248146,0.0122383482356931,0.0128911592989863,0.0143816163903681,0.0158283190367419,0.0185268840774655,0.0201542169308794,0.0219521145012212,0.023056944308855,0.0240039059412173,0.0246891024378927,0.0250169783830226,0.9,76.9785,1.76747318686028,4.57,3.87,94.028,1.52315789473684,0.2255555556,1.0789,0.88,-2.7897366617851684
2017-04,0.0075657964963626,0.0090484346492826,0.0094503675228146,0.0102710135004239,0.0111879172311126,0.0115589682800646,0.0119497603098819,0.012308951958447,0.0134252169978197,0.01460327851978,0.0172133171237635,0.0187031710803196,0.0204385730256301,0.0215373377187525,0.0225486016014543,0.0231901964233142,0.0237010683914515,0.91,76.962,1.557772049759043,4.55,3.85,93.7173,1.51318181818182,0.3363636364,1.1175,0.81,-2.776642572132183
2017-05,0.0082424813131588,0.0098307125170622,0.0097284097476496,0.0109669133425118,0.011830140764986,0.0120772674767552,0.0124436241704652,0.0127476564067387,0.0136273426099132,0.0147595798363327,0.0171246877119026,0.018572035696499,0.0203097202306253,0.0214186254288295,0.0224763963867345,0.0231364141975487,0.0237459515915039,1.04,77.119,1.4655479277905004,4.37,3.68,93.9024,1.50272727272727,0.2504761905,1.0846,0.66,-2.813655270925223
2017-06,0.0097162338778228,0.0106037301137876,0.0110044873836311,0.011727902716799,0.0121102371515041,0.01242783831309,0.012693193546701,0.0128875008821633,0.0135318443935605,0.0145702377060039,0.0164658961880898,0.0177322025509737,0.0192235341689666,0.0203243904488299,0.0214080471171899,0.0220479048898291,0.0224235110283344,1.15,76.9178,1.4856317748266346,4.39,3.7,91.6638,1.908,0.4557142857,1.2713,0.84,-2.680988491856349
2017-07,0.0103544481637822,0.0113465314042478,0.0114752446724024,0.0126612754219392,0.0131731694620103,0.0135135021795153,0.013875096731516,0.0140980369599232,0.0149399378857865,0.0159165000731913,0.0179765883858778,0.0194471389099526,0.0209393734976427,0.0220294650237291,0.0227645931437739,0.0233677963645871,0.0238459058598357,1.16,76.8894,1.5719087318108338,4.31,3.63,90.2647,1.88363636363636,0.3460869565,1.1241,0.71,-2.7351361335911317
2017-08,0.0109109811164462,0.011396198059246,0.0116601492932851,0.0123270654720113,0.0126549332044076,0.0129596854949967,0.0132552870358661,0.0134009989214943,0.014043255174024,0.0149583781827035,0.0167896305651958,0.0180892099505025,0.019579916489711,0.0208262225236387,0.0215697286043768,0.0223203444995517,0.0230429208266782,1.15,77.0102,1.757444307056133,4.3,3.63,88.6933,2.0495,0.3471428571,1.2436,0.7,-2.699028475701254
2017-09,0.0100887902327935,0.0109020379081484,0.011778410791826,0.0122798468815195,0.0127538954239453,0.0131203745168591,0.0132332202010654,0.0134024694460564,0.0139734960334894,0.0146973857410664,0.0163902545907689,0.0175309650851399,0.0189310995788423,0.0200464611873954,0.0207417715237412,0.0213898024679624,0.0219604836824009,1.15,77.9179,1.6820407007323013,4.32,3.6,86.7,2.05095238095238,0.3725,1.3816,0.81,-2.665219204452241
2017-10,0.0102788774917642,0.0120240191342194,0.0122670917391564,0.0133254162327305,0.0139828804821471,0.0142555293752313,0.0145525317340957,0.0148593195627028,0.0156858280949179,0.0164217033322345,0.0181831491894284,0.0194472685482984,0.0207733959636522,0.0218473982840845,0.0226182018484673,0.0231363661542691,0.0235456313193342,1.16,78.0466,1.7937129048240186,4.27,3.57,88.9578,1.91857142857143,0.3081818182,1.3299,0.72,-2.71066489031636
2017-11,0.0115759713244026,0.0128621652877167,0.0136903338452372,0.0146374771958897,0.0151075212996502,0.01556443514515,0.0158651776084669,0.0161367734348992,0.0168006254359522,0.017503921004333,0.0190135253841071,0.0202629672258919,0.0214065821620909,0.0223631915755329,0.0230954571569215,0.0234367604273366,0.0237380382332828,1.3,77.9264,1.7664099484208329,4.22,3.51,89.7042,1.91526315789474,0.2968421053,1.2781,0.67,-2.725055866006332
2017-12,0.0126292910198942,0.0144875534401326,0.0154010826491238,0.0164854425302549,0.0171664735997261,0.0173108849653169,0.0175355528238261,0.0177098787259564,0.0183847590032298,0.0189033160228275,0.0201635389849254,0.0210947592496972,0.0219543353388357,0.0227068071441277,0.0232595242787451,0.0235502913754485,0.0237708117959336,1.41,77.7567,1.7576494957315614,4.26,3.55,89.4931,2.19818181818182,0.4745454545,1.3931,0.85,-2.622280896097839
2018-01,0.0139362679289947,0.0158818136712507,0.0169528794881296,0.0181626254530844,0.018622557699562,0.0188329048303789,0.0189761999278585,0.0191321817131212,0.0195598120353136,0.0201587830318166,0.0215118278603992,0.0224773846440614,0.0232630714947442,0.023802135907257,0.0243058861307299,0.0245101452094529,0.0248155509747834,1.42,78.4742,1.8376076958608545,4.51,3.82,87.2176,2.32421052631579,0.659,1.6034,0.98,-2.534404872629018
2018-02,0.0148138167626107,0.0164804219828353,0.016738307757451,0.0188606762491563,0.0201994453379769,0.0206907496429759,0.021118040908942,0.0215373448742681,0.0225878748557081,0.0233724337092339,0.0247240374815466,0.0256967476164841,0.0267240455066113,0.0272773094856242,0.0275569467572036,0.0277269569775283,0.0279119806966383,1.51,78.4626,1.998292058070028,4.64,3.87,84.8615,2.18857142857143,0.5295238095,1.508,0.83,-2.6032121123665
2018-03,0.016146986236723,0.0183436569163762,0.0183484166423673,0.020379899461088,0.0209326604079568,0.0213944913786432,0.0217638051640233,0.0221297966311022,0.0229198451634514,0.0236560258122011,0.0250051401810255,0.0258034185378076,0.0267679771217486,0.0273561267261783,0.0277338708632207,0.0280294955415024,0.0281568104436689,1.69,79.0447,2.0466282276259795,4.67,3.85,86.0611,2.24904761904762,0.48,1.5108,0.78,-2.608519806168684
2018-04,0.0172460974205601,0.0192324971407062,0.0196183964895766,0.0208552346587203,0.0215799788208196,0.0218714295954049,0.0221781177437911,0.0225058859837133,0.0231830593860464,0.0236600545692779,0.0247099243253627,0.0254236047713396,0.0262654237107891,0.0267067052657165,0.0269970641400178,0.0271667469468851,0.0273417048717793,1.7,78.4247,2.2662065367869744,4.83,4.0,86.54,2.37545454545455,0.45,1.5016,0.79,-2.5959754616081194
2018-05,0.0183343870605688,0.0201912536650089,0.0208266480976545,0.0225636520837497,0.0236410049360892,0.0241007927955684,0.0245617831085104,0.0249787965630167,0.0258220252717833,0.0264816085499701,0.0275009008413893,0.0280931126147519,0.0287751869511592,0.0292224967686195,0.029410608071203,0.0295240913370252,0.0296321700457657,1.82,78.9473,2.268307840346395,4.83,3.96,,2.20904761904762,0.3271428571,1.4229,0.75,-2.652998212798713
2018-06,0.0190767928809198,0.0208089901488924,0.0215069076703376,0.0226782017910579,0.0235566240339243,0.0239974306971195,0.0243461011054434,0.0246582224629335,0.0253624183558011,0.0259632439039188,0.0269357576511403,0.0274495056172943,0.0281765088163257,0.0285736091427301,0.0287680070231152,0.0290246288033141,0.0290136476635041,1.91,79.0213,2.338607055900121,4.79,3.87,89.3939,2.18714285714286,0.2745454545,1.3739,0.67,-2.6798596303039397
2018-07,0.0194297557112021,0.0210190850660314,0.0223702146938948,0.0232754341058789,0.0244079019100554,0.0247663692211797,0.025161503495649,0.0254016723558532,0.0259552934351921,0.0263598725881311,0.0271306872281269,0.0274778343797381,0.0280416656975804,0.0282683879486143,0.0284039757940301,0.0285754663767888,0.0286698200847095,1.91,79.2129,2.180411288951989,4.77,3.88,90.0238,2.29545454545455,0.2908695652,1.3991,0.7,-2.6557736130016187
2018-08,0.0201323208630102,0.0219736749608307,0.0231154595041777,0.0242812392757438,0.0252756254324694,0.0257972236322904,0.026453651492617,0.0266628836764949,0.0272953386540421,0.027675613439947,0.0282659561857823,0.0286364282159403,0.0292071810775799,0.0295687241161752,0.029646914727815,0.0298492593817943,0.030132331319537,1.95,79.2511,2.009960159362545,4.88,3.98,91.4788,2.35368421052632,0.3705,1.5023,0.77,-2.614192432784939
2018-09,0.0211407634910945,0.0227958601829563,0.023625628334546,0.0247889190997757,0.0253456316949828,0.0258526366244383,0.0261862477009013,0.0263554999035674,0.026854297757055,0.0270911751849975,0.0275024328520897,0.0276349773539567,0.0280210169503486,0.0283632138710022,0.0284843598296214,0.0288637964903739,0.0289749978430534,2.19,78.9436,2.053098049357893,5.07,4.14,90.1677,2.48863636363636,0.3990909091,1.5462,0.82,-2.579854523526466
2018-10,0.0220164734687355,0.0237879698964014,0.0248549248569237,0.0260614222060089,0.02684991705341,0.027395523639919,0.0278252979928336,0.0280561238489451,0.0284147474387275,0.0287215661978156,0.0292316857447627,0.029475388299057,0.0298816745459137,0.0302484397718037,0.0303230712956416,0.0306786949143041,0.0307524205313376,2.2,78.747,1.9418922274646144,5.22,4.22,90.7481,2.40761904761905,0.3140909091,1.4541,0.76,-2.622934703963609
2018-11,0.0231962299207041,0.0247768798550144,0.0256506467995936,0.026793535765905,0.0274479391146973,0.0278682922709918,0.0281802167409473,0.0282496337584328,0.028585821191096,0.0288752541714263,0.0291920656391953,0.0294386985062494,0.0299755623861284,0.0303788386270934,0.0306579194709404,0.0311418796092815,0.0315061428954184,2.27,79.0103,1.8646908878110715,5.13,4.02,91.9047,2.05789473684211,0.1870588235,1.3125,0.7,-2.715710411963498
2018-12,0.02360426694483,0.0254222425200005,0.0261779195330313,0.0270851297358733,0.0277104875691295,0.0279545279766358,0.0280580093102072,0.0280260718473155,0.0280892781087075,0.028015900208991,0.0280855175404797,0.0281420863091995,0.0285257354432838,0.0287388997840954,0.029025961599596,0.0295688921267585,0.0297523031872193,2.4,78.3218,1.4318323303589953,5.12,3.93,92.4448,1.95363636363636,0.1327272727,1.3221,0.65,-2.743613605095818
2019-01,0.0239794832228692,0.0248397349318325,0.0253883405935981,0.0257686632009906,0.0252797788297233,0.0251460290429457,0.0247689020993839,0.0244491952839387,0.024180275078514,0.0241315830581159,0.0243200846128388,0.0244527878739354,0.0248509961229335,0.0250730692314562,0.025623380444227,0.026074036065182,0.0264492423446009,2.4,77.8923,1.4001735426362627,4.95,3.79,91.211,1.90736842105263,0.0555,1.239,0.55,-2.7842760594703564
2019-02,0.0238917357243142,0.0245393644114024,0.0250032903514279,0.0254997176233127,0.0252719397318792,0.0252366949459834,0.0251222795351235,0.0248916026498539,0.0248993506274135,0.0247592924221773,0.0248754621471049,0.0249252515056682,0.0253605391115013,0.0257120357394023,0.0261599414019442,0.0266382420145299,0.0270697051846388,2.41,77.7067,1.5218076513927814,4.84,3.77,91.1844,1.71238095238095,0.010952381,1.19,0.44,-2.837125126980339
2019-03,0.0243127660018506,0.0249777572110179,0.0249720285994269,0.0253389898490894,0.0255375990095877,0.025569112942703,0.0256341333460884,0.0254280645638303,0.0252761989560815,0.0251999082857153,0.0253893031068138,0.0255117004302339,0.0260688742410224,0.026517255309451,0.026904866265153,0.0273302482710963,0.0276901331656038,2.42,77.2434,1.5663384627478738,4.7,3.69,92.3216,1.72428571428571,-0.0395,1.1906,0.37,-2.8518702699125567
2019-04,0.0238317457615923,0.0242761721346404,0.0239601000022883,0.0237102718545324,0.023902126786722,0.0237756068139225,0.0235206023975544,0.023131271157552,0.0229500540738812,0.0228202432193883,0.0229691129131365,0.0230889092006668,0.0236526950089995,0.0239511622291379,0.0244058059776588,0.0247847614512444,0.0250900152574873,2.39,77.2603,1.4655536045359518,4.63,3.67,92.5432,1.66454545454545,-0.1345454545,1.13,0.3,-2.891063878983714
2019-05,0.0240751364066725,0.0241317484385419,0.0236710074051319,0.0237351503709251,0.0233408426656722,0.0230548933340899,0.0232984103160195,0.0229556497071287,0.0226416368573554,0.0226314484426968,0.0227121789344177,0.0229028320337593,0.0234982699340475,0.0238608475386299,0.0243634708574611,0.0247608108619881,0.0250845039111835,2.38,77.6047,1.4260651383430245,4.46,3.42,92.5139,1.4625,-0.3152631579,0.919,0.08,-2.9994343479705234
2019-06,0.0232408807835399,0.0227023030749196,0.0223671026263628,0.0210246520468817,0.020088228357048,0.0192739336143606,0.0187918307087856,0.0182503978525312,0.0179844489922617,0.017907112784211,0.0181588374577708,0.0182757103388137,0.0191064513448112,0.019534211195783,0.0199810434547411,0.0205501697877094,0.020798791180764,2.4,77.0847,1.4539295260287632,4.28,3.29,92.2459,1.51909090909091,-0.3882608696,0.8304,-0.07,-3.031815507045402
2019-07,0.0211476114195908,0.020686340903665,0.0199295766657132,0.019643244852054,0.0190799423740482,0.0184922269866023,0.0183089266007283,0.0178143827634283,0.0175205342024509,0.0173811459946919,0.0175849781360738,0.0178697819213066,0.0185112995124788,0.0189518207220021,0.0194605861175385,0.0200253009138549,0.0203962147743203,2.13,77.6077,1.4304164057608038,3.87,2.98,91.2641,1.2052380952381,-0.6490909091,0.5776,-0.34,-3.1794919212723527
2019-08,0.0207862863013975,0.0203303263634582,0.0191034985075054,0.0191826741798022,0.0183391014585355,0.0180404014889364,0.0177644562181291,0.0173205763784699,0.0169086460932311,0.0167710051685537,0.0168112203495957,0.0168120919197943,0.0172757707197856,0.0176971849396418,0.0181480867796947,0.0186469228118145,0.0189572590806073,2.04,77.028,1.2839539924622612,3.91,3.03,92.4469,1.364,-0.5947619048,0.5981,-0.27,-3.138142899342879
2019-09,0.0194766113993365,0.0185205600286443,0.0175323252664742,0.0171651289596272,0.0163904984576714,0.0157940879099743,0.0151011128920225,0.0145106519839842,0.0139597726869692,0.013677942255084,0.0135111957342161,0.0133321133188071,0.0138216818504775,0.0139713518549779,0.0140943466976238,0.0144663656431286,0.0146134535044006,1.83,76.426,1.2885618207514993,3.92,3.01,92.3653,1.44954545454545,-0.4695454545,0.6373,-0.16,-3.0883508860528788
2019-10,0.0179862767660493,0.0178244388527957,0.0179503018085704,0.0174572920738086,0.0170210928917723,0.0167063655493547,0.0161746802733672,0.0155394453430565,0.0151657590478221,0.0149242372071827,0.0149887546267146,0.0149460801785363,0.0154524754598659,0.0157189486160241,0.0158444691719481,0.0162501996406159,0.0164007831231214,1.55,77.0781,1.3582773068303575,3.94,3.06,92.5453,1.4995,-0.3523809524,0.765,-0.02,-3.0306222948584347
2019-11,0.0152064026685996,0.0152691933818234,0.0152699205702962,0.0160192776360667,0.0158759444499579,0.0160524720323551,0.0159041037309358,0.0156377201345028,0.015452939286075,0.0153820426566437,0.0153705742308569,0.0154805648761381,0.0160445510791079,0.0162293049576213,0.0164808371686161,0.0169187529287274,0.0171559673781977,1.55,77.2042,1.5637627676458932,3.88,3.01,92.7168,1.6045,-0.2994444444,0.8308,0.04,-2.992628396709955
2019-12,0.0156042513192088,0.0158055397185889,0.0157515856793711,0.0158993316036304,0.016864495337959,0.0165898860626199,0.0164825124349361,0.0161257342808773,0.0159776786075022,0.0160888923912544,0.016321206338167,0.016468889606334,0.0172233398934536,0.0175659995594837,0.017713625708356,0.0181651528679501,0.0182251876696667,1.55,77.0311,1.7944821136310465,3.77,2.94,92.0735,1.49227272727273,-0.3136363636,0.7235,-0.01,-3.0290996550749143
2020-01,0.0152245875615237,0.0155882465573901,0.0150941185154464,0.0155374434633722,0.0161165994557895,0.0160372558948311,0.0159430437510192,0.0157557144317702,0.0158227717935168,0.0159320868752111,0.0164351773811628,0.0166676278364174,0.0173557307744591,0.0179382079826117,0.0182438273596786,0.0186775314020947,0.0188141140076648,1.58,77.2279,1.689097203314005,3.61,2.78,107.71561630743602,1.29473684210526,-0.466,0.633,-0.18,-3.111902998016722
2020-02,0.015553324191484,0.0153956261169504,0.0148977024740868,0.0145581284914261,0.0146469321970669,0.0142708944670054,0.0138759294943373,0.0135895792567124,0.0133438600733303,0.0132208212285873,0.0133459782929854,0.0134834493032749,0.0140555106581136,0.0144470673604758,0.0147450295365978,0.0150588922246416,0.0152734188720767,0.65,73.7382,1.1662090444265472,4.29,3.02,108.94891157593068,0.819090909090909,-0.5413636364,0.4609,-0.05,-3.1948767421720983
2020-03,0.0118353434734792,0.0101552624500107,0.0092761044118568,0.0093238116058496,0.0101380053337967,0.009833250697673,0.0094691759157755,0.0091864066903324,0.009031101492807,0.0090691866592173,0.00940054930186,0.0095068975545292,0.0102287641769401,0.0107520564052015,0.0110757129555479,0.0114375051953831,0.0116964879946691,0.05,62.5589,0.4624613003096023,4.13,2.43,109.82765499515511,0.657142857142857,-0.4495,0.3577,0.06,-3.201590829606466
2020-04,0.0006753907644226,0.0013112356500203,0.0009640894088594,0.0014281701559414,0.0015869521876382,0.0019462990979452,0.0020457113430252,0.0021385097499798,0.0023005066919568,0.0026236971858191,0.003248232934851,0.0036305778492618,0.0044826725584328,0.0049185709824358,0.0052545856342985,0.0057943956309337,0.006040746885978,0.05,65.3028,0.4901629042393773,3.95,2.5,109.42390279384608,0.551,-0.5165,0.2743,-0.03,-3.247670771018282
2020-05,0.0010920949322057,0.0011906789007434,0.001544623339783,0.0016944021835116,0.0019781125893572,0.0020051919178169,0.0020447913277307,0.002026696902743,0.0022860198865844,0.0025435281504974,0.003117103661635,0.0036581184378592,0.0046248188050489,0.0051639306064331,0.0056518437873088,0.0060632349035781,0.0061342809653686,0.08,70.4285,0.7595377063120967,3.64,2.44,106.65447394067262,0.561363636363636,-0.4342857143,0.278,-0.04,-3.23357664106643
2020-06,0.001465391418801,0.0016345709469106,0.0017169502972553,0.0018610064104016,0.0019165298314699,0.0017140916220676,0.0016953278190191,0.0016452793175368,0.0018062730517279,0.0020149315057965,0.0025654512049293,0.0031808412018406,0.0042946765264432,0.0050622953016806,0.0056326180051129,0.0062186119788943,0.0066160834189443,0.09,73.0801,0.9225840072571544,3.31,2.14,105.18812946045756,0.516363636363636,-0.5230434783,0.2094,-0.15,-3.275381356197227
2020-07,0.0015618196792029,0.0015972476105431,0.0015735323044025,0.0016537857532694,0.0016679809337879,0.001662133546506,0.0016899334618142,0.0017021685663933,0.0018021172939952,0.0018964115739556,0.0025055700968895,0.0032181647641576,0.0043074836402746,0.0051627605325054,0.0058007655248811,0.0063061967148647,0.0067989984485149,0.1,74.3046,1.157519050834388,3.27,2.25,102.66740887014458,0.5635,-0.5233333333,0.2717,-0.17,-3.2638348356352
2020-08,0.0009246462244718,0.0010397658698099,0.0010840394632033,0.0011778042487209,0.001520155601005,0.0011489290035214,0.0011568360180428,0.0010994828743149,0.0011591513244415,0.0012268645529943,0.001712911159912,0.0023191969092938,0.0032718596591323,0.0040179881376105,0.0046798960900156,0.0051013759620662,0.0055613827029197,0.09,74.4348,1.27635371578958,3.36,2.31,102.99073927794412,0.55952380952381,-0.5240909091,0.273,-0.21,-3.269050118893318
2020-09,0.0009758629944964,0.0011367470204659,0.0010618882809068,0.0014019863753943,0.0013679219763694,0.0013754059172942,0.0015245597468431,0.0013656197669015,0.001391826695552,0.0015016747928915,0.0020614671453599,0.002624254419493,0.00368733141789,0.004668184837479,0.0055204983929981,0.0060961180866965,0.0067904482988825,0.09,75.295,1.187486166844698,3.44,2.35,102.97024718632876,0.602857142857143,-0.6072727273,0.3058,-0.3,-3.283303658058023
2020-10,0.0009100579276358,0.0010447502714323,0.0009642027156573,0.0012429605585042,0.0012433714172338,0.0013787248959701,0.0013042588288576,0.001331889904496,0.001456344329419,0.0016658218440431,0.0020911876450646,0.002787857493619,0.0037389687715196,0.0046782416350331,0.0054919311539774,0.0061088110275473,0.0068550119140272,0.09,75.7534,1.186264708144269,3.3,2.3,102.102329777769,0.6885,-0.6147619048,0.3836,-0.32,-3.2657831584314985
2020-11,0.0007565703860759,0.0010565337677556,0.0010314005148519,0.0013833285380689,0.0015963432478656,0.0014228732953042,0.0015891446926749,0.001565077633835,0.0017614114391904,0.0019526643819317,0.0028922580396436,0.0038413497328884,0.0051078650452936,0.0062627644875776,0.0071738423093259,0.0078861841639391,0.0086197156353391,0.09,76.3888,1.334522131784066,3.16,2.26,99.83080075436403,0.730952380952381,-0.6185,0.3224,-0.34,-3.2702504623355577
2020-12,0.000819677150123,0.000928740773873,0.0009418880172233,0.00108991214663,0.00142189769635,0.0015326820611776,0.0016792538457492,0.0016985971394689,0.0019634352751673,0.0021692519628336,0.0032514905836739,0.0043160522684357,0.0057005359403432,0.0068877788646892,0.0079267272914845,0.008629109947474,0.0093724339605308,0.09,77.1897,1.5857976839888988,3.24,2.45,99.36605558225632,0.8055,-0.5835,0.3672,-0.31,-3.245407464143845
2021-01,0.0008485355940573,0.0008535200939469,0.0008354246733989,0.0010339142337412,0.0010775930886741,0.0010909299026043,0.0011409288231419,0.0011889664822024,0.0013241481207896,0.0015579039286113,0.0024335426831819,0.0035422160248486,0.0048926635206066,0.0064118697991315,0.0076297088921034,0.0084231508192327,0.0092743641505256,0.08,74.1452,1.8427318715156016,3.42,2.7,99.67865664020066,1.09947368421053,-0.4455,0.6222,-0.15,-3.1331503515337764
2021-02,0.0007987485325029,0.0006763523688116,0.0008006979764277,0.0008399487160508,0.0010151317721133,0.0010635025265854,0.0011058261818523,0.0011422899312188,0.0014475419877217,0.001759234390125,0.0029617077452765,0.0043617706465326,0.0060134119209677,0.0077532473862435,0.0091606895864609,0.0102394595141814,0.010960858414544,0.07,76.4953,2.669006722866385,3.74,3.04,100.68112589559357,1.49652173913043,-0.3647826087,0.8456,-0.07,-3.0292655651818152
2021-03,0.0003769989099275,0.0005748622829138,0.0005976747127446,0.0007882361031309,0.0012747185952241,0.0011926225939542,0.0013816511302509,0.0013715906596704,0.0018466516927882,0.0027276033997498,0.0049308209898256,0.0070545684044252,0.0091608920640144,0.0111146725561628,0.0125923116242949,0.0136488184229885,0.0144396057619439,0.07,76.6806,3.640285829850343,3.6,2.9,100.28752307928268,1.51619047619048,-0.325,0.8515,-0.01,-3.0123189962115613
2021-04,0.0001838995067145,0.0003229716579005,0.0003830717048376,0.0008029913795238,0.001180548570412,0.0013104974653396,0.0015746599573616,0.0016933937780769,0.0024299429630302,0.0035983364261176,0.0065276062549235,0.0091772115234179,0.0117072059911652,0.0138155927613654,0.0153124013200747,0.0163035665686508,0.0170238238643099,0.06,77.5331,4.07246348925363,3.62,2.96,98.5128306167416,1.524,-0.2235,0.9058,0.21,-2.9623308601553213
2021-05,0.0001670927857245,0.0003130053340822,0.0002536699624728,0.0006255254655685,0.0007799240725045,0.0011067008670478,0.0013690734186029,0.0016419122445761,0.0023380921541184,0.0032993218509104,0.0059079285756567,0.0084351240505084,0.010884753732109,0.0130288773658656,0.0144964878443514,0.015570909390627,0.0164057876196367,0.08,77.5677,4.306128320705871,3.44,2.79,99.28370057255673,1.425,-0.2886363636,0.8549,0.15,-2.999702825060216
2021-06,0.0002338368350617,0.000290657038901,0.0002336804953711,0.0006813296862289,0.0008867328351641,0.0011240928954106,0.0013018398392746,0.0015280927877384,0.0021274943713322,0.0031251860941134,0.0056503197271226,0.0081851625849432,0.0106558021787685,0.0129177286764428,0.0144726133226981,0.0155310715020827,0.016451246474912,0.1,78.295,4.473216164011551,3.24,2.57,101.09290094409164,1.25142857142857,-0.4513636364,0.6979,-0.01,-3.0877023235265058
2021-07,0.000421709006609,0.0003551356951335,0.00047102707997,0.0009205179566977,0.0013069820129182,0.0018150801288832,0.0022262857125638,0.0025112049457053,0.0035999028322011,0.0046372434187355,0.0069381968276466,0.0089833724476975,0.0107356447785689,0.0124684299696377,0.0134768667006774,0.0142804872918052,0.0148954164489868,0.09,77.9251,4.580909697720981,3.24,2.55,101.4337269584119,1.19190476190476,-0.5386363636,0.644,-0.12,-3.129497257948835
2021-08,0.0004163179192795,0.0004987480981198,0.0005723017732599,0.0007282474639448,0.0009359402884928,0.0011620701491192,0.0014367666417501,0.0016069819514354,0.0023302996452544,0.0031967149207896,0.0051908178298298,0.0066033483962622,0.0080599421404661,0.0096443066150363,0.0105201182206919,0.0114252996778543,0.0121556228230715,0.08,77.0224,4.737428253233955,3.23,2.53,101.73492204083443,1.263,-0.3627272727,0.8023,0.04,-3.053268630573013
2021-09,0.0005247642775841,0.0004058745140717,0.0004816779519937,0.0007260939898771,0.0012256256699749,0.0016376318170642,0.0018325210052635,0.0021968453711435,0.0030759341853848,0.0040678273038057,0.0063170115684996,0.0078164807761632,0.0094219232598509,0.0108877705498775,0.0116261094539222,0.0125330514645869,0.0131706926613171,0.08,78.1049,5.336135652537788,3.35,2.68,102.07845455782088,1.597,-0.2042857143,1.083,0.2,-2.929099802261415
2021-10,0.0003418023815546,0.0005191356570366,0.0005870256929437,0.0008201573934229,0.0012518440855745,0.0016841815139356,0.0020679640751909,0.002679236983928,0.0038268187237386,0.0048950648563449,0.0075143697151051,0.0093945866328128,0.011120423375977,0.0127233300139111,0.0134435124179531,0.0142186461813664,0.0148608463139244,0.08,78.5506,5.93019057933839,3.28,2.62,103.36781309582936,1.68571428571429,-0.3136363636,0.9394,0.1,-2.9637127309976603
2021-11,0.000500347776269,0.0006591353667328,0.0011322041142347,0.0021456455035351,0.0026095906594276,0.0036110091308237,0.0043054960943516,0.0050781100578887,0.0065648780631522,0.0076468325938173,0.010335955675661,0.011845082334277,0.013412121748851,0.0145495995664722,0.0146768831140045,0.0152541688437417,0.015704055045549,0.08,78.4351,6.141969176624196,3.3,2.65,104.52203982214763,1.45,-0.3842857143,0.8375,0.05,-3.025701599502135
2021-12,0.0005089098784516,0.0010121218352823,0.0016106289846202,0.0023917519259933,0.0032679504651068,0.004209741255168,0.0049448273410711,0.0055653517598176,0.0071878825426662,0.0084920094966349,0.0105518688634008,0.0113685790580133,0.0124974442674199,0.0134316196699029,0.0133301486367113,0.0136415719919697,0.0141442010702799,0.08,77.7378,6.272433512016362,3.58,2.93,103.9588939459622,1.759,-0.1147619048,1.2051,0.31,-2.8646847308206955
2022-01,0.0009658754677822,0.0021648628529523,0.00277056679435,0.0040691452521816,0.0052296966383347,0.0061987460475633,0.0070128782730334,0.0077329165346999,0.0091388107292511,0.0102835477851206,0.0123014286859175,0.0135573662349404,0.0146679545639341,0.0155492113365124,0.0154337380339971,0.015743785903668,0.0163978305424136,0.08,78.1748,6.545539906103293,3.97,3.25,104.14312944888177,1.87947368421053,0.15,1.4891,0.68,-2.727434104267775
2022-02,0.0019051760915225,0.0047647048284652,0.0058234676363859,0.0078044730059018,0.0090235224367137,0.0100730084094866,0.0108752467449838,0.0115590187993803,0.0127707470882911,0.0138693389542662,0.0155139179182821,0.0162213626203347,0.0171355744602003,0.0175889764830461,0.0174907394492242,0.017517322972166,0.0179379490883753,0.2,78.5575,6.926410970164576,4.29,3.43,105.91888518032744,2.13217391304348,0.2817391304,1.5457,0.78,-2.6527082631834635
2022-03,0.0032559180271816,0.0059455122970291,0.0053365871081902,0.0095064643357938,0.0111152898732551,0.0121518577552192,0.0130234353476576,0.0135065918200047,0.0144452851700619,0.0151854368795027,0.0159350620681044,0.0160111212153672,0.0166126987797708,0.0168671064221073,0.016773891654198,0.0169271656012136,0.017325681059562,0.33,78.4892,6.684755338326309,4.66,3.76,107.77312948909244,2.704,0.7463157895,1.8362,1.28,-2.404829551634682
2022-04,0.0054231644266242,0.0107016500676534,0.0128494764329125,0.0174215719404834,0.0206889488612032,0.0224614360308243,0.0236993866824517,0.0246270141179961,0.0259049206085581,0.0263419866706816,0.0265873907321908,0.0254340901409219,0.0252635054151439,0.0248172919575126,0.0240585385720456,0.0237003573105257,0.0235794815957257,0.77,78.1251,6.794545874740021,5.12,4.13,110.4029801333384,2.91857142857143,0.9527272727,1.9069,1.52,-2.3050220335560385
2022-05,0.0087915385961315,0.0139825247150421,0.0161610263509353,0.0210247680331928,0.0234751139775746,0.0253885405117398,0.0261086288445483,0.0271475787485902,0.0287734564613856,0.0294435635551508,0.0298647937388944,0.0299943064728575,0.0303580518387699,0.0301941856689773,0.0296581122477509,0.029668938280784,0.0295628219618883,1.21,77.6834,7.243471864656126,5.27,4.24,110.79136326593589,3.31545454545455,1.445,2.3824,2.06,-2.049773631267846
2022-06,0.0111029027448751,0.0161445566566224,0.0179637647600014,0.0215393928433794,0.0224051838870736,0.0238550495541147,0.0251300791231121,0.0262106457731158,0.0275162917062306,0.0283430043853622,0.02910885639463,0.0291775354630728,0.0296786706001876,0.0293585046789442,0.0289035936065389,0.0289289319232212,0.0288848214811338,1.68,77.7019,6.750201361938935,5.21,4.06,113.55953552858576,3.04315789473684,1.0819047619,2.1454,1.71,-2.215921627047593
2022-07,0.0168958532833796,0.024505100725821,0.0245333615909112,0.0275508127896368,0.0281018205246839,0.0282937031387233,0.0283747627515025,0.0281794246674228,0.0286088854230197,0.0284194136235032,0.0287322699665358,0.0287556037396453,0.0292700764483417,0.0290019133362122,0.0285208351177185,0.0285137744284541,0.0285905382447994,2.33,77.654,6.6396775899483895,5.15,4.07,113.430976651942,2.85909090909091,1.0343478261,2.3278,1.69,-2.229436739428876
2022-08,0.0239179140063524,0.0289002223714378,0.0282116579803608,0.0292345453980982,0.0296501513524733,0.0296697996263064,0.0291619440612476,0.0284743042860778,0.0281892397958408,0.0278281246044926,0.0269387383777763,0.0262305459673402,0.0263757651046031,0.0259412048345062,0.0254254540321157,0.0253093949988322,0.0254722512532199,2.56,77.6645,6.667939000672507,5.69,4.59,117.25265507740424,3.14789473684211,1.7954545455,3.5007,2.41,-1.8404300166985328
2022-09,0.0293655712864435,0.0335809100308782,0.0323600001089092,0.0354619654832136,0.0347367751412759,0.0348913196683615,0.0348427012433526,0.0345682208169728,0.0351123752567171,0.0351270972037728,0.0346555409392615,0.0337893955194781,0.0340571970665314,0.0332580349513487,0.0326060197615625,0.0322824154882852,0.0320896038517378,3.08,77.8544,6.461602354598139,6.26,5.1,118.97640729333536,3.38052631578947,2.1866666667,4.1096,2.77,-1.6293784292310702
2022-10,0.0324361401667043,0.0392900567461981,0.0379417066109099,0.0411328743292744,0.0420060852427354,0.0420018310718341,0.0417592706754257,0.040897638718301,0.0410376050363768,0.0406873569870924,0.03974168913504,0.0384304878311901,0.0383958478872562,0.0369815768278734,0.0360890883756683,0.0361359110720154,0.0357632682496749,3.78,77.2186,6.030493273542614,6.07,4.9,115.6134810697914,3.16619047619048,2.0663636364,3.4171,2.58,-1.783796777556681
2022-11,0.0406032697833993,0.0453472278458274,0.0438277591690598,0.0468171039858898,0.0463653889694005,0.0466465003605266,0.0461269487410423,0.0450596058625231,0.0447037798727236,0.0444396513721527,0.0434062070985237,0.0422977580857798,0.042152527938835,0.0409235454713675,0.0396350459736784,0.0399829799168054,0.0397898442349945,4.1,75.8688,5.520050627946982,5.59,4.43,112.60259351447048,2.9415,2.0852380952,3.5015,2.62,-1.7967607264235022
2022-12,0.0429292404903244,0.0460784189834675,0.0451622178211075,0.046018828971259,0.0448492397813474,0.0444419030432633,0.0433187460434671,0.0418818471245002,0.0403029391901068,0.0389915330304537,0.0376732003119032,0.0363716588293313,0.0361885492540417,0.0353253303512488,0.0342200009474423,0.0346220806355759,0.0344224848016116,4.33,77.1602,5.507734586232882,5.5,4.4,110.81465852102696,2.93761904761905,2.1927272727,3.5115,2.69,-1.7703444833439503
2023-01,0.0439701352872812,0.0473599221590222,0.0448348269144133,0.0466616192574601,0.0462195009411067,0.0455880616010963,0.0441879969124983,0.0431891170839827,0.0415333348467521,0.0407096084404432,0.0393853806580712,0.0385585980517864,0.0381067280488706,0.0377349065606844,0.0367871544955385,0.036789474836617,0.036729036124795,4.57,77.1498,5.197803844154003,5.59,4.56,111.6344388464524,3.17421052631579,2.3705,3.5553,2.87,-1.6824587460433302
2023-02,0.0462603939746268,0.0475018776990777,0.0464060614659703,0.046231810298476,0.0459168955227875,0.0442373013354839,0.0422303058612986,0.0405438274150455,0.0384367116080736,0.0373027632240288,0.0358807610015838,0.0348104407985195,0.0345860254156612,0.0341269293073418,0.0331917888777334,0.0334912131163023,0.0336353860692954,4.65,76.6104,4.428273156924578,5.71,4.6,112.21827013587225,2.99347826086957,2.3834782609,3.5638,2.92,-1.6982714505802785
2023-03,0.0481203850295184,0.0506713303808672,0.0485062949866351,0.0510730141021654,0.0511413409187811,0.050565856697192,0.0493801868300323,0.0482017625980943,0.046318123698657,0.0451326681214812,0.0433690128734084,0.0419646734207887,0.0414774386972936,0.0408761103890335,0.0394805985793038,0.0394236913852966,0.0391463077541386,4.83,77.2433,4.476012960317743,5.53,4.47,110.1761172134264,2.91611111111111,2.3594444444,3.6503,2.9,-1.7047950721088765
2023-04,0.0476591847610801,0.047556894288175,0.0437961808298344,0.0453225225347733,0.0434447841855191,0.041947698665671,0.0407146230442699,0.0392201710886971,0.0376709295501264,0.036623208280919,0.0357370241153364,0.0347183926837736,0.0348684312987232,0.0341675424623991,0.0335500190793535,0.0338541530106759,0.0336108602235146,5.06,77.0575,4.003462454014284,5.77,4.67,110.961969594715,3.04545454545455,2.3422727273,3.9621,2.94,-1.6477403402752595
2023-05,0.0509194592558044,0.0497650725363258,0.0469481206486331,0.0480635122702571,0.046095236637371,0.0440652985787142,0.0424632385552784,0.041080294358834,0.0392159928259189,0.0380952531666372,0.0368434690026648,0.0360149936949883,0.0361367320169681,0.0355104057922443,0.0347620432525415,0.0351774529022236,0.0351496194293582,5.08,76.4881,3.284521339529123,5.75,4.65,110.80808558598052,3.33818181818182,2.3763636364,4.3659,2.93,-1.5547329072034266
2023-06,0.0529872094926546,0.0533904154372961,0.0497899735438599,0.0509111918928474,0.0482924909196409,0.0465151162272346,0.0447403241564462,0.0429282615791812,0.0405011403198584,0.0393262517397297,0.0379603784084612,0.036658292862286,0.0365963039461444,0.0358730955129951,0.0354324518959445,0.0356387851496021,0.0353935500962583,5.12,76.7273,3.40904219289897,5.74,4.66,109.16697836217756,3.452,2.4566666667,4.4372,3.04,-1.5045301965911493
2023-07,0.0528311364278272,0.0539515564099401,0.0530683128240007,0.0533107368241502,0.0529384941989037,0.0520504817918775,0.0503585792361684,0.0487328658307189,0.0463094631966362,0.0446468119493452,0.0430097294424029,0.0413515131239226,0.0406371563483606,0.0394119469658111,0.0383662131185879,0.0381346359131881,0.0376578320772674,5.33,76.6542,3.43205991996991,6.02,4.95,111.11508031697346,3.65409090909091,2.5456521739,4.5298,3.11,-1.4429349181087257
2023-08,0.0537383413152398,0.0540710776326153,0.0529573969915756,0.0528715622512144,0.0524163707325228,0.0511567765567366,0.0499197150811084,0.0485229790418657,0.0464793324148073,0.0448837074578421,0.0430240213420591,0.0415980692319881,0.0412114311257764,0.0404404274985984,0.0398661531022054,0.0398124477895213,0.0394243851739851,5.33,76.672,3.4488928270185903,6.16,5.13,113.0370838532026,3.816,2.6614285714,4.4199,3.24,-1.3997200308172033
2023-09,0.0540805165051986,0.0541744182778068,0.0533710393089562,0.052783137484931,0.0515006363220383,0.0503849823497255,0.0492517405753378,0.0480931170352853,0.0461650185873093,0.0448895004938661,0.0436461281595608,0.0424150408650121,0.0423874613193826,0.0419005394392971,0.0413269178604651,0.0414681424288599,0.0410525512608339,5.33,76.2599,3.0232617305099296,6.63,5.61,114.32837560740124,4.062,2.8231818182,4.5695,3.45,-1.2969413010101962
2023-10,0.0546094700982909,0.0548823681812914,0.0541970057215022,0.0541574939657651,0.0531513632641023,0.0524884265456142,0.0513841733362553,0.0503753883206583,0.0489510595728746,0.0478562047935559,0.0472337459248461,0.0465661457194459,0.0469685343001437,0.0464613468237651,0.0463846816445349,0.0464712694390127,0.0460434325610282,5.33,76.5305,2.7650899986466198,6.29,5.28,112.71906978992592,3.71095238095238,2.6013636364,4.2721,3.19,-1.4475394026870796
2023-11,0.0541914471765053,0.0544568934107111,0.0533487872190633,0.0528751491233108,0.0516320249146366,0.0508233235741766,0.0495664558385792,0.0487748521231883,0.0476870814420679,0.0468370020576268,0.0463318635104544,0.046102104483865,0.0468270525433727,0.0466174412319311,0.046655028360026,0.046910266582577,0.0467595337954906,5.33,76.4545,2.7672658467360334,5.64,4.74,110.68580966195468,3.23421052631579,2.1021052632,3.8622,2.65,-1.707029778860783
2023-12,0.0534391240863951,0.0530238501887653,0.0504629827280187,0.0501247740249889,0.0485251479851801,0.0472046908334027,0.0457200191363596,0.0446264533167385,0.0431452532868856,0.0423272117748452,0.0414821844578757,0.0408700921878079,0.0414586451698882,0.0414526617295131,0.0415681770934717,0.0417373352070242,0.0414285680671681,5.33,75.2859,2.6987514493606035,5.68,4.87,110.8823210876816,3.34636363636364,2.1745454545,3.9319,2.74,-1.6608801591405014
2024-01,0.0534547519078959,0.0517788884166342,0.0483517152179295,0.0472682373413283,0.0457344040655943,0.0445357448417946,0.0437342445922361,0.042551503144879,0.0409233750604218,0.0401356095726058,0.0392721177694858,0.0387651823971813,0.0390445202966666,0.0388188959182076,0.0389813720085851,0.038935217027931,0.0387503447667107,5.33,76.2145,2.705057426970159,5.77,5.03,112.04805045033112,3.504,2.3319047619,4.123,2.85,-1.5777326054504426
2024-02,0.0531993091723733,0.0510201979939925,0.0476649457451706,0.046263264320361,0.0452109264906972,0.0433306136593299,0.0423108685800156,0.0413997541937631,0.0400707276252924,0.0391608444488348,0.0382199659877501,0.0377095251612746,0.0379796352990094,0.0379603487136698,0.0382409092824412,0.0383557596543418,0.0383045750113372,5.33,76.2676,2.927939232712617,5.75,5.01,111.7911260186626,3.444,2.3495,4.033,2.82,-1.5974232057774151
2024-03,0.0534284644944264,0.0521137700248964,0.0500635934044596,0.0488100613398537,0.0479013638814706,0.0467142009891073,0.0455535988115572,0.0446774211160584,0.0431546502183559,0.0425873240890859,0.0417630473477009,0.0411378431040563,0.0413865167031554,0.0413566302783255,0.0415377071096958,0.0415007475096811,0.0412547913250035,5.33,75.805,2.826154012888593,6.0,5.28,113.48607331336076,3.69590909090909,2.4457142857,4.2172,2.97,-1.5074203632541652
2024-04,0.0536289533459932,0.0523578419764196,0.0503117479355336,0.0499684265679617,0.0490714215422002,0.0480574668777049,0.0473133695411434,0.046426448630596,0.0451879389225312,0.0444702134880951,0.0434833916229357,0.04271406951633,0.0427770718249469,0.0425818898945811,0.0426435161683873,0.0426549628725576,0.0424311572371886,5.33,76.1923,2.6616729088639213,5.95,5.25,113.04501003958217,3.64181818181818,2.5195454545,4.2229,3.03,-1.495078521091987
2024-05,0.0537455560716125,0.0531238526676875,0.0530681201779524,0.051338346381253,0.0509291431508221,0.0502066488457645,0.0497158729845253,0.0490451960026119,0.0481593645306512,0.0474980633041835,0.0466944793627078,0.0459568255776105,0.0459048400265199,0.0457111105314736,0.0458418528335945,0.0457653839473517,0.0454869191028092,5.33,76.006,2.548373440470164,5.82,5.13,113.25495731783047,3.3915,2.4845,4.1644,3.15,-1.528083922373263
2024-06,0.0537086263130694,0.0530184130553689,0.0516065749874957,0.0512558232101106,0.0502892404233568,0.0496505449191397,0.04830662625708,0.0480102927806346,0.0468414108871466,0.0458533464810091,0.0452049019603764,0.0440526984988967,0.0445281414723465,0.0432676761642474,0.0446330229539521,0.044579232329372,0.0443615835512408,5.33,75.3409,2.594376777467322,5.84,5.12,112.71858648587838,3.40772727272727,2.4582608696,4.1386,3.14,-1.5344014020072654
2024-07,0.0527864165971974,0.0524941691878445,0.0511397433377734,0.0505034452824563,0.0496082257955857,0.0485145452870402,0.0477470840674651,0.0469124763810389,0.0457648400768663,0.0451236273175249,0.0443662024587513,0.043759107787535,0.0439014280944252,0.0437369404439778,0.0440214878213127,0.044208754517232,0.0440048375757804,5.33,75.6471,2.412994957427461,5.6,4.87,110.61679384396696,3.0715,2.2077272727,3.9444,2.94,-1.668218448335391
2024-08,0.0521423795310748,0.0495938126848858,0.046564974628106,0.0466678156639128,0.0444498631691942,0.0434921657556702,0.0419957114936443,0.0409848013747207,0.0397590554985757,0.0390818449070227,0.0382794542666851,0.0379104660535536,0.0383208224552403,0.0383914337610354,0.0390066425911863,0.0393769181606655,0.0393692629390294,5.13,75.1957,2.260766436883843,5.42,4.68,109.356916852858,2.94444444444444,2.1671428571,3.9053,2.9,-1.701675946384267
2024-09,0.0498398119813955,0.0467008999523512,0.0441446817658016,0.0429053207579938,0.0413255543914003,0.040197070778124,0.0391193269332952,0.0382927090322991,0.0374023929193193,0.0368800363247345,0.0364642252519274,0.0362261630001746,0.0367113005896005,0.0369731749581127,0.0374220662718236,0.0379658508912647,0.0381058028188918,4.83,74.6339,2.4776925356425616,5.63,4.95,111.5860117808896,3.18636363636364,2.2295652174,4.1993,2.99,-1.6124405807630302
2024-10,0.0453318104748831,0.0428512511535929,0.0396511685575729,0.0389020257716621,0.037738415301844,0.03695411119461,0.036283958230585,0.0356572774854968,0.0351507983447382,0.0348744521260528,0.0349550408407219,0.0349350730159219,0.0354923492078814,0.0357682351302666,0.0363904312320757,0.037021247495076,0.037206234550274,4.64,74.7343,2.5878034125423,5.78,5.14,114.14993975305204,3.2785,2.3057142857,4.4164,3.09,-1.549586295807351
2024-11,0.0434503164341516,0.0432082999418567,0.0421174279829582,0.0420921188969321,0.0422363937773944,0.042144644492992,0.0417917791653182,0.0415157341314559,0.0414449828481334,0.0414174102131301,0.0418259321298303,0.0418290047651656,0.0423447728466843,0.0426689356617632,0.0428862474839445,0.043343169914605,0.0433223258578185,4.48,74.9627,2.7280946901200087,5.8,5.2,115.70569548206068,3.1615,2.1788888889,4.4345,3.01,-1.5935643121004888
2024-12,0.0439878166800743,0.0433680122559557,0.0426601748979447,0.0424801936753229,0.0427267988647926,0.0422370304066425,0.0417603948381309,0.0414307632920388,0.0411498678154056,0.0408924314581667,0.0408089365918957,0.0405319970061696,0.0408942363160813,0.0409346613146219,0.0410913156318446,0.0415140343899673,0.0415071091092753,4.33,74.6327,2.607379530393517,6.08,5.46,117.27324382982916,3.28863636363636,2.4836363636,4.6627,3.32,-1.4626231868292738
2025-01,0.0424403030464725,0.0420393255387505,0.0413632717494271,0.0412100901051433,0.0421415178758612,0.0421179157581107,0.0420631033642674,0.0420251625116664,0.0422553403504242,0.0424994837600953,0.0431062500873863,0.04341420454549,0.0440263446457039,0.0444736373614487,0.0447324531700392,0.0453126922076147,0.0453750164507683,4.33,75.523,2.710484673485713,5.92,5.32,116.10287474832327,3.05631578947368,2.4055,4.5063,3.15,-1.5460058156727632
2025-02,0.0422932049781966,0.0423703786537966,0.0414860151174771,0.0417106746266775,0.042266923685306,0.0421194938013176,0.0420789880385716,0.0421113921114807,0.0422330744461799,0.042400190442462,0.0428206257212151,0.0431304061424783,0.0436679125713337,0.0441319335031234,0.0445146984268183,0.0449229569195909,0.0448871790377621,4.33,75.785,2.3594336708984365,5.93,5.29,113.57432463244028,3.01047619047619,2.7414285714,4.6448,3.43,-1.4480223976177904
2025-03,0.0422564299261982,0.0419205112521587,0.0402255426667841,0.0402606829033247,0.0399612348795526,0.0394929121407817,0.0393138418866844,0.0391294322163589,0.0389815529917425,0.038953664584105,0.0392340844155588,0.0392745791106559,0.0399140042562252,0.0402332039316287,0.0406846825966571,0.0411881556465519,0.0413400713064485,4.33,75.6285,2.2774259978433964,6.18,5.45,109.96839313379674,3.10857142857143,2.5105,4.5762,3.26,-1.5004008578446513
2025-04,0.0423373244021094,0.0414626553612907,0.0397561718363455,0.0398418786048109,0.0395312020817722,0.0388936153397701,0.0386925111277491,0.0384041001713469,0.0381930109438227,0.0381834032895572,0.0385416330027503,0.0388766357504165,0.0395964686137757,0.040095735744388,0.0407371833941544,0.0413223268766217,0.0415160704436273,4.33,75.468,2.458086065440868,6.29,5.54,109.29602054286886,3.22142857142857,2.5628571429,4.6004,3.26,-1.473462528001772
2025-05,0.0422402144423356,0.0413107574583944,0.0394561143924021,0.0388829642963682,0.0383801443108786,0.0375639849259864,0.0371101265269405,0.0366643042223729,0.0364767118300511,0.03653239897271,0.037133701965119,0.0377760516036389,0.0389517649360556,0.0398368560931181,0.0408471022964247,0.0418489354467062,0.0422137334642144,4.33,75.6385,2.5935129797068024,6.15,5.46,107.4337533869148,3.314,2.519047619,4.5248,3.24,-1.4793047120776013
2025-06,0.0426811809899932,0.0420566654750608,0.0410543629015161,0.0409693708341964,0.0404076845813319,0.0399048002437136,0.0394987215523035,0.0390387500420529,0.0387140344969438,0.038660339834194,0.0392229913373916,0.0398196194297763,0.041084868723628,0.0419648164455584,0.0429181622608005,0.0439545806615821,0.0445133442790065,4.33,75.9194,2.605547294239341,6.1,5.45,107.10443000892585,3.48045454545455,2.6313043478,4.5924,3.36,-1.4159313979831194
2025-07,0.0425294634708848,0.0416183352041372,0.0398896507713305,0.0395959335350077,0.0390987762581684,0.0383815251411465,0.0379146894438421,0.0374661649091585,0.0371980967880971,0.0371900814972361,0.0376249101090573,0.0381500498311114,0.0391576400230256,0.0400613850993322,0.0409785406339296,0.0419809336574262,0.042527793848345,4.33,75.8608,2.7476208541517,6.0,5.35,107.52964090994531,3.4225,2.6733333333,4.6369,3.42,-1.40465222079272
2025-08,0.0412367883139402,0.0400797065822311,0.0388823432350451,0.0385463296914588,0.0380719719630444,0.0373598280232574,0.0368310031346964,0.0364125635918622,0.0361648746173377,0.0361613101419831,0.036654093231441,0.0373173006693314,0.0384810290539931,0.039469944988788,0.0405333022260846,0.0416215501214957,0.0421857075739368,4.22,75.798,2.787442414870656,5.83,5.21,107.07823492954954,3.2245,2.6931818182,4.6885,3.51,-1.4118473271321894
2025-09,0.0402857942457354,0.0392628360405276,0.0380216216651985,0.0375373290280039,0.0375947191940985,0.0371045179635358,0.0365460239327531,0.0360962922752696,0.0358354198317536,0.0358704349790908,0.0363770804480965,0.0371108260758036,0.0384178697584814,0.0395676730627719,0.0407446466251691,0.0420063880230264,0.042940127798448,4.09,75.1411,2.7125805259691216,5.74,5.13,108.20529996839645,3.12818181818182,2.617826087,4.5721,3.44,-1.4595460563356373
2025-10,0.0387564411321265,0.0375709247452569,0.0359795861921455,0.035777574752331,0.0359114059220977,0.0356422303491187,0.0353598789755985,0.0350941236300536,0.0351006582730296,0.0352868602703862,0.0359568398747948,0.0366114372238424,0.037684066816652,0.0386447521554217,0.0394917632493502,0.04053286693019,0.0410910153850166,3.88,75.0295,2.8201898312699925,5.86,5.26,109.23193442616598,3.18428571428571,2.6575,4.4985,3.44,-1.4541974153332446
2025-11,0.0380505235199754,0.0373906460258998,0.036626196945166,0.0363636205882535,0.0364011028507862,0.0361065875856294,0.0357922941304982,0.035575114081005,0.0356525732324831,0.0357844941088192,0.0362719410805751,0.0368641454666931,0.0378994796026186,0.0388032256491823,0.0396023132980458,0.040576325504552,0.0409090129838273,3.72,74.9116,2.878083518031027,5.9,5.31,107.78453546461422,3.42266666666667,2.8142105263,4.4826,3.56,-1.3837100200156156
2025-12,0.0372240468965424,0.0367204068161649,0.0356548876411417,0.0357343891156496,0.0358701880155371,0.0355468212498889,0.0352574395428907,0.0350696124770969,0.0349922914196601,0.0352190498203385,0.03590872781651,0.0365240290504589,0.0375652456147262,0.0384891381046244,0.0393250778380799,0.0403267706716349,0.0409654885114737,3.64,75.311,2.828962580830341,5.88,5.34,107.37353370259218,3.39611111111111,2.8066666667,4.451,3.53,-1.3959024875190142
